key	text	tooltip
#Loc;1;text/db/derpy_chd_zharr_exchange.loc
pooled_resources_display_name_derpy_chd_ex_hold_animals	Exotic Animals	false
pooled_resources_display_name_derpy_chd_ex_hold_dyes	Dyes	false
pooled_resources_display_name_derpy_chd_ex_hold_gems	Gemstones	false
pooled_resources_display_name_derpy_chd_ex_hold_gold_idols	Golden Idols	false
pooled_resources_display_name_derpy_chd_ex_hold_ivory	Tusks	false
pooled_resources_display_name_derpy_chd_ex_hold_medicine	Medicinal Plants	false
pooled_resources_display_name_derpy_chd_ex_hold_obsidian	Carved Obsidian	false
pooled_resources_display_name_derpy_chd_ex_hold_rom_furs	Furs	false
pooled_resources_display_name_derpy_chd_ex_hold_rom_glass	Dwarf Beer	false
pooled_resources_display_name_derpy_chd_ex_hold_rom_iron	Iron	false
pooled_resources_display_name_derpy_chd_ex_hold_rom_lead	Salt	false
pooled_resources_display_name_derpy_chd_ex_hold_rom_marble	Marble	false
pooled_resources_display_name_derpy_chd_ex_hold_rom_textiles	Pottery	false
pooled_resources_display_name_derpy_chd_ex_hold_rom_timber	Timber	false
pooled_resources_display_name_derpy_chd_ex_hold_rom_wine	Wine	false
pooled_resources_display_name_derpy_chd_ex_hold_spices	Spices	false
pooled_resources_display_name_derpy_chd_ex_hold_trinkets	Elven Trinkets	false
pooled_resources_display_name_derpy_chd_ex_hold_derpy_amber	Amber	false
pooled_resources_display_name_derpy_chd_ex_hold_derpy_black_lotus	Black Lotus	false
pooled_resources_display_name_derpy_chd_ex_hold_derpy_blackpowder	Blackpowder	false
pooled_resources_display_name_derpy_chd_ex_hold_derpy_books	Books	false
pooled_resources_display_name_derpy_chd_ex_hold_derpy_brass	Brass	false
pooled_resources_display_name_derpy_chd_ex_hold_derpy_brimstone	Brimstone	false
pooled_resources_display_name_derpy_chd_ex_hold_derpy_carpets	Arabyan Carpets	false
pooled_resources_display_name_derpy_chd_ex_hold_derpy_coal	Coal	false
pooled_resources_display_name_derpy_chd_ex_hold_derpy_dragon_bone	Dragon Bone	false
pooled_resources_display_name_derpy_chd_ex_hold_derpy_feathers	Griffon and Pegasus Feathers	false
pooled_resources_display_name_derpy_chd_ex_hold_derpy_glassware	Glassware	false
pooled_resources_display_name_derpy_chd_ex_hold_derpy_grain	Grain	false
pooled_resources_display_name_derpy_chd_ex_hold_derpy_gromril	Gromril	false
pooled_resources_display_name_derpy_chd_ex_hold_derpy_incense	Incense	false
pooled_resources_display_name_derpy_chd_ex_hold_derpy_ithilmar	Ithilmar	false
pooled_resources_display_name_derpy_chd_ex_hold_derpy_jade	Jade	false
pooled_resources_display_name_derpy_chd_ex_hold_derpy_kvas	Kvas	false
pooled_resources_display_name_derpy_chd_ex_hold_derpy_lustrian_plumes	Lustrian Plumes	false
pooled_resources_display_name_derpy_chd_ex_hold_derpy_mead	Mead	false
pooled_resources_display_name_derpy_chd_ex_hold_derpy_olive_oil	Olive Oil	false
pooled_resources_display_name_derpy_chd_ex_hold_derpy_pearls	Pearls	false
pooled_resources_display_name_derpy_chd_ex_hold_derpy_pipeweed	Pipeweed	false
pooled_resources_display_name_derpy_chd_ex_hold_derpy_porcelain	Porcelain	false
pooled_resources_display_name_derpy_chd_ex_hold_derpy_quicksilver	Quicksilver	false
pooled_resources_display_name_derpy_chd_ex_hold_derpy_rhinox_hides	Rhinox Hides	false
pooled_resources_display_name_derpy_chd_ex_hold_derpy_rum	Rum	false
pooled_resources_display_name_derpy_chd_ex_hold_derpy_salted_fish	Salted Fish	false
pooled_resources_display_name_derpy_chd_ex_hold_derpy_salted_meat	Salted Meat	false
pooled_resources_display_name_derpy_chd_ex_hold_derpy_sea_dragon_hide	Sea Dragon Hide	false
pooled_resources_display_name_derpy_chd_ex_hold_derpy_silk	Silk	false
pooled_resources_display_name_derpy_chd_ex_hold_derpy_silver	Silver	false
pooled_resources_display_name_derpy_chd_ex_hold_derpy_starwood	Starwood	false
pooled_resources_display_name_derpy_chd_ex_hold_derpy_tea	Tea	false
pooled_resources_display_name_derpy_chd_ex_hold_derpy_warhorses	Warhorses	false
pooled_resources_display_name_derpy_chd_ex_hold_derpy_whale_oil	Whale Oil	false
pooled_resources_display_name_derpy_chd_ex_hold_derpy_wool	Wool	false
pooled_resources_display_name_derpy_chd_ex_hold_derpy_wyvern_scales	Wyvern Scales	false
derpy_chd_ex_teb_dem_tithe_animals_title	A Note Presented: Exotic Animals	false
derpy_chd_ex_teb_dem_tithe_animals_primary	The menageries are empty and a triumph has been promised. A parade with nothing in the cages is a parade about the man who paid for it. The Compact requires 30, payable on presentation. A modest draft against your account, drawn in the ordinary way and payable on sight.	false
derpy_chd_ex_teb_dem_tithe_animals_secondary	Sacrifice 30 Exotic Animals in the Merchant Compact within 3 turns, or answer for it.	false
derpy_chd_ex_teb_dem_hunger_animals_title	The Compact Calls: Exotic Animals	false
derpy_chd_ex_teb_dem_hunger_animals_primary	The menageries are empty and a triumph has been promised. A parade with nothing in the cages is a parade about the man who paid for it. The Compact requires 90, payable on presentation. Larger than a season's dues, and the covering letter mentions your signature twice.	false
derpy_chd_ex_teb_dem_hunger_animals_secondary	Sacrifice 90 Exotic Animals in the Merchant Compact within 3 turns, or answer for it.	false
derpy_chd_ex_teb_dem_wrath_animals_title	The Debt Called In: Exotic Animals	false
derpy_chd_ex_teb_dem_wrath_animals_primary	The menageries are empty and a triumph has been promised. A parade with nothing in the cages is a parade about the man who paid for it. The Compact requires 180, payable on presentation. The full sum, at once. Three houses have bought the paper between them and they have stopped writing letters.	false
derpy_chd_ex_teb_dem_wrath_animals_secondary	Sacrifice 180 Exotic Animals in the Merchant Compact within 3 turns, or answer for it.	false
derpy_chd_ex_teb_dem_tithe_dyes_title	A Note Presented: Dyes	false
derpy_chd_ex_teb_dem_tithe_dyes_primary	Purple is worn by three princes this year and made by nobody. What is left of the trade is in your warehouse and the Compact knows the number. The Compact requires 30, payable on presentation. A modest draft against your account, drawn in the ordinary way and payable on sight.	false
derpy_chd_ex_teb_dem_tithe_dyes_secondary	Sacrifice 30 Dyes in the Merchant Compact within 3 turns, or answer for it.	false
derpy_chd_ex_teb_dem_hunger_dyes_title	The Compact Calls: Dyes	false
derpy_chd_ex_teb_dem_hunger_dyes_primary	Purple is worn by three princes this year and made by nobody. What is left of the trade is in your warehouse and the Compact knows the number. The Compact requires 90, payable on presentation. Larger than a season's dues, and the covering letter mentions your signature twice.	false
derpy_chd_ex_teb_dem_hunger_dyes_secondary	Sacrifice 90 Dyes in the Merchant Compact within 3 turns, or answer for it.	false
derpy_chd_ex_teb_dem_wrath_dyes_title	The Debt Called In: Dyes	false
derpy_chd_ex_teb_dem_wrath_dyes_primary	Purple is worn by three princes this year and made by nobody. What is left of the trade is in your warehouse and the Compact knows the number. The Compact requires 180, payable on presentation. The full sum, at once. Three houses have bought the paper between them and they have stopped writing letters.	false
derpy_chd_ex_teb_dem_wrath_dyes_secondary	Sacrifice 180 Dyes in the Merchant Compact within 3 turns, or answer for it.	false
derpy_chd_ex_teb_dem_tithe_gems_title	A Note Presented: Gemstones	false
derpy_chd_ex_teb_dem_tithe_gems_primary	A dowry is being assembled for a marriage that settles two wars, and the stones set aside for it have been found to be paste. The Compact requires 30, payable on presentation. A modest draft against your account, drawn in the ordinary way and payable on sight.	false
derpy_chd_ex_teb_dem_tithe_gems_secondary	Sacrifice 30 Gemstones in the Merchant Compact within 3 turns, or answer for it.	false
derpy_chd_ex_teb_dem_hunger_gems_title	The Compact Calls: Gemstones	false
derpy_chd_ex_teb_dem_hunger_gems_primary	A dowry is being assembled for a marriage that settles two wars, and the stones set aside for it have been found to be paste. The Compact requires 90, payable on presentation. Larger than a season's dues, and the covering letter mentions your signature twice.	false
derpy_chd_ex_teb_dem_hunger_gems_secondary	Sacrifice 90 Gemstones in the Merchant Compact within 3 turns, or answer for it.	false
derpy_chd_ex_teb_dem_wrath_gems_title	The Debt Called In: Gemstones	false
derpy_chd_ex_teb_dem_wrath_gems_primary	A dowry is being assembled for a marriage that settles two wars, and the stones set aside for it have been found to be paste. The Compact requires 180, payable on presentation. The full sum, at once. Three houses have bought the paper between them and they have stopped writing letters.	false
derpy_chd_ex_teb_dem_wrath_gems_secondary	Sacrifice 180 Gemstones in the Merchant Compact within 3 turns, or answer for it.	false
derpy_chd_ex_teb_dem_tithe_gold_idols_title	A Note Presented: Golden Idols	false
derpy_chd_ex_teb_dem_tithe_gold_idols_primary	Gold that has already been shaped is worth more than gold that has not, and the Temple has a use for it that is not being written down. The Compact requires 30, payable on presentation. A modest draft against your account, drawn in the ordinary way and payable on sight.	false
derpy_chd_ex_teb_dem_tithe_gold_idols_secondary	Sacrifice 30 Golden Idols in the Merchant Compact within 3 turns, or answer for it.	false
derpy_chd_ex_teb_dem_hunger_gold_idols_title	The Compact Calls: Golden Idols	false
derpy_chd_ex_teb_dem_hunger_gold_idols_primary	Gold that has already been shaped is worth more than gold that has not, and the Temple has a use for it that is not being written down. The Compact requires 90, payable on presentation. Larger than a season's dues, and the covering letter mentions your signature twice.	false
derpy_chd_ex_teb_dem_hunger_gold_idols_secondary	Sacrifice 90 Golden Idols in the Merchant Compact within 3 turns, or answer for it.	false
derpy_chd_ex_teb_dem_wrath_gold_idols_title	The Debt Called In: Golden Idols	false
derpy_chd_ex_teb_dem_wrath_gold_idols_primary	Gold that has already been shaped is worth more than gold that has not, and the Temple has a use for it that is not being written down. The Compact requires 180, payable on presentation. The full sum, at once. Three houses have bought the paper between them and they have stopped writing letters.	false
derpy_chd_ex_teb_dem_wrath_gold_idols_secondary	Sacrifice 180 Golden Idols in the Merchant Compact within 3 turns, or answer for it.	false
derpy_chd_ex_teb_dem_tithe_ivory_title	A Note Presented: Tusks	false
derpy_chd_ex_teb_dem_tithe_ivory_primary	The Arabyan trade has closed for the season and the sculptors of Verezzo have work booked through the winter. They are asking, politely, twice. The Compact requires 30, payable on presentation. A modest draft against your account, drawn in the ordinary way and payable on sight.	false
derpy_chd_ex_teb_dem_tithe_ivory_secondary	Sacrifice 30 Tusks in the Merchant Compact within 3 turns, or answer for it.	false
derpy_chd_ex_teb_dem_hunger_ivory_title	The Compact Calls: Tusks	false
derpy_chd_ex_teb_dem_hunger_ivory_primary	The Arabyan trade has closed for the season and the sculptors of Verezzo have work booked through the winter. They are asking, politely, twice. The Compact requires 90, payable on presentation. Larger than a season's dues, and the covering letter mentions your signature twice.	false
derpy_chd_ex_teb_dem_hunger_ivory_secondary	Sacrifice 90 Tusks in the Merchant Compact within 3 turns, or answer for it.	false
derpy_chd_ex_teb_dem_wrath_ivory_title	The Debt Called In: Tusks	false
derpy_chd_ex_teb_dem_wrath_ivory_primary	The Arabyan trade has closed for the season and the sculptors of Verezzo have work booked through the winter. They are asking, politely, twice. The Compact requires 180, payable on presentation. The full sum, at once. Three houses have bought the paper between them and they have stopped writing letters.	false
derpy_chd_ex_teb_dem_wrath_ivory_secondary	Sacrifice 180 Tusks in the Merchant Compact within 3 turns, or answer for it.	false
derpy_chd_ex_teb_dem_tithe_medicine_title	A Note Presented: Medicinal Plants	false
derpy_chd_ex_teb_dem_tithe_medicine_primary	Camp fever went through two companies before the muster and the surgeons have been buying at any price. Yours is the last stock inland. The Compact requires 30, payable on presentation. A modest draft against your account, drawn in the ordinary way and payable on sight.	false
derpy_chd_ex_teb_dem_tithe_medicine_secondary	Sacrifice 30 Medicinal Plants in the Merchant Compact within 3 turns, or answer for it.	false
derpy_chd_ex_teb_dem_hunger_medicine_title	The Compact Calls: Medicinal Plants	false
derpy_chd_ex_teb_dem_hunger_medicine_primary	Camp fever went through two companies before the muster and the surgeons have been buying at any price. Yours is the last stock inland. The Compact requires 90, payable on presentation. Larger than a season's dues, and the covering letter mentions your signature twice.	false
derpy_chd_ex_teb_dem_hunger_medicine_secondary	Sacrifice 90 Medicinal Plants in the Merchant Compact within 3 turns, or answer for it.	false
derpy_chd_ex_teb_dem_wrath_medicine_title	The Debt Called In: Medicinal Plants	false
derpy_chd_ex_teb_dem_wrath_medicine_primary	Camp fever went through two companies before the muster and the surgeons have been buying at any price. Yours is the last stock inland. The Compact requires 180, payable on presentation. The full sum, at once. Three houses have bought the paper between them and they have stopped writing letters.	false
derpy_chd_ex_teb_dem_wrath_medicine_secondary	Sacrifice 180 Medicinal Plants in the Merchant Compact within 3 turns, or answer for it.	false
derpy_chd_ex_teb_dem_tithe_obsidian_title	A Note Presented: Carved Obsidian	false
derpy_chd_ex_teb_dem_tithe_obsidian_primary	The colleges of Remas pay in gold for black glass and ask no questions about its road. The Compact has quietly priced yours. The Compact requires 30, payable on presentation. A modest draft against your account, drawn in the ordinary way and payable on sight.	false
derpy_chd_ex_teb_dem_tithe_obsidian_secondary	Sacrifice 30 Carved Obsidian in the Merchant Compact within 3 turns, or answer for it.	false
derpy_chd_ex_teb_dem_hunger_obsidian_title	The Compact Calls: Carved Obsidian	false
derpy_chd_ex_teb_dem_hunger_obsidian_primary	The colleges of Remas pay in gold for black glass and ask no questions about its road. The Compact has quietly priced yours. The Compact requires 90, payable on presentation. Larger than a season's dues, and the covering letter mentions your signature twice.	false
derpy_chd_ex_teb_dem_hunger_obsidian_secondary	Sacrifice 90 Carved Obsidian in the Merchant Compact within 3 turns, or answer for it.	false
derpy_chd_ex_teb_dem_wrath_obsidian_title	The Debt Called In: Carved Obsidian	false
derpy_chd_ex_teb_dem_wrath_obsidian_primary	The colleges of Remas pay in gold for black glass and ask no questions about its road. The Compact has quietly priced yours. The Compact requires 180, payable on presentation. The full sum, at once. Three houses have bought the paper between them and they have stopped writing letters.	false
derpy_chd_ex_teb_dem_wrath_obsidian_secondary	Sacrifice 180 Carved Obsidian in the Merchant Compact within 3 turns, or answer for it.	false
derpy_chd_ex_teb_dem_tithe_rom_furs_title	A Note Presented: Furs	false
derpy_chd_ex_teb_dem_tithe_rom_furs_primary	The passes freeze early this year and every company marching north has the same line unfilled in its inventory. The Compact requires 30, payable on presentation. A modest draft against your account, drawn in the ordinary way and payable on sight.	false
derpy_chd_ex_teb_dem_tithe_rom_furs_secondary	Sacrifice 30 Furs in the Merchant Compact within 3 turns, or answer for it.	false
derpy_chd_ex_teb_dem_hunger_rom_furs_title	The Compact Calls: Furs	false
derpy_chd_ex_teb_dem_hunger_rom_furs_primary	The passes freeze early this year and every company marching north has the same line unfilled in its inventory. The Compact requires 90, payable on presentation. Larger than a season's dues, and the covering letter mentions your signature twice.	false
derpy_chd_ex_teb_dem_hunger_rom_furs_secondary	Sacrifice 90 Furs in the Merchant Compact within 3 turns, or answer for it.	false
derpy_chd_ex_teb_dem_wrath_rom_furs_title	The Debt Called In: Furs	false
derpy_chd_ex_teb_dem_wrath_rom_furs_primary	The passes freeze early this year and every company marching north has the same line unfilled in its inventory. The Compact requires 180, payable on presentation. The full sum, at once. Three houses have bought the paper between them and they have stopped writing letters.	false
derpy_chd_ex_teb_dem_wrath_rom_furs_secondary	Sacrifice 180 Furs in the Merchant Compact within 3 turns, or answer for it.	false
derpy_chd_ex_teb_dem_tithe_rom_glass_title	A Note Presented: Dwarf Beer	false
derpy_chd_ex_teb_dem_tithe_rom_glass_primary	Estalian glass went to the bottom off Bilbali and the orders did not sink with it. Somebody must fill them, and somebody has been chosen. The Compact requires 30, payable on presentation. A modest draft against your account, drawn in the ordinary way and payable on sight.	false
derpy_chd_ex_teb_dem_tithe_rom_glass_secondary	Sacrifice 30 Dwarf Beer in the Merchant Compact within 3 turns, or answer for it.	false
derpy_chd_ex_teb_dem_hunger_rom_glass_title	The Compact Calls: Dwarf Beer	false
derpy_chd_ex_teb_dem_hunger_rom_glass_primary	Estalian glass went to the bottom off Bilbali and the orders did not sink with it. Somebody must fill them, and somebody has been chosen. The Compact requires 90, payable on presentation. Larger than a season's dues, and the covering letter mentions your signature twice.	false
derpy_chd_ex_teb_dem_hunger_rom_glass_secondary	Sacrifice 90 Dwarf Beer in the Merchant Compact within 3 turns, or answer for it.	false
derpy_chd_ex_teb_dem_wrath_rom_glass_title	The Debt Called In: Dwarf Beer	false
derpy_chd_ex_teb_dem_wrath_rom_glass_primary	Estalian glass went to the bottom off Bilbali and the orders did not sink with it. Somebody must fill them, and somebody has been chosen. The Compact requires 180, payable on presentation. The full sum, at once. Three houses have bought the paper between them and they have stopped writing letters.	false
derpy_chd_ex_teb_dem_wrath_rom_glass_secondary	Sacrifice 180 Dwarf Beer in the Merchant Compact within 3 turns, or answer for it.	false
derpy_chd_ex_teb_dem_tithe_rom_iron_title	A Note Presented: Iron	false
derpy_chd_ex_teb_dem_tithe_rom_iron_primary	Every free company from Miragliano to the Vaults is re-arming this season, and the armourers have named your bars in their contracts. The Compact requires 30, payable on presentation. A modest draft against your account, drawn in the ordinary way and payable on sight.	false
derpy_chd_ex_teb_dem_tithe_rom_iron_secondary	Sacrifice 30 Iron in the Merchant Compact within 3 turns, or answer for it.	false
derpy_chd_ex_teb_dem_hunger_rom_iron_title	The Compact Calls: Iron	false
derpy_chd_ex_teb_dem_hunger_rom_iron_primary	Every free company from Miragliano to the Vaults is re-arming this season, and the armourers have named your bars in their contracts. The Compact requires 90, payable on presentation. Larger than a season's dues, and the covering letter mentions your signature twice.	false
derpy_chd_ex_teb_dem_hunger_rom_iron_secondary	Sacrifice 90 Iron in the Merchant Compact within 3 turns, or answer for it.	false
derpy_chd_ex_teb_dem_wrath_rom_iron_title	The Debt Called In: Iron	false
derpy_chd_ex_teb_dem_wrath_rom_iron_primary	Every free company from Miragliano to the Vaults is re-arming this season, and the armourers have named your bars in their contracts. The Compact requires 180, payable on presentation. The full sum, at once. Three houses have bought the paper between them and they have stopped writing letters.	false
derpy_chd_ex_teb_dem_wrath_rom_iron_secondary	Sacrifice 180 Iron in the Merchant Compact within 3 turns, or answer for it.	false
derpy_chd_ex_teb_dem_tithe_rom_lead_title	A Note Presented: Salt	false
derpy_chd_ex_teb_dem_tithe_rom_lead_primary	The physicians want it, the printers want it and the gunners want it most. All three have applied to the Compact, and the Compact to you. The Compact requires 30, payable on presentation. A modest draft against your account, drawn in the ordinary way and payable on sight.	false
derpy_chd_ex_teb_dem_tithe_rom_lead_secondary	Sacrifice 30 Salt in the Merchant Compact within 3 turns, or answer for it.	false
derpy_chd_ex_teb_dem_hunger_rom_lead_title	The Compact Calls: Salt	false
derpy_chd_ex_teb_dem_hunger_rom_lead_primary	The physicians want it, the printers want it and the gunners want it most. All three have applied to the Compact, and the Compact to you. The Compact requires 90, payable on presentation. Larger than a season's dues, and the covering letter mentions your signature twice.	false
derpy_chd_ex_teb_dem_hunger_rom_lead_secondary	Sacrifice 90 Salt in the Merchant Compact within 3 turns, or answer for it.	false
derpy_chd_ex_teb_dem_wrath_rom_lead_title	The Debt Called In: Salt	false
derpy_chd_ex_teb_dem_wrath_rom_lead_primary	The physicians want it, the printers want it and the gunners want it most. All three have applied to the Compact, and the Compact to you. The Compact requires 180, payable on presentation. The full sum, at once. Three houses have bought the paper between them and they have stopped writing letters.	false
derpy_chd_ex_teb_dem_wrath_rom_lead_secondary	Sacrifice 180 Salt in the Merchant Compact within 3 turns, or answer for it.	false
derpy_chd_ex_teb_dem_tithe_rom_marble_title	A Note Presented: Marble	false
derpy_chd_ex_teb_dem_tithe_rom_marble_primary	Half the cities of Tilea are rebuilding a facade for the glory of somebody, and every one of those commissions is short of stone. The Compact requires 30, payable on presentation. A modest draft against your account, drawn in the ordinary way and payable on sight.	false
derpy_chd_ex_teb_dem_tithe_rom_marble_secondary	Sacrifice 30 Marble in the Merchant Compact within 3 turns, or answer for it.	false
derpy_chd_ex_teb_dem_hunger_rom_marble_title	The Compact Calls: Marble	false
derpy_chd_ex_teb_dem_hunger_rom_marble_primary	Half the cities of Tilea are rebuilding a facade for the glory of somebody, and every one of those commissions is short of stone. The Compact requires 90, payable on presentation. Larger than a season's dues, and the covering letter mentions your signature twice.	false
derpy_chd_ex_teb_dem_hunger_rom_marble_secondary	Sacrifice 90 Marble in the Merchant Compact within 3 turns, or answer for it.	false
derpy_chd_ex_teb_dem_wrath_rom_marble_title	The Debt Called In: Marble	false
derpy_chd_ex_teb_dem_wrath_rom_marble_primary	Half the cities of Tilea are rebuilding a facade for the glory of somebody, and every one of those commissions is short of stone. The Compact requires 180, payable on presentation. The full sum, at once. Three houses have bought the paper between them and they have stopped writing letters.	false
derpy_chd_ex_teb_dem_wrath_rom_marble_secondary	Sacrifice 180 Marble in the Merchant Compact within 3 turns, or answer for it.	false
derpy_chd_ex_teb_dem_tithe_rom_textiles_title	A Note Presented: Pottery	false
derpy_chd_ex_teb_dem_tithe_rom_textiles_primary	Four thousand men have been contracted and not one of them has been clothed. The tailors are waiting on cloth, and the cloth is yours. The Compact requires 30, payable on presentation. A modest draft against your account, drawn in the ordinary way and payable on sight.	false
derpy_chd_ex_teb_dem_tithe_rom_textiles_secondary	Sacrifice 30 Pottery in the Merchant Compact within 3 turns, or answer for it.	false
derpy_chd_ex_teb_dem_hunger_rom_textiles_title	The Compact Calls: Pottery	false
derpy_chd_ex_teb_dem_hunger_rom_textiles_primary	Four thousand men have been contracted and not one of them has been clothed. The tailors are waiting on cloth, and the cloth is yours. The Compact requires 90, payable on presentation. Larger than a season's dues, and the covering letter mentions your signature twice.	false
derpy_chd_ex_teb_dem_hunger_rom_textiles_secondary	Sacrifice 90 Pottery in the Merchant Compact within 3 turns, or answer for it.	false
derpy_chd_ex_teb_dem_wrath_rom_textiles_title	The Debt Called In: Pottery	false
derpy_chd_ex_teb_dem_wrath_rom_textiles_primary	Four thousand men have been contracted and not one of them has been clothed. The tailors are waiting on cloth, and the cloth is yours. The Compact requires 180, payable on presentation. The full sum, at once. Three houses have bought the paper between them and they have stopped writing letters.	false
derpy_chd_ex_teb_dem_wrath_rom_textiles_secondary	Sacrifice 180 Pottery in the Merchant Compact within 3 turns, or answer for it.	false
derpy_chd_ex_teb_dem_tithe_rom_timber_title	A Note Presented: Timber	false
derpy_chd_ex_teb_dem_tithe_rom_timber_primary	The yards want keels and the condottieri want palisades. Timber has not been this scarce since the last time both wanted it at once. The Compact requires 30, payable on presentation. A modest draft against your account, drawn in the ordinary way and payable on sight.	false
derpy_chd_ex_teb_dem_tithe_rom_timber_secondary	Sacrifice 30 Timber in the Merchant Compact within 3 turns, or answer for it.	false
derpy_chd_ex_teb_dem_hunger_rom_timber_title	The Compact Calls: Timber	false
derpy_chd_ex_teb_dem_hunger_rom_timber_primary	The yards want keels and the condottieri want palisades. Timber has not been this scarce since the last time both wanted it at once. The Compact requires 90, payable on presentation. Larger than a season's dues, and the covering letter mentions your signature twice.	false
derpy_chd_ex_teb_dem_hunger_rom_timber_secondary	Sacrifice 90 Timber in the Merchant Compact within 3 turns, or answer for it.	false
derpy_chd_ex_teb_dem_wrath_rom_timber_title	The Debt Called In: Timber	false
derpy_chd_ex_teb_dem_wrath_rom_timber_primary	The yards want keels and the condottieri want palisades. Timber has not been this scarce since the last time both wanted it at once. The Compact requires 180, payable on presentation. The full sum, at once. Three houses have bought the paper between them and they have stopped writing letters.	false
derpy_chd_ex_teb_dem_wrath_rom_timber_secondary	Sacrifice 180 Timber in the Merchant Compact within 3 turns, or answer for it.	false
derpy_chd_ex_teb_dem_tithe_rom_wine_title	A Note Presented: Wine	false
derpy_chd_ex_teb_dem_tithe_rom_wine_primary	The vintage failed along the whole coast and the banqueting season has not been cancelled. Your cellars are the shortest way out of that. The Compact requires 30, payable on presentation. A modest draft against your account, drawn in the ordinary way and payable on sight.	false
derpy_chd_ex_teb_dem_tithe_rom_wine_secondary	Sacrifice 30 Wine in the Merchant Compact within 3 turns, or answer for it.	false
derpy_chd_ex_teb_dem_hunger_rom_wine_title	The Compact Calls: Wine	false
derpy_chd_ex_teb_dem_hunger_rom_wine_primary	The vintage failed along the whole coast and the banqueting season has not been cancelled. Your cellars are the shortest way out of that. The Compact requires 90, payable on presentation. Larger than a season's dues, and the covering letter mentions your signature twice.	false
derpy_chd_ex_teb_dem_hunger_rom_wine_secondary	Sacrifice 90 Wine in the Merchant Compact within 3 turns, or answer for it.	false
derpy_chd_ex_teb_dem_wrath_rom_wine_title	The Debt Called In: Wine	false
derpy_chd_ex_teb_dem_wrath_rom_wine_primary	The vintage failed along the whole coast and the banqueting season has not been cancelled. Your cellars are the shortest way out of that. The Compact requires 180, payable on presentation. The full sum, at once. Three houses have bought the paper between them and they have stopped writing letters.	false
derpy_chd_ex_teb_dem_wrath_rom_wine_secondary	Sacrifice 180 Wine in the Merchant Compact within 3 turns, or answer for it.	false
derpy_chd_ex_teb_dem_tithe_spices_title	A Note Presented: Spices	false
derpy_chd_ex_teb_dem_tithe_spices_primary	A galley out of Sartosa failed to arrive and took the season's pepper with it. The Compact would rather buy yours than explain the shortfall. The Compact requires 30, payable on presentation. A modest draft against your account, drawn in the ordinary way and payable on sight.	false
derpy_chd_ex_teb_dem_tithe_spices_secondary	Sacrifice 30 Spices in the Merchant Compact within 3 turns, or answer for it.	false
derpy_chd_ex_teb_dem_hunger_spices_title	The Compact Calls: Spices	false
derpy_chd_ex_teb_dem_hunger_spices_primary	A galley out of Sartosa failed to arrive and took the season's pepper with it. The Compact would rather buy yours than explain the shortfall. The Compact requires 90, payable on presentation. Larger than a season's dues, and the covering letter mentions your signature twice.	false
derpy_chd_ex_teb_dem_hunger_spices_secondary	Sacrifice 90 Spices in the Merchant Compact within 3 turns, or answer for it.	false
derpy_chd_ex_teb_dem_wrath_spices_title	The Debt Called In: Spices	false
derpy_chd_ex_teb_dem_wrath_spices_primary	A galley out of Sartosa failed to arrive and took the season's pepper with it. The Compact would rather buy yours than explain the shortfall. The Compact requires 180, payable on presentation. The full sum, at once. Three houses have bought the paper between them and they have stopped writing letters.	false
derpy_chd_ex_teb_dem_wrath_spices_secondary	Sacrifice 180 Spices in the Merchant Compact within 3 turns, or answer for it.	false
derpy_chd_ex_teb_dem_tithe_trinkets_title	A Note Presented: Elven Trinkets	false
derpy_chd_ex_teb_dem_tithe_trinkets_primary	Reliquaries sell better than relics and the workshops of Luccini have run out of the small bright things that go on them. The Compact requires 30, payable on presentation. A modest draft against your account, drawn in the ordinary way and payable on sight.	false
derpy_chd_ex_teb_dem_tithe_trinkets_secondary	Sacrifice 30 Elven Trinkets in the Merchant Compact within 3 turns, or answer for it.	false
derpy_chd_ex_teb_dem_hunger_trinkets_title	The Compact Calls: Elven Trinkets	false
derpy_chd_ex_teb_dem_hunger_trinkets_primary	Reliquaries sell better than relics and the workshops of Luccini have run out of the small bright things that go on them. The Compact requires 90, payable on presentation. Larger than a season's dues, and the covering letter mentions your signature twice.	false
derpy_chd_ex_teb_dem_hunger_trinkets_secondary	Sacrifice 90 Elven Trinkets in the Merchant Compact within 3 turns, or answer for it.	false
derpy_chd_ex_teb_dem_wrath_trinkets_title	The Debt Called In: Elven Trinkets	false
derpy_chd_ex_teb_dem_wrath_trinkets_primary	Reliquaries sell better than relics and the workshops of Luccini have run out of the small bright things that go on them. The Compact requires 180, payable on presentation. The full sum, at once. Three houses have bought the paper between them and they have stopped writing letters.	false
derpy_chd_ex_teb_dem_wrath_trinkets_secondary	Sacrifice 180 Elven Trinkets in the Merchant Compact within 3 turns, or answer for it.	false
derpy_chd_ex_teb_dem_tithe_derpy_amber_title	A Note Presented: Amber	false
derpy_chd_ex_teb_dem_tithe_derpy_amber_primary	Amber is prized by jewellers and wizards alike. Your chests of it have not gone unremarked. The Compact requires 30, payable on presentation. A modest draft against your account, drawn in the ordinary way and payable on sight.	false
derpy_chd_ex_teb_dem_tithe_derpy_amber_secondary	Sacrifice 30 Amber in the Merchant Compact within 3 turns, or answer for it.	false
derpy_chd_ex_teb_dem_hunger_derpy_amber_title	The Compact Calls: Amber	false
derpy_chd_ex_teb_dem_hunger_derpy_amber_primary	Amber is prized by jewellers and wizards alike. Your chests of it have not gone unremarked. The Compact requires 90, payable on presentation. Larger than a season's dues, and the covering letter mentions your signature twice.	false
derpy_chd_ex_teb_dem_hunger_derpy_amber_secondary	Sacrifice 90 Amber in the Merchant Compact within 3 turns, or answer for it.	false
derpy_chd_ex_teb_dem_wrath_derpy_amber_title	The Debt Called In: Amber	false
derpy_chd_ex_teb_dem_wrath_derpy_amber_primary	Amber is prized by jewellers and wizards alike. Your chests of it have not gone unremarked. The Compact requires 180, payable on presentation. The full sum, at once. Three houses have bought the paper between them and they have stopped writing letters.	false
derpy_chd_ex_teb_dem_wrath_derpy_amber_secondary	Sacrifice 180 Amber in the Merchant Compact within 3 turns, or answer for it.	false
derpy_chd_ex_teb_dem_tithe_derpy_black_lotus_title	A Note Presented: Black Lotus	false
derpy_chd_ex_teb_dem_tithe_derpy_black_lotus_primary	Black lotus is sought by assassins and healers alike. Somebody knows exactly how many ounces you hold. The Compact requires 30, payable on presentation. A modest draft against your account, drawn in the ordinary way and payable on sight.	false
derpy_chd_ex_teb_dem_tithe_derpy_black_lotus_secondary	Sacrifice 30 Black Lotus in the Merchant Compact within 3 turns, or answer for it.	false
derpy_chd_ex_teb_dem_hunger_derpy_black_lotus_title	The Compact Calls: Black Lotus	false
derpy_chd_ex_teb_dem_hunger_derpy_black_lotus_primary	Black lotus is sought by assassins and healers alike. Somebody knows exactly how many ounces you hold. The Compact requires 90, payable on presentation. Larger than a season's dues, and the covering letter mentions your signature twice.	false
derpy_chd_ex_teb_dem_hunger_derpy_black_lotus_secondary	Sacrifice 90 Black Lotus in the Merchant Compact within 3 turns, or answer for it.	false
derpy_chd_ex_teb_dem_wrath_derpy_black_lotus_title	The Debt Called In: Black Lotus	false
derpy_chd_ex_teb_dem_wrath_derpy_black_lotus_primary	Black lotus is sought by assassins and healers alike. Somebody knows exactly how many ounces you hold. The Compact requires 180, payable on presentation. The full sum, at once. Three houses have bought the paper between them and they have stopped writing letters.	false
derpy_chd_ex_teb_dem_wrath_derpy_black_lotus_secondary	Sacrifice 180 Black Lotus in the Merchant Compact within 3 turns, or answer for it.	false
derpy_chd_ex_teb_dem_tithe_derpy_blackpowder_title	A Note Presented: Blackpowder	false
derpy_chd_ex_teb_dem_tithe_derpy_blackpowder_primary	Blackpowder is the cannon's bread. Your kegs are known, and so is how dry you are keeping them. The Compact requires 30, payable on presentation. A modest draft against your account, drawn in the ordinary way and payable on sight.	false
derpy_chd_ex_teb_dem_tithe_derpy_blackpowder_secondary	Sacrifice 30 Blackpowder in the Merchant Compact within 3 turns, or answer for it.	false
derpy_chd_ex_teb_dem_hunger_derpy_blackpowder_title	The Compact Calls: Blackpowder	false
derpy_chd_ex_teb_dem_hunger_derpy_blackpowder_primary	Blackpowder is the cannon's bread. Your kegs are known, and so is how dry you are keeping them. The Compact requires 90, payable on presentation. Larger than a season's dues, and the covering letter mentions your signature twice.	false
derpy_chd_ex_teb_dem_hunger_derpy_blackpowder_secondary	Sacrifice 90 Blackpowder in the Merchant Compact within 3 turns, or answer for it.	false
derpy_chd_ex_teb_dem_wrath_derpy_blackpowder_title	The Debt Called In: Blackpowder	false
derpy_chd_ex_teb_dem_wrath_derpy_blackpowder_primary	Blackpowder is the cannon's bread. Your kegs are known, and so is how dry you are keeping them. The Compact requires 180, payable on presentation. The full sum, at once. Three houses have bought the paper between them and they have stopped writing letters.	false
derpy_chd_ex_teb_dem_wrath_derpy_blackpowder_secondary	Sacrifice 180 Blackpowder in the Merchant Compact within 3 turns, or answer for it.	false
derpy_chd_ex_teb_dem_tithe_derpy_books_title	A Note Presented: Books	false
derpy_chd_ex_teb_dem_tithe_derpy_books_primary	Books are knowledge, and knowledge is owed. Your crates of them have been catalogued by somebody else. The Compact requires 30, payable on presentation. A modest draft against your account, drawn in the ordinary way and payable on sight.	false
derpy_chd_ex_teb_dem_tithe_derpy_books_secondary	Sacrifice 30 Books in the Merchant Compact within 3 turns, or answer for it.	false
derpy_chd_ex_teb_dem_hunger_derpy_books_title	The Compact Calls: Books	false
derpy_chd_ex_teb_dem_hunger_derpy_books_primary	Books are knowledge, and knowledge is owed. Your crates of them have been catalogued by somebody else. The Compact requires 90, payable on presentation. Larger than a season's dues, and the covering letter mentions your signature twice.	false
derpy_chd_ex_teb_dem_hunger_derpy_books_secondary	Sacrifice 90 Books in the Merchant Compact within 3 turns, or answer for it.	false
derpy_chd_ex_teb_dem_wrath_derpy_books_title	The Debt Called In: Books	false
derpy_chd_ex_teb_dem_wrath_derpy_books_primary	Books are knowledge, and knowledge is owed. Your crates of them have been catalogued by somebody else. The Compact requires 180, payable on presentation. The full sum, at once. Three houses have bought the paper between them and they have stopped writing letters.	false
derpy_chd_ex_teb_dem_wrath_derpy_books_secondary	Sacrifice 180 Books in the Merchant Compact within 3 turns, or answer for it.	false
derpy_chd_ex_teb_dem_tithe_derpy_brass_title	A Note Presented: Brass	false
derpy_chd_ex_teb_dem_tithe_derpy_brass_primary	Brass is cast for gears, guns and idols. Your ingots are written into a ledger that is not yours. The Compact requires 30, payable on presentation. A modest draft against your account, drawn in the ordinary way and payable on sight.	false
derpy_chd_ex_teb_dem_tithe_derpy_brass_secondary	Sacrifice 30 Brass in the Merchant Compact within 3 turns, or answer for it.	false
derpy_chd_ex_teb_dem_hunger_derpy_brass_title	The Compact Calls: Brass	false
derpy_chd_ex_teb_dem_hunger_derpy_brass_primary	Brass is cast for gears, guns and idols. Your ingots are written into a ledger that is not yours. The Compact requires 90, payable on presentation. Larger than a season's dues, and the covering letter mentions your signature twice.	false
derpy_chd_ex_teb_dem_hunger_derpy_brass_secondary	Sacrifice 90 Brass in the Merchant Compact within 3 turns, or answer for it.	false
derpy_chd_ex_teb_dem_wrath_derpy_brass_title	The Debt Called In: Brass	false
derpy_chd_ex_teb_dem_wrath_derpy_brass_primary	Brass is cast for gears, guns and idols. Your ingots are written into a ledger that is not yours. The Compact requires 180, payable on presentation. The full sum, at once. Three houses have bought the paper between them and they have stopped writing letters.	false
derpy_chd_ex_teb_dem_wrath_derpy_brass_secondary	Sacrifice 180 Brass in the Merchant Compact within 3 turns, or answer for it.	false
derpy_chd_ex_teb_dem_tithe_derpy_brimstone_title	A Note Presented: Brimstone	false
derpy_chd_ex_teb_dem_tithe_derpy_brimstone_primary	Brimstone feeds the furnace and the powder mill both. Your sacks of it have not gone unnoticed. The Compact requires 30, payable on presentation. A modest draft against your account, drawn in the ordinary way and payable on sight.	false
derpy_chd_ex_teb_dem_tithe_derpy_brimstone_secondary	Sacrifice 30 Brimstone in the Merchant Compact within 3 turns, or answer for it.	false
derpy_chd_ex_teb_dem_hunger_derpy_brimstone_title	The Compact Calls: Brimstone	false
derpy_chd_ex_teb_dem_hunger_derpy_brimstone_primary	Brimstone feeds the furnace and the powder mill both. Your sacks of it have not gone unnoticed. The Compact requires 90, payable on presentation. Larger than a season's dues, and the covering letter mentions your signature twice.	false
derpy_chd_ex_teb_dem_hunger_derpy_brimstone_secondary	Sacrifice 90 Brimstone in the Merchant Compact within 3 turns, or answer for it.	false
derpy_chd_ex_teb_dem_wrath_derpy_brimstone_title	The Debt Called In: Brimstone	false
derpy_chd_ex_teb_dem_wrath_derpy_brimstone_primary	Brimstone feeds the furnace and the powder mill both. Your sacks of it have not gone unnoticed. The Compact requires 180, payable on presentation. The full sum, at once. Three houses have bought the paper between them and they have stopped writing letters.	false
derpy_chd_ex_teb_dem_wrath_derpy_brimstone_secondary	Sacrifice 180 Brimstone in the Merchant Compact within 3 turns, or answer for it.	false
derpy_chd_ex_teb_dem_tithe_derpy_carpets_title	A Note Presented: Arabyan Carpets	false
derpy_chd_ex_teb_dem_tithe_derpy_carpets_primary	Arabyan carpets are knotted in patterns older than the Empire. Your rolls have been unrolled and priced. The Compact requires 30, payable on presentation. A modest draft against your account, drawn in the ordinary way and payable on sight.	false
derpy_chd_ex_teb_dem_tithe_derpy_carpets_secondary	Sacrifice 30 Arabyan Carpets in the Merchant Compact within 3 turns, or answer for it.	false
derpy_chd_ex_teb_dem_hunger_derpy_carpets_title	The Compact Calls: Arabyan Carpets	false
derpy_chd_ex_teb_dem_hunger_derpy_carpets_primary	Arabyan carpets are knotted in patterns older than the Empire. Your rolls have been unrolled and priced. The Compact requires 90, payable on presentation. Larger than a season's dues, and the covering letter mentions your signature twice.	false
derpy_chd_ex_teb_dem_hunger_derpy_carpets_secondary	Sacrifice 90 Arabyan Carpets in the Merchant Compact within 3 turns, or answer for it.	false
derpy_chd_ex_teb_dem_wrath_derpy_carpets_title	The Debt Called In: Arabyan Carpets	false
derpy_chd_ex_teb_dem_wrath_derpy_carpets_primary	Arabyan carpets are knotted in patterns older than the Empire. Your rolls have been unrolled and priced. The Compact requires 180, payable on presentation. The full sum, at once. Three houses have bought the paper between them and they have stopped writing letters.	false
derpy_chd_ex_teb_dem_wrath_derpy_carpets_secondary	Sacrifice 180 Arabyan Carpets in the Merchant Compact within 3 turns, or answer for it.	false
derpy_chd_ex_teb_dem_tithe_derpy_coal_title	A Note Presented: Coal	false
derpy_chd_ex_teb_dem_tithe_derpy_coal_primary	Every forge and furnace burns coal. Yours is stacked in sacks while other fires go hungry. The Compact requires 30, payable on presentation. A modest draft against your account, drawn in the ordinary way and payable on sight.	false
derpy_chd_ex_teb_dem_tithe_derpy_coal_secondary	Sacrifice 30 Coal in the Merchant Compact within 3 turns, or answer for it.	false
derpy_chd_ex_teb_dem_hunger_derpy_coal_title	The Compact Calls: Coal	false
derpy_chd_ex_teb_dem_hunger_derpy_coal_primary	Every forge and furnace burns coal. Yours is stacked in sacks while other fires go hungry. The Compact requires 90, payable on presentation. Larger than a season's dues, and the covering letter mentions your signature twice.	false
derpy_chd_ex_teb_dem_hunger_derpy_coal_secondary	Sacrifice 90 Coal in the Merchant Compact within 3 turns, or answer for it.	false
derpy_chd_ex_teb_dem_wrath_derpy_coal_title	The Debt Called In: Coal	false
derpy_chd_ex_teb_dem_wrath_derpy_coal_primary	Every forge and furnace burns coal. Yours is stacked in sacks while other fires go hungry. The Compact requires 180, payable on presentation. The full sum, at once. Three houses have bought the paper between them and they have stopped writing letters.	false
derpy_chd_ex_teb_dem_wrath_derpy_coal_secondary	Sacrifice 180 Coal in the Merchant Compact within 3 turns, or answer for it.	false
derpy_chd_ex_teb_dem_tithe_derpy_dragon_bone_title	A Note Presented: Dragon Bone	false
derpy_chd_ex_teb_dem_tithe_derpy_dragon_bone_primary	Dragon bone grows rarer every century. Your crates of it are a matter of record. The Compact requires 30, payable on presentation. A modest draft against your account, drawn in the ordinary way and payable on sight.	false
derpy_chd_ex_teb_dem_tithe_derpy_dragon_bone_secondary	Sacrifice 30 Dragon Bone in the Merchant Compact within 3 turns, or answer for it.	false
derpy_chd_ex_teb_dem_hunger_derpy_dragon_bone_title	The Compact Calls: Dragon Bone	false
derpy_chd_ex_teb_dem_hunger_derpy_dragon_bone_primary	Dragon bone grows rarer every century. Your crates of it are a matter of record. The Compact requires 90, payable on presentation. Larger than a season's dues, and the covering letter mentions your signature twice.	false
derpy_chd_ex_teb_dem_hunger_derpy_dragon_bone_secondary	Sacrifice 90 Dragon Bone in the Merchant Compact within 3 turns, or answer for it.	false
derpy_chd_ex_teb_dem_wrath_derpy_dragon_bone_title	The Debt Called In: Dragon Bone	false
derpy_chd_ex_teb_dem_wrath_derpy_dragon_bone_primary	Dragon bone grows rarer every century. Your crates of it are a matter of record. The Compact requires 180, payable on presentation. The full sum, at once. Three houses have bought the paper between them and they have stopped writing letters.	false
derpy_chd_ex_teb_dem_wrath_derpy_dragon_bone_secondary	Sacrifice 180 Dragon Bone in the Merchant Compact within 3 turns, or answer for it.	false
derpy_chd_ex_teb_dem_tithe_derpy_feathers_title	A Note Presented: Griffon and Pegasus Feathers	false
derpy_chd_ex_teb_dem_tithe_derpy_feathers_primary	Griffon and pegasus feathers are gathered from the high eyries at some risk. Your bundles have been counted. The Compact requires 30, payable on presentation. A modest draft against your account, drawn in the ordinary way and payable on sight.	false
derpy_chd_ex_teb_dem_tithe_derpy_feathers_secondary	Sacrifice 30 Griffon and Pegasus Feathers in the Merchant Compact within 3 turns, or answer for it.	false
derpy_chd_ex_teb_dem_hunger_derpy_feathers_title	The Compact Calls: Griffon and Pegasus Feathers	false
derpy_chd_ex_teb_dem_hunger_derpy_feathers_primary	Griffon and pegasus feathers are gathered from the high eyries at some risk. Your bundles have been counted. The Compact requires 90, payable on presentation. Larger than a season's dues, and the covering letter mentions your signature twice.	false
derpy_chd_ex_teb_dem_hunger_derpy_feathers_secondary	Sacrifice 90 Griffon and Pegasus Feathers in the Merchant Compact within 3 turns, or answer for it.	false
derpy_chd_ex_teb_dem_wrath_derpy_feathers_title	The Debt Called In: Griffon and Pegasus Feathers	false
derpy_chd_ex_teb_dem_wrath_derpy_feathers_primary	Griffon and pegasus feathers are gathered from the high eyries at some risk. Your bundles have been counted. The Compact requires 180, payable on presentation. The full sum, at once. Three houses have bought the paper between them and they have stopped writing letters.	false
derpy_chd_ex_teb_dem_wrath_derpy_feathers_secondary	Sacrifice 180 Griffon and Pegasus Feathers in the Merchant Compact within 3 turns, or answer for it.	false
derpy_chd_ex_teb_dem_tithe_derpy_glassware_title	A Note Presented: Glassware	false
derpy_chd_ex_teb_dem_tithe_derpy_glassware_primary	Fine glass is easily broken and dearly bought. Your crates of it have been counted, carefully. The Compact requires 30, payable on presentation. A modest draft against your account, drawn in the ordinary way and payable on sight.	false
derpy_chd_ex_teb_dem_tithe_derpy_glassware_secondary	Sacrifice 30 Glassware in the Merchant Compact within 3 turns, or answer for it.	false
derpy_chd_ex_teb_dem_hunger_derpy_glassware_title	The Compact Calls: Glassware	false
derpy_chd_ex_teb_dem_hunger_derpy_glassware_primary	Fine glass is easily broken and dearly bought. Your crates of it have been counted, carefully. The Compact requires 90, payable on presentation. Larger than a season's dues, and the covering letter mentions your signature twice.	false
derpy_chd_ex_teb_dem_hunger_derpy_glassware_secondary	Sacrifice 90 Glassware in the Merchant Compact within 3 turns, or answer for it.	false
derpy_chd_ex_teb_dem_wrath_derpy_glassware_title	The Debt Called In: Glassware	false
derpy_chd_ex_teb_dem_wrath_derpy_glassware_primary	Fine glass is easily broken and dearly bought. Your crates of it have been counted, carefully. The Compact requires 180, payable on presentation. The full sum, at once. Three houses have bought the paper between them and they have stopped writing letters.	false
derpy_chd_ex_teb_dem_wrath_derpy_glassware_secondary	Sacrifice 180 Glassware in the Merchant Compact within 3 turns, or answer for it.	false
derpy_chd_ex_teb_dem_tithe_derpy_grain_title	A Note Presented: Grain	false
derpy_chd_ex_teb_dem_tithe_derpy_grain_primary	Grain is bread for the cities and fodder for the armies. Your granaries are full while others are not. The Compact requires 30, payable on presentation. A modest draft against your account, drawn in the ordinary way and payable on sight.	false
derpy_chd_ex_teb_dem_tithe_derpy_grain_secondary	Sacrifice 30 Grain in the Merchant Compact within 3 turns, or answer for it.	false
derpy_chd_ex_teb_dem_hunger_derpy_grain_title	The Compact Calls: Grain	false
derpy_chd_ex_teb_dem_hunger_derpy_grain_primary	Grain is bread for the cities and fodder for the armies. Your granaries are full while others are not. The Compact requires 90, payable on presentation. Larger than a season's dues, and the covering letter mentions your signature twice.	false
derpy_chd_ex_teb_dem_hunger_derpy_grain_secondary	Sacrifice 90 Grain in the Merchant Compact within 3 turns, or answer for it.	false
derpy_chd_ex_teb_dem_wrath_derpy_grain_title	The Debt Called In: Grain	false
derpy_chd_ex_teb_dem_wrath_derpy_grain_primary	Grain is bread for the cities and fodder for the armies. Your granaries are full while others are not. The Compact requires 180, payable on presentation. The full sum, at once. Three houses have bought the paper between them and they have stopped writing letters.	false
derpy_chd_ex_teb_dem_wrath_derpy_grain_secondary	Sacrifice 180 Grain in the Merchant Compact within 3 turns, or answer for it.	false
derpy_chd_ex_teb_dem_tithe_derpy_gromril_title	A Note Presented: Gromril	false
derpy_chd_ex_teb_dem_tithe_derpy_gromril_primary	Gromril is the hardest metal there is and the scarcest. Nobody has forgotten that you hold some. The Compact requires 30, payable on presentation. A modest draft against your account, drawn in the ordinary way and payable on sight.	false
derpy_chd_ex_teb_dem_tithe_derpy_gromril_secondary	Sacrifice 30 Gromril in the Merchant Compact within 3 turns, or answer for it.	false
derpy_chd_ex_teb_dem_hunger_derpy_gromril_title	The Compact Calls: Gromril	false
derpy_chd_ex_teb_dem_hunger_derpy_gromril_primary	Gromril is the hardest metal there is and the scarcest. Nobody has forgotten that you hold some. The Compact requires 90, payable on presentation. Larger than a season's dues, and the covering letter mentions your signature twice.	false
derpy_chd_ex_teb_dem_hunger_derpy_gromril_secondary	Sacrifice 90 Gromril in the Merchant Compact within 3 turns, or answer for it.	false
derpy_chd_ex_teb_dem_wrath_derpy_gromril_title	The Debt Called In: Gromril	false
derpy_chd_ex_teb_dem_wrath_derpy_gromril_primary	Gromril is the hardest metal there is and the scarcest. Nobody has forgotten that you hold some. The Compact requires 180, payable on presentation. The full sum, at once. Three houses have bought the paper between them and they have stopped writing letters.	false
derpy_chd_ex_teb_dem_wrath_derpy_gromril_secondary	Sacrifice 180 Gromril in the Merchant Compact within 3 turns, or answer for it.	false
derpy_chd_ex_teb_dem_tithe_derpy_incense_title	A Note Presented: Incense	false
derpy_chd_ex_teb_dem_tithe_derpy_incense_primary	Incense burns in every temple and every tomb. Your sacks of it can be smelled from the street. The Compact requires 30, payable on presentation. A modest draft against your account, drawn in the ordinary way and payable on sight.	false
derpy_chd_ex_teb_dem_tithe_derpy_incense_secondary	Sacrifice 30 Incense in the Merchant Compact within 3 turns, or answer for it.	false
derpy_chd_ex_teb_dem_hunger_derpy_incense_title	The Compact Calls: Incense	false
derpy_chd_ex_teb_dem_hunger_derpy_incense_primary	Incense burns in every temple and every tomb. Your sacks of it can be smelled from the street. The Compact requires 90, payable on presentation. Larger than a season's dues, and the covering letter mentions your signature twice.	false
derpy_chd_ex_teb_dem_hunger_derpy_incense_secondary	Sacrifice 90 Incense in the Merchant Compact within 3 turns, or answer for it.	false
derpy_chd_ex_teb_dem_wrath_derpy_incense_title	The Debt Called In: Incense	false
derpy_chd_ex_teb_dem_wrath_derpy_incense_primary	Incense burns in every temple and every tomb. Your sacks of it can be smelled from the street. The Compact requires 180, payable on presentation. The full sum, at once. Three houses have bought the paper between them and they have stopped writing letters.	false
derpy_chd_ex_teb_dem_wrath_derpy_incense_secondary	Sacrifice 180 Incense in the Merchant Compact within 3 turns, or answer for it.	false
derpy_chd_ex_teb_dem_tithe_derpy_ithilmar_title	A Note Presented: Ithilmar	false
derpy_chd_ex_teb_dem_tithe_derpy_ithilmar_primary	Ithilmar is found in one land only, and every ingot outside it is accounted for. Yours included. The Compact requires 30, payable on presentation. A modest draft against your account, drawn in the ordinary way and payable on sight.	false
derpy_chd_ex_teb_dem_tithe_derpy_ithilmar_secondary	Sacrifice 30 Ithilmar in the Merchant Compact within 3 turns, or answer for it.	false
derpy_chd_ex_teb_dem_hunger_derpy_ithilmar_title	The Compact Calls: Ithilmar	false
derpy_chd_ex_teb_dem_hunger_derpy_ithilmar_primary	Ithilmar is found in one land only, and every ingot outside it is accounted for. Yours included. The Compact requires 90, payable on presentation. Larger than a season's dues, and the covering letter mentions your signature twice.	false
derpy_chd_ex_teb_dem_hunger_derpy_ithilmar_secondary	Sacrifice 90 Ithilmar in the Merchant Compact within 3 turns, or answer for it.	false
derpy_chd_ex_teb_dem_wrath_derpy_ithilmar_title	The Debt Called In: Ithilmar	false
derpy_chd_ex_teb_dem_wrath_derpy_ithilmar_primary	Ithilmar is found in one land only, and every ingot outside it is accounted for. Yours included. The Compact requires 180, payable on presentation. The full sum, at once. Three houses have bought the paper between them and they have stopped writing letters.	false
derpy_chd_ex_teb_dem_wrath_derpy_ithilmar_secondary	Sacrifice 180 Ithilmar in the Merchant Compact within 3 turns, or answer for it.	false
derpy_chd_ex_teb_dem_tithe_derpy_jade_title	A Note Presented: Jade	false
derpy_chd_ex_teb_dem_tithe_derpy_jade_primary	Jade is carved into charms, seals and statues. Your slabs of it are on a list. The Compact requires 30, payable on presentation. A modest draft against your account, drawn in the ordinary way and payable on sight.	false
derpy_chd_ex_teb_dem_tithe_derpy_jade_secondary	Sacrifice 30 Jade in the Merchant Compact within 3 turns, or answer for it.	false
derpy_chd_ex_teb_dem_hunger_derpy_jade_title	The Compact Calls: Jade	false
derpy_chd_ex_teb_dem_hunger_derpy_jade_primary	Jade is carved into charms, seals and statues. Your slabs of it are on a list. The Compact requires 90, payable on presentation. Larger than a season's dues, and the covering letter mentions your signature twice.	false
derpy_chd_ex_teb_dem_hunger_derpy_jade_secondary	Sacrifice 90 Jade in the Merchant Compact within 3 turns, or answer for it.	false
derpy_chd_ex_teb_dem_wrath_derpy_jade_title	The Debt Called In: Jade	false
derpy_chd_ex_teb_dem_wrath_derpy_jade_primary	Jade is carved into charms, seals and statues. Your slabs of it are on a list. The Compact requires 180, payable on presentation. The full sum, at once. Three houses have bought the paper between them and they have stopped writing letters.	false
derpy_chd_ex_teb_dem_wrath_derpy_jade_secondary	Sacrifice 180 Jade in the Merchant Compact within 3 turns, or answer for it.	false
derpy_chd_ex_teb_dem_tithe_derpy_kvas_title	A Note Presented: Kvas	false
derpy_chd_ex_teb_dem_tithe_derpy_kvas_primary	Every stanitsa keeps a barrel of kvas. Yours are fuller than most, and that has been noticed. The Compact requires 30, payable on presentation. A modest draft against your account, drawn in the ordinary way and payable on sight.	false
derpy_chd_ex_teb_dem_tithe_derpy_kvas_secondary	Sacrifice 30 Kvas in the Merchant Compact within 3 turns, or answer for it.	false
derpy_chd_ex_teb_dem_hunger_derpy_kvas_title	The Compact Calls: Kvas	false
derpy_chd_ex_teb_dem_hunger_derpy_kvas_primary	Every stanitsa keeps a barrel of kvas. Yours are fuller than most, and that has been noticed. The Compact requires 90, payable on presentation. Larger than a season's dues, and the covering letter mentions your signature twice.	false
derpy_chd_ex_teb_dem_hunger_derpy_kvas_secondary	Sacrifice 90 Kvas in the Merchant Compact within 3 turns, or answer for it.	false
derpy_chd_ex_teb_dem_wrath_derpy_kvas_title	The Debt Called In: Kvas	false
derpy_chd_ex_teb_dem_wrath_derpy_kvas_primary	Every stanitsa keeps a barrel of kvas. Yours are fuller than most, and that has been noticed. The Compact requires 180, payable on presentation. The full sum, at once. Three houses have bought the paper between them and they have stopped writing letters.	false
derpy_chd_ex_teb_dem_wrath_derpy_kvas_secondary	Sacrifice 180 Kvas in the Merchant Compact within 3 turns, or answer for it.	false
derpy_chd_ex_teb_dem_tithe_derpy_lustrian_plumes_title	A Note Presented: Lustrian Plumes	false
derpy_chd_ex_teb_dem_tithe_derpy_lustrian_plumes_primary	Lustrian plumes are worth their weight in gold at court. Yours have been counted feather by feather. The Compact requires 30, payable on presentation. A modest draft against your account, drawn in the ordinary way and payable on sight.	false
derpy_chd_ex_teb_dem_tithe_derpy_lustrian_plumes_secondary	Sacrifice 30 Lustrian Plumes in the Merchant Compact within 3 turns, or answer for it.	false
derpy_chd_ex_teb_dem_hunger_derpy_lustrian_plumes_title	The Compact Calls: Lustrian Plumes	false
derpy_chd_ex_teb_dem_hunger_derpy_lustrian_plumes_primary	Lustrian plumes are worth their weight in gold at court. Yours have been counted feather by feather. The Compact requires 90, payable on presentation. Larger than a season's dues, and the covering letter mentions your signature twice.	false
derpy_chd_ex_teb_dem_hunger_derpy_lustrian_plumes_secondary	Sacrifice 90 Lustrian Plumes in the Merchant Compact within 3 turns, or answer for it.	false
derpy_chd_ex_teb_dem_wrath_derpy_lustrian_plumes_title	The Debt Called In: Lustrian Plumes	false
derpy_chd_ex_teb_dem_wrath_derpy_lustrian_plumes_primary	Lustrian plumes are worth their weight in gold at court. Yours have been counted feather by feather. The Compact requires 180, payable on presentation. The full sum, at once. Three houses have bought the paper between them and they have stopped writing letters.	false
derpy_chd_ex_teb_dem_wrath_derpy_lustrian_plumes_secondary	Sacrifice 180 Lustrian Plumes in the Merchant Compact within 3 turns, or answer for it.	false
derpy_chd_ex_teb_dem_tithe_derpy_mead_title	A Note Presented: Mead	false
derpy_chd_ex_teb_dem_tithe_derpy_mead_primary	Mead is drunk from horns before every raid. Your kegs have been counted by thirsty men. The Compact requires 30, payable on presentation. A modest draft against your account, drawn in the ordinary way and payable on sight.	false
derpy_chd_ex_teb_dem_tithe_derpy_mead_secondary	Sacrifice 30 Mead in the Merchant Compact within 3 turns, or answer for it.	false
derpy_chd_ex_teb_dem_hunger_derpy_mead_title	The Compact Calls: Mead	false
derpy_chd_ex_teb_dem_hunger_derpy_mead_primary	Mead is drunk from horns before every raid. Your kegs have been counted by thirsty men. The Compact requires 90, payable on presentation. Larger than a season's dues, and the covering letter mentions your signature twice.	false
derpy_chd_ex_teb_dem_hunger_derpy_mead_secondary	Sacrifice 90 Mead in the Merchant Compact within 3 turns, or answer for it.	false
derpy_chd_ex_teb_dem_wrath_derpy_mead_title	The Debt Called In: Mead	false
derpy_chd_ex_teb_dem_wrath_derpy_mead_primary	Mead is drunk from horns before every raid. Your kegs have been counted by thirsty men. The Compact requires 180, payable on presentation. The full sum, at once. Three houses have bought the paper between them and they have stopped writing letters.	false
derpy_chd_ex_teb_dem_wrath_derpy_mead_secondary	Sacrifice 180 Mead in the Merchant Compact within 3 turns, or answer for it.	false
derpy_chd_ex_teb_dem_tithe_derpy_olive_oil_title	A Note Presented: Olive Oil	false
derpy_chd_ex_teb_dem_tithe_derpy_olive_oil_primary	Olive oil lights the lamps and dresses the bread of the Middle Sea. Your barrels have been tallied. The Compact requires 30, payable on presentation. A modest draft against your account, drawn in the ordinary way and payable on sight.	false
derpy_chd_ex_teb_dem_tithe_derpy_olive_oil_secondary	Sacrifice 30 Olive Oil in the Merchant Compact within 3 turns, or answer for it.	false
derpy_chd_ex_teb_dem_hunger_derpy_olive_oil_title	The Compact Calls: Olive Oil	false
derpy_chd_ex_teb_dem_hunger_derpy_olive_oil_primary	Olive oil lights the lamps and dresses the bread of the Middle Sea. Your barrels have been tallied. The Compact requires 90, payable on presentation. Larger than a season's dues, and the covering letter mentions your signature twice.	false
derpy_chd_ex_teb_dem_hunger_derpy_olive_oil_secondary	Sacrifice 90 Olive Oil in the Merchant Compact within 3 turns, or answer for it.	false
derpy_chd_ex_teb_dem_wrath_derpy_olive_oil_title	The Debt Called In: Olive Oil	false
derpy_chd_ex_teb_dem_wrath_derpy_olive_oil_primary	Olive oil lights the lamps and dresses the bread of the Middle Sea. Your barrels have been tallied. The Compact requires 180, payable on presentation. The full sum, at once. Three houses have bought the paper between them and they have stopped writing letters.	false
derpy_chd_ex_teb_dem_wrath_derpy_olive_oil_secondary	Sacrifice 180 Olive Oil in the Merchant Compact within 3 turns, or answer for it.	false
derpy_chd_ex_teb_dem_tithe_derpy_pearls_title	A Note Presented: Pearls	false
derpy_chd_ex_teb_dem_tithe_derpy_pearls_primary	Pearls come up from the warm seas and go round the neck of anyone who can pay. Yours have been counted. The Compact requires 30, payable on presentation. A modest draft against your account, drawn in the ordinary way and payable on sight.	false
derpy_chd_ex_teb_dem_tithe_derpy_pearls_secondary	Sacrifice 30 Pearls in the Merchant Compact within 3 turns, or answer for it.	false
derpy_chd_ex_teb_dem_hunger_derpy_pearls_title	The Compact Calls: Pearls	false
derpy_chd_ex_teb_dem_hunger_derpy_pearls_primary	Pearls come up from the warm seas and go round the neck of anyone who can pay. Yours have been counted. The Compact requires 90, payable on presentation. Larger than a season's dues, and the covering letter mentions your signature twice.	false
derpy_chd_ex_teb_dem_hunger_derpy_pearls_secondary	Sacrifice 90 Pearls in the Merchant Compact within 3 turns, or answer for it.	false
derpy_chd_ex_teb_dem_wrath_derpy_pearls_title	The Debt Called In: Pearls	false
derpy_chd_ex_teb_dem_wrath_derpy_pearls_primary	Pearls come up from the warm seas and go round the neck of anyone who can pay. Yours have been counted. The Compact requires 180, payable on presentation. The full sum, at once. Three houses have bought the paper between them and they have stopped writing letters.	false
derpy_chd_ex_teb_dem_wrath_derpy_pearls_secondary	Sacrifice 180 Pearls in the Merchant Compact within 3 turns, or answer for it.	false
derpy_chd_ex_teb_dem_tithe_derpy_pipeweed_title	A Note Presented: Pipeweed	false
derpy_chd_ex_teb_dem_tithe_derpy_pipeweed_primary	Pipeweed is smoked in every tavern from Altdorf to Marienburg. Your bales are known to more than the tax-man. The Compact requires 30, payable on presentation. A modest draft against your account, drawn in the ordinary way and payable on sight.	false
derpy_chd_ex_teb_dem_tithe_derpy_pipeweed_secondary	Sacrifice 30 Pipeweed in the Merchant Compact within 3 turns, or answer for it.	false
derpy_chd_ex_teb_dem_hunger_derpy_pipeweed_title	The Compact Calls: Pipeweed	false
derpy_chd_ex_teb_dem_hunger_derpy_pipeweed_primary	Pipeweed is smoked in every tavern from Altdorf to Marienburg. Your bales are known to more than the tax-man. The Compact requires 90, payable on presentation. Larger than a season's dues, and the covering letter mentions your signature twice.	false
derpy_chd_ex_teb_dem_hunger_derpy_pipeweed_secondary	Sacrifice 90 Pipeweed in the Merchant Compact within 3 turns, or answer for it.	false
derpy_chd_ex_teb_dem_wrath_derpy_pipeweed_title	The Debt Called In: Pipeweed	false
derpy_chd_ex_teb_dem_wrath_derpy_pipeweed_primary	Pipeweed is smoked in every tavern from Altdorf to Marienburg. Your bales are known to more than the tax-man. The Compact requires 180, payable on presentation. The full sum, at once. Three houses have bought the paper between them and they have stopped writing letters.	false
derpy_chd_ex_teb_dem_wrath_derpy_pipeweed_secondary	Sacrifice 180 Pipeweed in the Merchant Compact within 3 turns, or answer for it.	false
derpy_chd_ex_teb_dem_tithe_derpy_porcelain_title	A Note Presented: Porcelain	false
derpy_chd_ex_teb_dem_tithe_derpy_porcelain_primary	Porcelain is fired in Cathay and treasured everywhere else. Your crates of it are on a list. The Compact requires 30, payable on presentation. A modest draft against your account, drawn in the ordinary way and payable on sight.	false
derpy_chd_ex_teb_dem_tithe_derpy_porcelain_secondary	Sacrifice 30 Porcelain in the Merchant Compact within 3 turns, or answer for it.	false
derpy_chd_ex_teb_dem_hunger_derpy_porcelain_title	The Compact Calls: Porcelain	false
derpy_chd_ex_teb_dem_hunger_derpy_porcelain_primary	Porcelain is fired in Cathay and treasured everywhere else. Your crates of it are on a list. The Compact requires 90, payable on presentation. Larger than a season's dues, and the covering letter mentions your signature twice.	false
derpy_chd_ex_teb_dem_hunger_derpy_porcelain_secondary	Sacrifice 90 Porcelain in the Merchant Compact within 3 turns, or answer for it.	false
derpy_chd_ex_teb_dem_wrath_derpy_porcelain_title	The Debt Called In: Porcelain	false
derpy_chd_ex_teb_dem_wrath_derpy_porcelain_primary	Porcelain is fired in Cathay and treasured everywhere else. Your crates of it are on a list. The Compact requires 180, payable on presentation. The full sum, at once. Three houses have bought the paper between them and they have stopped writing letters.	false
derpy_chd_ex_teb_dem_wrath_derpy_porcelain_secondary	Sacrifice 180 Porcelain in the Merchant Compact within 3 turns, or answer for it.	false
derpy_chd_ex_teb_dem_tithe_derpy_quicksilver_title	A Note Presented: Quicksilver	false
derpy_chd_ex_teb_dem_tithe_derpy_quicksilver_primary	Every alchemist and engineer wants quicksilver. Your flasks have been counted. The Compact requires 30, payable on presentation. A modest draft against your account, drawn in the ordinary way and payable on sight.	false
derpy_chd_ex_teb_dem_tithe_derpy_quicksilver_secondary	Sacrifice 30 Quicksilver in the Merchant Compact within 3 turns, or answer for it.	false
derpy_chd_ex_teb_dem_hunger_derpy_quicksilver_title	The Compact Calls: Quicksilver	false
derpy_chd_ex_teb_dem_hunger_derpy_quicksilver_primary	Every alchemist and engineer wants quicksilver. Your flasks have been counted. The Compact requires 90, payable on presentation. Larger than a season's dues, and the covering letter mentions your signature twice.	false
derpy_chd_ex_teb_dem_hunger_derpy_quicksilver_secondary	Sacrifice 90 Quicksilver in the Merchant Compact within 3 turns, or answer for it.	false
derpy_chd_ex_teb_dem_wrath_derpy_quicksilver_title	The Debt Called In: Quicksilver	false
derpy_chd_ex_teb_dem_wrath_derpy_quicksilver_primary	Every alchemist and engineer wants quicksilver. Your flasks have been counted. The Compact requires 180, payable on presentation. The full sum, at once. Three houses have bought the paper between them and they have stopped writing letters.	false
derpy_chd_ex_teb_dem_wrath_derpy_quicksilver_secondary	Sacrifice 180 Quicksilver in the Merchant Compact within 3 turns, or answer for it.	false
derpy_chd_ex_teb_dem_tithe_derpy_rhinox_hides_title	A Note Presented: Rhinox Hides	false
derpy_chd_ex_teb_dem_tithe_derpy_rhinox_hides_primary	Rhinox hide is tough enough to make armour of. Your stacks of it have been counted. The Compact requires 30, payable on presentation. A modest draft against your account, drawn in the ordinary way and payable on sight.	false
derpy_chd_ex_teb_dem_tithe_derpy_rhinox_hides_secondary	Sacrifice 30 Rhinox Hides in the Merchant Compact within 3 turns, or answer for it.	false
derpy_chd_ex_teb_dem_hunger_derpy_rhinox_hides_title	The Compact Calls: Rhinox Hides	false
derpy_chd_ex_teb_dem_hunger_derpy_rhinox_hides_primary	Rhinox hide is tough enough to make armour of. Your stacks of it have been counted. The Compact requires 90, payable on presentation. Larger than a season's dues, and the covering letter mentions your signature twice.	false
derpy_chd_ex_teb_dem_hunger_derpy_rhinox_hides_secondary	Sacrifice 90 Rhinox Hides in the Merchant Compact within 3 turns, or answer for it.	false
derpy_chd_ex_teb_dem_wrath_derpy_rhinox_hides_title	The Debt Called In: Rhinox Hides	false
derpy_chd_ex_teb_dem_wrath_derpy_rhinox_hides_primary	Rhinox hide is tough enough to make armour of. Your stacks of it have been counted. The Compact requires 180, payable on presentation. The full sum, at once. Three houses have bought the paper between them and they have stopped writing letters.	false
derpy_chd_ex_teb_dem_wrath_derpy_rhinox_hides_secondary	Sacrifice 180 Rhinox Hides in the Merchant Compact within 3 turns, or answer for it.	false
derpy_chd_ex_teb_dem_tithe_derpy_rum_title	A Note Presented: Rum	false
derpy_chd_ex_teb_dem_tithe_derpy_rum_primary	Rum keeps crews at sea and quiet ashore. Your kegs have been noticed by people who keep lists. The Compact requires 30, payable on presentation. A modest draft against your account, drawn in the ordinary way and payable on sight.	false
derpy_chd_ex_teb_dem_tithe_derpy_rum_secondary	Sacrifice 30 Rum in the Merchant Compact within 3 turns, or answer for it.	false
derpy_chd_ex_teb_dem_hunger_derpy_rum_title	The Compact Calls: Rum	false
derpy_chd_ex_teb_dem_hunger_derpy_rum_primary	Rum keeps crews at sea and quiet ashore. Your kegs have been noticed by people who keep lists. The Compact requires 90, payable on presentation. Larger than a season's dues, and the covering letter mentions your signature twice.	false
derpy_chd_ex_teb_dem_hunger_derpy_rum_secondary	Sacrifice 90 Rum in the Merchant Compact within 3 turns, or answer for it.	false
derpy_chd_ex_teb_dem_wrath_derpy_rum_title	The Debt Called In: Rum	false
derpy_chd_ex_teb_dem_wrath_derpy_rum_primary	Rum keeps crews at sea and quiet ashore. Your kegs have been noticed by people who keep lists. The Compact requires 180, payable on presentation. The full sum, at once. Three houses have bought the paper between them and they have stopped writing letters.	false
derpy_chd_ex_teb_dem_wrath_derpy_rum_secondary	Sacrifice 180 Rum in the Merchant Compact within 3 turns, or answer for it.	false
derpy_chd_ex_teb_dem_tithe_derpy_salted_fish_title	A Note Presented: Salted Fish	false
derpy_chd_ex_teb_dem_tithe_derpy_salted_fish_primary	Salted fish feeds sailors, soldiers and the poor through the lean months. Your barrels have been counted. The Compact requires 30, payable on presentation. A modest draft against your account, drawn in the ordinary way and payable on sight.	false
derpy_chd_ex_teb_dem_tithe_derpy_salted_fish_secondary	Sacrifice 30 Salted Fish in the Merchant Compact within 3 turns, or answer for it.	false
derpy_chd_ex_teb_dem_hunger_derpy_salted_fish_title	The Compact Calls: Salted Fish	false
derpy_chd_ex_teb_dem_hunger_derpy_salted_fish_primary	Salted fish feeds sailors, soldiers and the poor through the lean months. Your barrels have been counted. The Compact requires 90, payable on presentation. Larger than a season's dues, and the covering letter mentions your signature twice.	false
derpy_chd_ex_teb_dem_hunger_derpy_salted_fish_secondary	Sacrifice 90 Salted Fish in the Merchant Compact within 3 turns, or answer for it.	false
derpy_chd_ex_teb_dem_wrath_derpy_salted_fish_title	The Debt Called In: Salted Fish	false
derpy_chd_ex_teb_dem_wrath_derpy_salted_fish_primary	Salted fish feeds sailors, soldiers and the poor through the lean months. Your barrels have been counted. The Compact requires 180, payable on presentation. The full sum, at once. Three houses have bought the paper between them and they have stopped writing letters.	false
derpy_chd_ex_teb_dem_wrath_derpy_salted_fish_secondary	Sacrifice 180 Salted Fish in the Merchant Compact within 3 turns, or answer for it.	false
derpy_chd_ex_teb_dem_tithe_derpy_salted_meat_title	A Note Presented: Salted Meat	false
derpy_chd_ex_teb_dem_tithe_derpy_salted_meat_primary	Salted meat keeps, and armies march on it. Your barrels have been counted. The Compact requires 30, payable on presentation. A modest draft against your account, drawn in the ordinary way and payable on sight.	false
derpy_chd_ex_teb_dem_tithe_derpy_salted_meat_secondary	Sacrifice 30 Salted Meat in the Merchant Compact within 3 turns, or answer for it.	false
derpy_chd_ex_teb_dem_hunger_derpy_salted_meat_title	The Compact Calls: Salted Meat	false
derpy_chd_ex_teb_dem_hunger_derpy_salted_meat_primary	Salted meat keeps, and armies march on it. Your barrels have been counted. The Compact requires 90, payable on presentation. Larger than a season's dues, and the covering letter mentions your signature twice.	false
derpy_chd_ex_teb_dem_hunger_derpy_salted_meat_secondary	Sacrifice 90 Salted Meat in the Merchant Compact within 3 turns, or answer for it.	false
derpy_chd_ex_teb_dem_wrath_derpy_salted_meat_title	The Debt Called In: Salted Meat	false
derpy_chd_ex_teb_dem_wrath_derpy_salted_meat_primary	Salted meat keeps, and armies march on it. Your barrels have been counted. The Compact requires 180, payable on presentation. The full sum, at once. Three houses have bought the paper between them and they have stopped writing letters.	false
derpy_chd_ex_teb_dem_wrath_derpy_salted_meat_secondary	Sacrifice 180 Salted Meat in the Merchant Compact within 3 turns, or answer for it.	false
derpy_chd_ex_teb_dem_tithe_derpy_sea_dragon_hide_title	A Note Presented: Sea Dragon Hide	false
derpy_chd_ex_teb_dem_tithe_derpy_sea_dragon_hide_primary	Sea dragon hide turns a blade, and there is less of it every year. Somebody knows how much of it you hold. The Compact requires 30, payable on presentation. A modest draft against your account, drawn in the ordinary way and payable on sight.	false
derpy_chd_ex_teb_dem_tithe_derpy_sea_dragon_hide_secondary	Sacrifice 30 Sea Dragon Hide in the Merchant Compact within 3 turns, or answer for it.	false
derpy_chd_ex_teb_dem_hunger_derpy_sea_dragon_hide_title	The Compact Calls: Sea Dragon Hide	false
derpy_chd_ex_teb_dem_hunger_derpy_sea_dragon_hide_primary	Sea dragon hide turns a blade, and there is less of it every year. Somebody knows how much of it you hold. The Compact requires 90, payable on presentation. Larger than a season's dues, and the covering letter mentions your signature twice.	false
derpy_chd_ex_teb_dem_hunger_derpy_sea_dragon_hide_secondary	Sacrifice 90 Sea Dragon Hide in the Merchant Compact within 3 turns, or answer for it.	false
derpy_chd_ex_teb_dem_wrath_derpy_sea_dragon_hide_title	The Debt Called In: Sea Dragon Hide	false
derpy_chd_ex_teb_dem_wrath_derpy_sea_dragon_hide_primary	Sea dragon hide turns a blade, and there is less of it every year. Somebody knows how much of it you hold. The Compact requires 180, payable on presentation. The full sum, at once. Three houses have bought the paper between them and they have stopped writing letters.	false
derpy_chd_ex_teb_dem_wrath_derpy_sea_dragon_hide_secondary	Sacrifice 180 Sea Dragon Hide in the Merchant Compact within 3 turns, or answer for it.	false
derpy_chd_ex_teb_dem_tithe_derpy_silk_title	A Note Presented: Silk	false
derpy_chd_ex_teb_dem_tithe_derpy_silk_primary	Silk is what the Ivory Road carries west. Your bolts have been measured by somebody other than your factor. The Compact requires 30, payable on presentation. A modest draft against your account, drawn in the ordinary way and payable on sight.	false
derpy_chd_ex_teb_dem_tithe_derpy_silk_secondary	Sacrifice 30 Silk in the Merchant Compact within 3 turns, or answer for it.	false
derpy_chd_ex_teb_dem_hunger_derpy_silk_title	The Compact Calls: Silk	false
derpy_chd_ex_teb_dem_hunger_derpy_silk_primary	Silk is what the Ivory Road carries west. Your bolts have been measured by somebody other than your factor. The Compact requires 90, payable on presentation. Larger than a season's dues, and the covering letter mentions your signature twice.	false
derpy_chd_ex_teb_dem_hunger_derpy_silk_secondary	Sacrifice 90 Silk in the Merchant Compact within 3 turns, or answer for it.	false
derpy_chd_ex_teb_dem_wrath_derpy_silk_title	The Debt Called In: Silk	false
derpy_chd_ex_teb_dem_wrath_derpy_silk_primary	Silk is what the Ivory Road carries west. Your bolts have been measured by somebody other than your factor. The Compact requires 180, payable on presentation. The full sum, at once. Three houses have bought the paper between them and they have stopped writing letters.	false
derpy_chd_ex_teb_dem_wrath_derpy_silk_secondary	Sacrifice 180 Silk in the Merchant Compact within 3 turns, or answer for it.	false
derpy_chd_ex_teb_dem_tithe_derpy_silver_title	A Note Presented: Silver	false
derpy_chd_ex_teb_dem_tithe_derpy_silver_primary	Silver is coin, plate and a blade-edge against the dead. Your ingots have been weighed twice. The Compact requires 30, payable on presentation. A modest draft against your account, drawn in the ordinary way and payable on sight.	false
derpy_chd_ex_teb_dem_tithe_derpy_silver_secondary	Sacrifice 30 Silver in the Merchant Compact within 3 turns, or answer for it.	false
derpy_chd_ex_teb_dem_hunger_derpy_silver_title	The Compact Calls: Silver	false
derpy_chd_ex_teb_dem_hunger_derpy_silver_primary	Silver is coin, plate and a blade-edge against the dead. Your ingots have been weighed twice. The Compact requires 90, payable on presentation. Larger than a season's dues, and the covering letter mentions your signature twice.	false
derpy_chd_ex_teb_dem_hunger_derpy_silver_secondary	Sacrifice 90 Silver in the Merchant Compact within 3 turns, or answer for it.	false
derpy_chd_ex_teb_dem_wrath_derpy_silver_title	The Debt Called In: Silver	false
derpy_chd_ex_teb_dem_wrath_derpy_silver_primary	Silver is coin, plate and a blade-edge against the dead. Your ingots have been weighed twice. The Compact requires 180, payable on presentation. The full sum, at once. Three houses have bought the paper between them and they have stopped writing letters.	false
derpy_chd_ex_teb_dem_wrath_derpy_silver_secondary	Sacrifice 180 Silver in the Merchant Compact within 3 turns, or answer for it.	false
derpy_chd_ex_teb_dem_tithe_derpy_starwood_title	A Note Presented: Starwood	false
derpy_chd_ex_teb_dem_tithe_derpy_starwood_primary	Starwood is given by the trees of Athel Loren and never cut. That you hold any at all has been noticed. The Compact requires 30, payable on presentation. A modest draft against your account, drawn in the ordinary way and payable on sight.	false
derpy_chd_ex_teb_dem_tithe_derpy_starwood_secondary	Sacrifice 30 Starwood in the Merchant Compact within 3 turns, or answer for it.	false
derpy_chd_ex_teb_dem_hunger_derpy_starwood_title	The Compact Calls: Starwood	false
derpy_chd_ex_teb_dem_hunger_derpy_starwood_primary	Starwood is given by the trees of Athel Loren and never cut. That you hold any at all has been noticed. The Compact requires 90, payable on presentation. Larger than a season's dues, and the covering letter mentions your signature twice.	false
derpy_chd_ex_teb_dem_hunger_derpy_starwood_secondary	Sacrifice 90 Starwood in the Merchant Compact within 3 turns, or answer for it.	false
derpy_chd_ex_teb_dem_wrath_derpy_starwood_title	The Debt Called In: Starwood	false
derpy_chd_ex_teb_dem_wrath_derpy_starwood_primary	Starwood is given by the trees of Athel Loren and never cut. That you hold any at all has been noticed. The Compact requires 180, payable on presentation. The full sum, at once. Three houses have bought the paper between them and they have stopped writing letters.	false
derpy_chd_ex_teb_dem_wrath_derpy_starwood_secondary	Sacrifice 180 Starwood in the Merchant Compact within 3 turns, or answer for it.	false
derpy_chd_ex_teb_dem_tithe_derpy_tea_title	A Note Presented: Tea	false
derpy_chd_ex_teb_dem_tithe_derpy_tea_primary	Tea is poured at every audience worth attending. Your chests of it have been weighed. The Compact requires 30, payable on presentation. A modest draft against your account, drawn in the ordinary way and payable on sight.	false
derpy_chd_ex_teb_dem_tithe_derpy_tea_secondary	Sacrifice 30 Tea in the Merchant Compact within 3 turns, or answer for it.	false
derpy_chd_ex_teb_dem_hunger_derpy_tea_title	The Compact Calls: Tea	false
derpy_chd_ex_teb_dem_hunger_derpy_tea_primary	Tea is poured at every audience worth attending. Your chests of it have been weighed. The Compact requires 90, payable on presentation. Larger than a season's dues, and the covering letter mentions your signature twice.	false
derpy_chd_ex_teb_dem_hunger_derpy_tea_secondary	Sacrifice 90 Tea in the Merchant Compact within 3 turns, or answer for it.	false
derpy_chd_ex_teb_dem_wrath_derpy_tea_title	The Debt Called In: Tea	false
derpy_chd_ex_teb_dem_wrath_derpy_tea_primary	Tea is poured at every audience worth attending. Your chests of it have been weighed. The Compact requires 180, payable on presentation. The full sum, at once. Three houses have bought the paper between them and they have stopped writing letters.	false
derpy_chd_ex_teb_dem_wrath_derpy_tea_secondary	Sacrifice 180 Tea in the Merchant Compact within 3 turns, or answer for it.	false
derpy_chd_ex_teb_dem_tithe_derpy_warhorses_title	A Note Presented: Warhorses	false
derpy_chd_ex_teb_dem_tithe_derpy_warhorses_primary	A warhorse eats every day it is not ridden. Your stables are full, and the count has been taken. The Compact requires 30, payable on presentation. A modest draft against your account, drawn in the ordinary way and payable on sight.	false
derpy_chd_ex_teb_dem_tithe_derpy_warhorses_secondary	Sacrifice 30 Warhorses in the Merchant Compact within 3 turns, or answer for it.	false
derpy_chd_ex_teb_dem_hunger_derpy_warhorses_title	The Compact Calls: Warhorses	false
derpy_chd_ex_teb_dem_hunger_derpy_warhorses_primary	A warhorse eats every day it is not ridden. Your stables are full, and the count has been taken. The Compact requires 90, payable on presentation. Larger than a season's dues, and the covering letter mentions your signature twice.	false
derpy_chd_ex_teb_dem_hunger_derpy_warhorses_secondary	Sacrifice 90 Warhorses in the Merchant Compact within 3 turns, or answer for it.	false
derpy_chd_ex_teb_dem_wrath_derpy_warhorses_title	The Debt Called In: Warhorses	false
derpy_chd_ex_teb_dem_wrath_derpy_warhorses_primary	A warhorse eats every day it is not ridden. Your stables are full, and the count has been taken. The Compact requires 180, payable on presentation. The full sum, at once. Three houses have bought the paper between them and they have stopped writing letters.	false
derpy_chd_ex_teb_dem_wrath_derpy_warhorses_secondary	Sacrifice 180 Warhorses in the Merchant Compact within 3 turns, or answer for it.	false
derpy_chd_ex_teb_dem_tithe_derpy_whale_oil_title	A Note Presented: Whale Oil	false
derpy_chd_ex_teb_dem_tithe_derpy_whale_oil_primary	Lamp oil burns in every hall that can afford the light. Yours is sitting in barrels in the dark. The Compact requires 30, payable on presentation. A modest draft against your account, drawn in the ordinary way and payable on sight.	false
derpy_chd_ex_teb_dem_tithe_derpy_whale_oil_secondary	Sacrifice 30 Whale Oil in the Merchant Compact within 3 turns, or answer for it.	false
derpy_chd_ex_teb_dem_hunger_derpy_whale_oil_title	The Compact Calls: Whale Oil	false
derpy_chd_ex_teb_dem_hunger_derpy_whale_oil_primary	Lamp oil burns in every hall that can afford the light. Yours is sitting in barrels in the dark. The Compact requires 90, payable on presentation. Larger than a season's dues, and the covering letter mentions your signature twice.	false
derpy_chd_ex_teb_dem_hunger_derpy_whale_oil_secondary	Sacrifice 90 Whale Oil in the Merchant Compact within 3 turns, or answer for it.	false
derpy_chd_ex_teb_dem_wrath_derpy_whale_oil_title	The Debt Called In: Whale Oil	false
derpy_chd_ex_teb_dem_wrath_derpy_whale_oil_primary	Lamp oil burns in every hall that can afford the light. Yours is sitting in barrels in the dark. The Compact requires 180, payable on presentation. The full sum, at once. Three houses have bought the paper between them and they have stopped writing letters.	false
derpy_chd_ex_teb_dem_wrath_derpy_whale_oil_secondary	Sacrifice 180 Whale Oil in the Merchant Compact within 3 turns, or answer for it.	false
derpy_chd_ex_teb_dem_tithe_derpy_wool_title	A Note Presented: Wool	false
derpy_chd_ex_teb_dem_tithe_derpy_wool_primary	Wool is spun and woven in every town. Your bales are stacked to the rafters and somebody has climbed up to count them. The Compact requires 30, payable on presentation. A modest draft against your account, drawn in the ordinary way and payable on sight.	false
derpy_chd_ex_teb_dem_tithe_derpy_wool_secondary	Sacrifice 30 Wool in the Merchant Compact within 3 turns, or answer for it.	false
derpy_chd_ex_teb_dem_hunger_derpy_wool_title	The Compact Calls: Wool	false
derpy_chd_ex_teb_dem_hunger_derpy_wool_primary	Wool is spun and woven in every town. Your bales are stacked to the rafters and somebody has climbed up to count them. The Compact requires 90, payable on presentation. Larger than a season's dues, and the covering letter mentions your signature twice.	false
derpy_chd_ex_teb_dem_hunger_derpy_wool_secondary	Sacrifice 90 Wool in the Merchant Compact within 3 turns, or answer for it.	false
derpy_chd_ex_teb_dem_wrath_derpy_wool_title	The Debt Called In: Wool	false
derpy_chd_ex_teb_dem_wrath_derpy_wool_primary	Wool is spun and woven in every town. Your bales are stacked to the rafters and somebody has climbed up to count them. The Compact requires 180, payable on presentation. The full sum, at once. Three houses have bought the paper between them and they have stopped writing letters.	false
derpy_chd_ex_teb_dem_wrath_derpy_wool_secondary	Sacrifice 180 Wool in the Merchant Compact within 3 turns, or answer for it.	false
derpy_chd_ex_teb_dem_tithe_derpy_wyvern_scales_title	A Note Presented: Wyvern Scales	false
derpy_chd_ex_teb_dem_tithe_derpy_wyvern_scales_primary	Wyvern scales are taken at great cost from the nesting peaks. Yours have been counted. The Compact requires 30, payable on presentation. A modest draft against your account, drawn in the ordinary way and payable on sight.	false
derpy_chd_ex_teb_dem_tithe_derpy_wyvern_scales_secondary	Sacrifice 30 Wyvern Scales in the Merchant Compact within 3 turns, or answer for it.	false
derpy_chd_ex_teb_dem_hunger_derpy_wyvern_scales_title	The Compact Calls: Wyvern Scales	false
derpy_chd_ex_teb_dem_hunger_derpy_wyvern_scales_primary	Wyvern scales are taken at great cost from the nesting peaks. Yours have been counted. The Compact requires 90, payable on presentation. Larger than a season's dues, and the covering letter mentions your signature twice.	false
derpy_chd_ex_teb_dem_hunger_derpy_wyvern_scales_secondary	Sacrifice 90 Wyvern Scales in the Merchant Compact within 3 turns, or answer for it.	false
derpy_chd_ex_teb_dem_wrath_derpy_wyvern_scales_title	The Debt Called In: Wyvern Scales	false
derpy_chd_ex_teb_dem_wrath_derpy_wyvern_scales_primary	Wyvern scales are taken at great cost from the nesting peaks. Yours have been counted. The Compact requires 180, payable on presentation. The full sum, at once. Three houses have bought the paper between them and they have stopped writing letters.	false
derpy_chd_ex_teb_dem_wrath_derpy_wyvern_scales_secondary	Sacrifice 180 Wyvern Scales in the Merchant Compact within 3 turns, or answer for it.	false
derpy_chd_ex_teb_dem_paid_title	The Note Discharged	false
derpy_chd_ex_teb_dem_paid_primary	The goods went out under the Temple's seal and the draft was cancelled in front of witnesses, as the form requires.	false
derpy_chd_ex_teb_dem_paid_secondary	Myrmidia is served, and your credit is a little better than it was.	false
derpy_chd_ex_teb_dem_wrath_title	The Note Protested	false
derpy_chd_ex_teb_dem_wrath_primary	Nothing was tendered by the day named. The notary attended, recorded that nothing was tendered, and filed it where such things are filed.	false
derpy_chd_ex_teb_dem_wrath_secondary	The Compact recovers its money the other way, and marks the ledger.	false
derpy_chd_ex_def_dem_tithe_animals_title	Khaine's Portion: Exotic Animals	false
derpy_chd_ex_def_dem_tithe_animals_primary	The beast-pens of Karond Kar are never full, and the beastmasters have been shown your manifest. The temple requires 30, and requires them today. A small offering. The temple keeps count, and the temple's count is the only one that matters.	false
derpy_chd_ex_def_dem_tithe_animals_secondary	Sacrifice 30 Exotic Animals in the Black Ark Market within 3 turns, or answer for it.	false
derpy_chd_ex_def_dem_hunger_animals_title	The Temple Thirsts: Exotic Animals	false
derpy_chd_ex_def_dem_hunger_animals_primary	The beast-pens of Karond Kar are never full, and the beastmasters have been shown your manifest. The temple requires 90, and requires them today. More than the usual portion. The Hag Queens were consulted and were not in a moderate humour.	false
derpy_chd_ex_def_dem_hunger_animals_secondary	Sacrifice 90 Exotic Animals in the Black Ark Market within 3 turns, or answer for it.	false
derpy_chd_ex_def_dem_wrath_animals_title	The Blood Price: Exotic Animals	false
derpy_chd_ex_def_dem_wrath_animals_primary	The beast-pens of Karond Kar are never full, and the beastmasters have been shown your manifest. The temple requires 180, and requires them today. The full sum, at once. The knives have been counted out onto the table, which is how the temple asks a second time.	false
derpy_chd_ex_def_dem_wrath_animals_secondary	Sacrifice 180 Exotic Animals in the Black Ark Market within 3 turns, or answer for it.	false
derpy_chd_ex_def_dem_tithe_dyes_title	Khaine's Portion: Dyes	false
derpy_chd_ex_def_dem_tithe_dyes_primary	The robes of the temple are a particular red, and the temple is particular about how it is got. The dye itself is bought like anything else. The temple requires 30, and requires them today. A small offering. The temple keeps count, and the temple's count is the only one that matters.	false
derpy_chd_ex_def_dem_tithe_dyes_secondary	Sacrifice 30 Dyes in the Black Ark Market within 3 turns, or answer for it.	false
derpy_chd_ex_def_dem_hunger_dyes_title	The Temple Thirsts: Dyes	false
derpy_chd_ex_def_dem_hunger_dyes_primary	The robes of the temple are a particular red, and the temple is particular about how it is got. The dye itself is bought like anything else. The temple requires 90, and requires them today. More than the usual portion. The Hag Queens were consulted and were not in a moderate humour.	false
derpy_chd_ex_def_dem_hunger_dyes_secondary	Sacrifice 90 Dyes in the Black Ark Market within 3 turns, or answer for it.	false
derpy_chd_ex_def_dem_wrath_dyes_title	The Blood Price: Dyes	false
derpy_chd_ex_def_dem_wrath_dyes_primary	The robes of the temple are a particular red, and the temple is particular about how it is got. The dye itself is bought like anything else. The temple requires 180, and requires them today. The full sum, at once. The knives have been counted out onto the table, which is how the temple asks a second time.	false
derpy_chd_ex_def_dem_wrath_dyes_secondary	Sacrifice 180 Dyes in the Black Ark Market within 3 turns, or answer for it.	false
derpy_chd_ex_def_dem_tithe_gems_title	Khaine's Portion: Gemstones	false
derpy_chd_ex_def_dem_tithe_gems_primary	Gems buy silence, and silence is the one commodity in Naggaroth that never comes down in price. The temple requires 30, and requires them today. A small offering. The temple keeps count, and the temple's count is the only one that matters.	false
derpy_chd_ex_def_dem_tithe_gems_secondary	Sacrifice 30 Gemstones in the Black Ark Market within 3 turns, or answer for it.	false
derpy_chd_ex_def_dem_hunger_gems_title	The Temple Thirsts: Gemstones	false
derpy_chd_ex_def_dem_hunger_gems_primary	Gems buy silence, and silence is the one commodity in Naggaroth that never comes down in price. The temple requires 90, and requires them today. More than the usual portion. The Hag Queens were consulted and were not in a moderate humour.	false
derpy_chd_ex_def_dem_hunger_gems_secondary	Sacrifice 90 Gemstones in the Black Ark Market within 3 turns, or answer for it.	false
derpy_chd_ex_def_dem_wrath_gems_title	The Blood Price: Gemstones	false
derpy_chd_ex_def_dem_wrath_gems_primary	Gems buy silence, and silence is the one commodity in Naggaroth that never comes down in price. The temple requires 180, and requires them today. The full sum, at once. The knives have been counted out onto the table, which is how the temple asks a second time.	false
derpy_chd_ex_def_dem_wrath_gems_secondary	Sacrifice 180 Gemstones in the Black Ark Market within 3 turns, or answer for it.	false
derpy_chd_ex_def_dem_tithe_gold_idols_title	Khaine's Portion: Golden Idols	false
derpy_chd_ex_def_dem_tithe_gold_idols_primary	Melted without ceremony and without asking whose face was on it. The assayers of Clar Karond are not sentimental people. The temple requires 30, and requires them today. A small offering. The temple keeps count, and the temple's count is the only one that matters.	false
derpy_chd_ex_def_dem_tithe_gold_idols_secondary	Sacrifice 30 Golden Idols in the Black Ark Market within 3 turns, or answer for it.	false
derpy_chd_ex_def_dem_hunger_gold_idols_title	The Temple Thirsts: Golden Idols	false
derpy_chd_ex_def_dem_hunger_gold_idols_primary	Melted without ceremony and without asking whose face was on it. The assayers of Clar Karond are not sentimental people. The temple requires 90, and requires them today. More than the usual portion. The Hag Queens were consulted and were not in a moderate humour.	false
derpy_chd_ex_def_dem_hunger_gold_idols_secondary	Sacrifice 90 Golden Idols in the Black Ark Market within 3 turns, or answer for it.	false
derpy_chd_ex_def_dem_wrath_gold_idols_title	The Blood Price: Golden Idols	false
derpy_chd_ex_def_dem_wrath_gold_idols_primary	Melted without ceremony and without asking whose face was on it. The assayers of Clar Karond are not sentimental people. The temple requires 180, and requires them today. The full sum, at once. The knives have been counted out onto the table, which is how the temple asks a second time.	false
derpy_chd_ex_def_dem_wrath_gold_idols_secondary	Sacrifice 180 Golden Idols in the Black Ark Market within 3 turns, or answer for it.	false
derpy_chd_ex_def_dem_tithe_ivory_title	Khaine's Portion: Tusks	false
derpy_chd_ex_def_dem_tithe_ivory_primary	Tusk for the scrimshaw of the corsair captains, who are vain, wealthy, and in competition with one another. The temple requires 30, and requires them today. A small offering. The temple keeps count, and the temple's count is the only one that matters.	false
derpy_chd_ex_def_dem_tithe_ivory_secondary	Sacrifice 30 Tusks in the Black Ark Market within 3 turns, or answer for it.	false
derpy_chd_ex_def_dem_hunger_ivory_title	The Temple Thirsts: Tusks	false
derpy_chd_ex_def_dem_hunger_ivory_primary	Tusk for the scrimshaw of the corsair captains, who are vain, wealthy, and in competition with one another. The temple requires 90, and requires them today. More than the usual portion. The Hag Queens were consulted and were not in a moderate humour.	false
derpy_chd_ex_def_dem_hunger_ivory_secondary	Sacrifice 90 Tusks in the Black Ark Market within 3 turns, or answer for it.	false
derpy_chd_ex_def_dem_wrath_ivory_title	The Blood Price: Tusks	false
derpy_chd_ex_def_dem_wrath_ivory_primary	Tusk for the scrimshaw of the corsair captains, who are vain, wealthy, and in competition with one another. The temple requires 180, and requires them today. The full sum, at once. The knives have been counted out onto the table, which is how the temple asks a second time.	false
derpy_chd_ex_def_dem_wrath_ivory_secondary	Sacrifice 180 Tusks in the Black Ark Market within 3 turns, or answer for it.	false
derpy_chd_ex_def_dem_tithe_medicine_title	Khaine's Portion: Medicinal Plants	false
derpy_chd_ex_def_dem_tithe_medicine_primary	Naggaroth grows medicine it has no intention of wasting on its own. It sells very well to people who will. The temple requires 30, and requires them today. A small offering. The temple keeps count, and the temple's count is the only one that matters.	false
derpy_chd_ex_def_dem_tithe_medicine_secondary	Sacrifice 30 Medicinal Plants in the Black Ark Market within 3 turns, or answer for it.	false
derpy_chd_ex_def_dem_hunger_medicine_title	The Temple Thirsts: Medicinal Plants	false
derpy_chd_ex_def_dem_hunger_medicine_primary	Naggaroth grows medicine it has no intention of wasting on its own. It sells very well to people who will. The temple requires 90, and requires them today. More than the usual portion. The Hag Queens were consulted and were not in a moderate humour.	false
derpy_chd_ex_def_dem_hunger_medicine_secondary	Sacrifice 90 Medicinal Plants in the Black Ark Market within 3 turns, or answer for it.	false
derpy_chd_ex_def_dem_wrath_medicine_title	The Blood Price: Medicinal Plants	false
derpy_chd_ex_def_dem_wrath_medicine_primary	Naggaroth grows medicine it has no intention of wasting on its own. It sells very well to people who will. The temple requires 180, and requires them today. The full sum, at once. The knives have been counted out onto the table, which is how the temple asks a second time.	false
derpy_chd_ex_def_dem_wrath_medicine_secondary	Sacrifice 180 Medicinal Plants in the Black Ark Market within 3 turns, or answer for it.	false
derpy_chd_ex_def_dem_tithe_obsidian_title	Khaine's Portion: Carved Obsidian	false
derpy_chd_ex_def_dem_tithe_obsidian_primary	Black glass for the Convent's work, and the Sorceresses have been unusually direct about wanting it. The temple requires 30, and requires them today. A small offering. The temple keeps count, and the temple's count is the only one that matters.	false
derpy_chd_ex_def_dem_tithe_obsidian_secondary	Sacrifice 30 Carved Obsidian in the Black Ark Market within 3 turns, or answer for it.	false
derpy_chd_ex_def_dem_hunger_obsidian_title	The Temple Thirsts: Carved Obsidian	false
derpy_chd_ex_def_dem_hunger_obsidian_primary	Black glass for the Convent's work, and the Sorceresses have been unusually direct about wanting it. The temple requires 90, and requires them today. More than the usual portion. The Hag Queens were consulted and were not in a moderate humour.	false
derpy_chd_ex_def_dem_hunger_obsidian_secondary	Sacrifice 90 Carved Obsidian in the Black Ark Market within 3 turns, or answer for it.	false
derpy_chd_ex_def_dem_wrath_obsidian_title	The Blood Price: Carved Obsidian	false
derpy_chd_ex_def_dem_wrath_obsidian_primary	Black glass for the Convent's work, and the Sorceresses have been unusually direct about wanting it. The temple requires 180, and requires them today. The full sum, at once. The knives have been counted out onto the table, which is how the temple asks a second time.	false
derpy_chd_ex_def_dem_wrath_obsidian_secondary	Sacrifice 180 Carved Obsidian in the Black Ark Market within 3 turns, or answer for it.	false
derpy_chd_ex_def_dem_tithe_rom_furs_title	Khaine's Portion: Furs	false
derpy_chd_ex_def_dem_tithe_rom_furs_primary	Naggaroth is cold beyond the understanding of anyone who has not wintered there, and the cloak trade never slackens. The temple requires 30, and requires them today. A small offering. The temple keeps count, and the temple's count is the only one that matters.	false
derpy_chd_ex_def_dem_tithe_rom_furs_secondary	Sacrifice 30 Furs in the Black Ark Market within 3 turns, or answer for it.	false
derpy_chd_ex_def_dem_hunger_rom_furs_title	The Temple Thirsts: Furs	false
derpy_chd_ex_def_dem_hunger_rom_furs_primary	Naggaroth is cold beyond the understanding of anyone who has not wintered there, and the cloak trade never slackens. The temple requires 90, and requires them today. More than the usual portion. The Hag Queens were consulted and were not in a moderate humour.	false
derpy_chd_ex_def_dem_hunger_rom_furs_secondary	Sacrifice 90 Furs in the Black Ark Market within 3 turns, or answer for it.	false
derpy_chd_ex_def_dem_wrath_rom_furs_title	The Blood Price: Furs	false
derpy_chd_ex_def_dem_wrath_rom_furs_primary	Naggaroth is cold beyond the understanding of anyone who has not wintered there, and the cloak trade never slackens. The temple requires 180, and requires them today. The full sum, at once. The knives have been counted out onto the table, which is how the temple asks a second time.	false
derpy_chd_ex_def_dem_wrath_rom_furs_secondary	Sacrifice 180 Furs in the Black Ark Market within 3 turns, or answer for it.	false
derpy_chd_ex_def_dem_tithe_rom_glass_title	Khaine's Portion: Dwarf Beer	false
derpy_chd_ex_def_dem_tithe_rom_glass_primary	Taken off a Dwarf trader by accident and found, to general disgust, to be worth something to somebody. The temple requires 30, and requires them today. A small offering. The temple keeps count, and the temple's count is the only one that matters.	false
derpy_chd_ex_def_dem_tithe_rom_glass_secondary	Sacrifice 30 Dwarf Beer in the Black Ark Market within 3 turns, or answer for it.	false
derpy_chd_ex_def_dem_hunger_rom_glass_title	The Temple Thirsts: Dwarf Beer	false
derpy_chd_ex_def_dem_hunger_rom_glass_primary	Taken off a Dwarf trader by accident and found, to general disgust, to be worth something to somebody. The temple requires 90, and requires them today. More than the usual portion. The Hag Queens were consulted and were not in a moderate humour.	false
derpy_chd_ex_def_dem_hunger_rom_glass_secondary	Sacrifice 90 Dwarf Beer in the Black Ark Market within 3 turns, or answer for it.	false
derpy_chd_ex_def_dem_wrath_rom_glass_title	The Blood Price: Dwarf Beer	false
derpy_chd_ex_def_dem_wrath_rom_glass_primary	Taken off a Dwarf trader by accident and found, to general disgust, to be worth something to somebody. The temple requires 180, and requires them today. The full sum, at once. The knives have been counted out onto the table, which is how the temple asks a second time.	false
derpy_chd_ex_def_dem_wrath_rom_glass_secondary	Sacrifice 180 Dwarf Beer in the Black Ark Market within 3 turns, or answer for it.	false
derpy_chd_ex_def_dem_tithe_rom_iron_title	Khaine's Portion: Iron	false
derpy_chd_ex_def_dem_tithe_rom_iron_primary	Hag Graef's forges run black day and night, and the overseers have costed your bars against the lives it takes to work them. They found the bars cheaper. The temple requires 30, and requires them today. A small offering. The temple keeps count, and the temple's count is the only one that matters.	false
derpy_chd_ex_def_dem_tithe_rom_iron_secondary	Sacrifice 30 Iron in the Black Ark Market within 3 turns, or answer for it.	false
derpy_chd_ex_def_dem_hunger_rom_iron_title	The Temple Thirsts: Iron	false
derpy_chd_ex_def_dem_hunger_rom_iron_primary	Hag Graef's forges run black day and night, and the overseers have costed your bars against the lives it takes to work them. They found the bars cheaper. The temple requires 90, and requires them today. More than the usual portion. The Hag Queens were consulted and were not in a moderate humour.	false
derpy_chd_ex_def_dem_hunger_rom_iron_secondary	Sacrifice 90 Iron in the Black Ark Market within 3 turns, or answer for it.	false
derpy_chd_ex_def_dem_wrath_rom_iron_title	The Blood Price: Iron	false
derpy_chd_ex_def_dem_wrath_rom_iron_primary	Hag Graef's forges run black day and night, and the overseers have costed your bars against the lives it takes to work them. They found the bars cheaper. The temple requires 180, and requires them today. The full sum, at once. The knives have been counted out onto the table, which is how the temple asks a second time.	false
derpy_chd_ex_def_dem_wrath_rom_iron_secondary	Sacrifice 180 Iron in the Black Ark Market within 3 turns, or answer for it.	false
derpy_chd_ex_def_dem_tithe_rom_lead_title	Khaine's Portion: Salt	false
derpy_chd_ex_def_dem_tithe_rom_lead_primary	Salt for the holds of the fleet and the cellars beneath them, bought in quantities that are not discussed. The temple requires 30, and requires them today. A small offering. The temple keeps count, and the temple's count is the only one that matters.	false
derpy_chd_ex_def_dem_tithe_rom_lead_secondary	Sacrifice 30 Salt in the Black Ark Market within 3 turns, or answer for it.	false
derpy_chd_ex_def_dem_hunger_rom_lead_title	The Temple Thirsts: Salt	false
derpy_chd_ex_def_dem_hunger_rom_lead_primary	Salt for the holds of the fleet and the cellars beneath them, bought in quantities that are not discussed. The temple requires 90, and requires them today. More than the usual portion. The Hag Queens were consulted and were not in a moderate humour.	false
derpy_chd_ex_def_dem_hunger_rom_lead_secondary	Sacrifice 90 Salt in the Black Ark Market within 3 turns, or answer for it.	false
derpy_chd_ex_def_dem_wrath_rom_lead_title	The Blood Price: Salt	false
derpy_chd_ex_def_dem_wrath_rom_lead_primary	Salt for the holds of the fleet and the cellars beneath them, bought in quantities that are not discussed. The temple requires 180, and requires them today. The full sum, at once. The knives have been counted out onto the table, which is how the temple asks a second time.	false
derpy_chd_ex_def_dem_wrath_rom_lead_secondary	Sacrifice 180 Salt in the Black Ark Market within 3 turns, or answer for it.	false
derpy_chd_ex_def_dem_tithe_rom_marble_title	Khaine's Portion: Marble	false
derpy_chd_ex_def_dem_tithe_rom_marble_primary	The Witch King builds, and what the Witch King builds is faced in stone that Naggaroth is too cold to quarry. The temple requires 30, and requires them today. A small offering. The temple keeps count, and the temple's count is the only one that matters.	false
derpy_chd_ex_def_dem_tithe_rom_marble_secondary	Sacrifice 30 Marble in the Black Ark Market within 3 turns, or answer for it.	false
derpy_chd_ex_def_dem_hunger_rom_marble_title	The Temple Thirsts: Marble	false
derpy_chd_ex_def_dem_hunger_rom_marble_primary	The Witch King builds, and what the Witch King builds is faced in stone that Naggaroth is too cold to quarry. The temple requires 90, and requires them today. More than the usual portion. The Hag Queens were consulted and were not in a moderate humour.	false
derpy_chd_ex_def_dem_hunger_rom_marble_secondary	Sacrifice 90 Marble in the Black Ark Market within 3 turns, or answer for it.	false
derpy_chd_ex_def_dem_wrath_rom_marble_title	The Blood Price: Marble	false
derpy_chd_ex_def_dem_wrath_rom_marble_primary	The Witch King builds, and what the Witch King builds is faced in stone that Naggaroth is too cold to quarry. The temple requires 180, and requires them today. The full sum, at once. The knives have been counted out onto the table, which is how the temple asks a second time.	false
derpy_chd_ex_def_dem_wrath_rom_marble_secondary	Sacrifice 180 Marble in the Black Ark Market within 3 turns, or answer for it.	false
derpy_chd_ex_def_dem_tithe_rom_textiles_title	Khaine's Portion: Pottery	false
derpy_chd_ex_def_dem_tithe_rom_textiles_primary	Nobody in Naggaroth has time to fire a pot. Everything on the table came off a ship that is no longer afloat. The temple requires 30, and requires them today. A small offering. The temple keeps count, and the temple's count is the only one that matters.	false
derpy_chd_ex_def_dem_tithe_rom_textiles_secondary	Sacrifice 30 Pottery in the Black Ark Market within 3 turns, or answer for it.	false
derpy_chd_ex_def_dem_hunger_rom_textiles_title	The Temple Thirsts: Pottery	false
derpy_chd_ex_def_dem_hunger_rom_textiles_primary	Nobody in Naggaroth has time to fire a pot. Everything on the table came off a ship that is no longer afloat. The temple requires 90, and requires them today. More than the usual portion. The Hag Queens were consulted and were not in a moderate humour.	false
derpy_chd_ex_def_dem_hunger_rom_textiles_secondary	Sacrifice 90 Pottery in the Black Ark Market within 3 turns, or answer for it.	false
derpy_chd_ex_def_dem_wrath_rom_textiles_title	The Blood Price: Pottery	false
derpy_chd_ex_def_dem_wrath_rom_textiles_primary	Nobody in Naggaroth has time to fire a pot. Everything on the table came off a ship that is no longer afloat. The temple requires 180, and requires them today. The full sum, at once. The knives have been counted out onto the table, which is how the temple asks a second time.	false
derpy_chd_ex_def_dem_wrath_rom_textiles_secondary	Sacrifice 180 Pottery in the Black Ark Market within 3 turns, or answer for it.	false
derpy_chd_ex_def_dem_tithe_rom_timber_title	Khaine's Portion: Timber	false
derpy_chd_ex_def_dem_tithe_rom_timber_primary	Another Ark is on the slips at Karond Kar, and the yards are eating timber faster than the raids can bring it home. The temple requires 30, and requires them today. A small offering. The temple keeps count, and the temple's count is the only one that matters.	false
derpy_chd_ex_def_dem_tithe_rom_timber_secondary	Sacrifice 30 Timber in the Black Ark Market within 3 turns, or answer for it.	false
derpy_chd_ex_def_dem_hunger_rom_timber_title	The Temple Thirsts: Timber	false
derpy_chd_ex_def_dem_hunger_rom_timber_primary	Another Ark is on the slips at Karond Kar, and the yards are eating timber faster than the raids can bring it home. The temple requires 90, and requires them today. More than the usual portion. The Hag Queens were consulted and were not in a moderate humour.	false
derpy_chd_ex_def_dem_hunger_rom_timber_secondary	Sacrifice 90 Timber in the Black Ark Market within 3 turns, or answer for it.	false
derpy_chd_ex_def_dem_wrath_rom_timber_title	The Blood Price: Timber	false
derpy_chd_ex_def_dem_wrath_rom_timber_primary	Another Ark is on the slips at Karond Kar, and the yards are eating timber faster than the raids can bring it home. The temple requires 180, and requires them today. The full sum, at once. The knives have been counted out onto the table, which is how the temple asks a second time.	false
derpy_chd_ex_def_dem_wrath_rom_timber_secondary	Sacrifice 180 Timber in the Black Ark Market within 3 turns, or answer for it.	false
derpy_chd_ex_def_dem_tithe_rom_wine_title	Khaine's Portion: Wine	false
derpy_chd_ex_def_dem_tithe_rom_wine_primary	Wine survives the crossing better than most cargo and is drunk faster than any of it. The cellars of Har Ganeth are empty again. The temple requires 30, and requires them today. A small offering. The temple keeps count, and the temple's count is the only one that matters.	false
derpy_chd_ex_def_dem_tithe_rom_wine_secondary	Sacrifice 30 Wine in the Black Ark Market within 3 turns, or answer for it.	false
derpy_chd_ex_def_dem_hunger_rom_wine_title	The Temple Thirsts: Wine	false
derpy_chd_ex_def_dem_hunger_rom_wine_primary	Wine survives the crossing better than most cargo and is drunk faster than any of it. The cellars of Har Ganeth are empty again. The temple requires 90, and requires them today. More than the usual portion. The Hag Queens were consulted and were not in a moderate humour.	false
derpy_chd_ex_def_dem_hunger_rom_wine_secondary	Sacrifice 90 Wine in the Black Ark Market within 3 turns, or answer for it.	false
derpy_chd_ex_def_dem_wrath_rom_wine_title	The Blood Price: Wine	false
derpy_chd_ex_def_dem_wrath_rom_wine_primary	Wine survives the crossing better than most cargo and is drunk faster than any of it. The cellars of Har Ganeth are empty again. The temple requires 180, and requires them today. The full sum, at once. The knives have been counted out onto the table, which is how the temple asks a second time.	false
derpy_chd_ex_def_dem_wrath_rom_wine_secondary	Sacrifice 180 Wine in the Black Ark Market within 3 turns, or answer for it.	false
derpy_chd_ex_def_dem_tithe_spices_title	Khaine's Portion: Spices	false
derpy_chd_ex_def_dem_tithe_spices_primary	Spice covers what the kitchens of Naggarond would rather the guests did not identify. The temple requires 30, and requires them today. A small offering. The temple keeps count, and the temple's count is the only one that matters.	false
derpy_chd_ex_def_dem_tithe_spices_secondary	Sacrifice 30 Spices in the Black Ark Market within 3 turns, or answer for it.	false
derpy_chd_ex_def_dem_hunger_spices_title	The Temple Thirsts: Spices	false
derpy_chd_ex_def_dem_hunger_spices_primary	Spice covers what the kitchens of Naggarond would rather the guests did not identify. The temple requires 90, and requires them today. More than the usual portion. The Hag Queens were consulted and were not in a moderate humour.	false
derpy_chd_ex_def_dem_hunger_spices_secondary	Sacrifice 90 Spices in the Black Ark Market within 3 turns, or answer for it.	false
derpy_chd_ex_def_dem_wrath_spices_title	The Blood Price: Spices	false
derpy_chd_ex_def_dem_wrath_spices_primary	Spice covers what the kitchens of Naggarond would rather the guests did not identify. The temple requires 180, and requires them today. The full sum, at once. The knives have been counted out onto the table, which is how the temple asks a second time.	false
derpy_chd_ex_def_dem_wrath_spices_secondary	Sacrifice 180 Spices in the Black Ark Market within 3 turns, or answer for it.	false
derpy_chd_ex_def_dem_tithe_trinkets_title	Khaine's Portion: Elven Trinkets	false
derpy_chd_ex_def_dem_tithe_trinkets_primary	Asur work taken at sea and sold on to Old World collectors who prefer not to ask, at a markup that reflects how it was got. The temple requires 30, and requires them today. A small offering. The temple keeps count, and the temple's count is the only one that matters.	false
derpy_chd_ex_def_dem_tithe_trinkets_secondary	Sacrifice 30 Elven Trinkets in the Black Ark Market within 3 turns, or answer for it.	false
derpy_chd_ex_def_dem_hunger_trinkets_title	The Temple Thirsts: Elven Trinkets	false
derpy_chd_ex_def_dem_hunger_trinkets_primary	Asur work taken at sea and sold on to Old World collectors who prefer not to ask, at a markup that reflects how it was got. The temple requires 90, and requires them today. More than the usual portion. The Hag Queens were consulted and were not in a moderate humour.	false
derpy_chd_ex_def_dem_hunger_trinkets_secondary	Sacrifice 90 Elven Trinkets in the Black Ark Market within 3 turns, or answer for it.	false
derpy_chd_ex_def_dem_wrath_trinkets_title	The Blood Price: Elven Trinkets	false
derpy_chd_ex_def_dem_wrath_trinkets_primary	Asur work taken at sea and sold on to Old World collectors who prefer not to ask, at a markup that reflects how it was got. The temple requires 180, and requires them today. The full sum, at once. The knives have been counted out onto the table, which is how the temple asks a second time.	false
derpy_chd_ex_def_dem_wrath_trinkets_secondary	Sacrifice 180 Elven Trinkets in the Black Ark Market within 3 turns, or answer for it.	false
derpy_chd_ex_def_dem_tithe_derpy_amber_title	Khaine's Portion: Amber	false
derpy_chd_ex_def_dem_tithe_derpy_amber_primary	Amber is prized by jewellers and wizards alike. Your chests of it have not gone unremarked. The temple requires 30, and requires them today. A small offering. The temple keeps count, and the temple's count is the only one that matters.	false
derpy_chd_ex_def_dem_tithe_derpy_amber_secondary	Sacrifice 30 Amber in the Black Ark Market within 3 turns, or answer for it.	false
derpy_chd_ex_def_dem_hunger_derpy_amber_title	The Temple Thirsts: Amber	false
derpy_chd_ex_def_dem_hunger_derpy_amber_primary	Amber is prized by jewellers and wizards alike. Your chests of it have not gone unremarked. The temple requires 90, and requires them today. More than the usual portion. The Hag Queens were consulted and were not in a moderate humour.	false
derpy_chd_ex_def_dem_hunger_derpy_amber_secondary	Sacrifice 90 Amber in the Black Ark Market within 3 turns, or answer for it.	false
derpy_chd_ex_def_dem_wrath_derpy_amber_title	The Blood Price: Amber	false
derpy_chd_ex_def_dem_wrath_derpy_amber_primary	Amber is prized by jewellers and wizards alike. Your chests of it have not gone unremarked. The temple requires 180, and requires them today. The full sum, at once. The knives have been counted out onto the table, which is how the temple asks a second time.	false
derpy_chd_ex_def_dem_wrath_derpy_amber_secondary	Sacrifice 180 Amber in the Black Ark Market within 3 turns, or answer for it.	false
derpy_chd_ex_def_dem_tithe_derpy_black_lotus_title	Khaine's Portion: Black Lotus	false
derpy_chd_ex_def_dem_tithe_derpy_black_lotus_primary	Black lotus is sought by assassins and healers alike. Somebody knows exactly how many ounces you hold. The temple requires 30, and requires them today. A small offering. The temple keeps count, and the temple's count is the only one that matters.	false
derpy_chd_ex_def_dem_tithe_derpy_black_lotus_secondary	Sacrifice 30 Black Lotus in the Black Ark Market within 3 turns, or answer for it.	false
derpy_chd_ex_def_dem_hunger_derpy_black_lotus_title	The Temple Thirsts: Black Lotus	false
derpy_chd_ex_def_dem_hunger_derpy_black_lotus_primary	Black lotus is sought by assassins and healers alike. Somebody knows exactly how many ounces you hold. The temple requires 90, and requires them today. More than the usual portion. The Hag Queens were consulted and were not in a moderate humour.	false
derpy_chd_ex_def_dem_hunger_derpy_black_lotus_secondary	Sacrifice 90 Black Lotus in the Black Ark Market within 3 turns, or answer for it.	false
derpy_chd_ex_def_dem_wrath_derpy_black_lotus_title	The Blood Price: Black Lotus	false
derpy_chd_ex_def_dem_wrath_derpy_black_lotus_primary	Black lotus is sought by assassins and healers alike. Somebody knows exactly how many ounces you hold. The temple requires 180, and requires them today. The full sum, at once. The knives have been counted out onto the table, which is how the temple asks a second time.	false
derpy_chd_ex_def_dem_wrath_derpy_black_lotus_secondary	Sacrifice 180 Black Lotus in the Black Ark Market within 3 turns, or answer for it.	false
derpy_chd_ex_def_dem_tithe_derpy_blackpowder_title	Khaine's Portion: Blackpowder	false
derpy_chd_ex_def_dem_tithe_derpy_blackpowder_primary	Blackpowder is the cannon's bread. Your kegs are known, and so is how dry you are keeping them. The temple requires 30, and requires them today. A small offering. The temple keeps count, and the temple's count is the only one that matters.	false
derpy_chd_ex_def_dem_tithe_derpy_blackpowder_secondary	Sacrifice 30 Blackpowder in the Black Ark Market within 3 turns, or answer for it.	false
derpy_chd_ex_def_dem_hunger_derpy_blackpowder_title	The Temple Thirsts: Blackpowder	false
derpy_chd_ex_def_dem_hunger_derpy_blackpowder_primary	Blackpowder is the cannon's bread. Your kegs are known, and so is how dry you are keeping them. The temple requires 90, and requires them today. More than the usual portion. The Hag Queens were consulted and were not in a moderate humour.	false
derpy_chd_ex_def_dem_hunger_derpy_blackpowder_secondary	Sacrifice 90 Blackpowder in the Black Ark Market within 3 turns, or answer for it.	false
derpy_chd_ex_def_dem_wrath_derpy_blackpowder_title	The Blood Price: Blackpowder	false
derpy_chd_ex_def_dem_wrath_derpy_blackpowder_primary	Blackpowder is the cannon's bread. Your kegs are known, and so is how dry you are keeping them. The temple requires 180, and requires them today. The full sum, at once. The knives have been counted out onto the table, which is how the temple asks a second time.	false
derpy_chd_ex_def_dem_wrath_derpy_blackpowder_secondary	Sacrifice 180 Blackpowder in the Black Ark Market within 3 turns, or answer for it.	false
derpy_chd_ex_def_dem_tithe_derpy_books_title	Khaine's Portion: Books	false
derpy_chd_ex_def_dem_tithe_derpy_books_primary	Books are knowledge, and knowledge is owed. Your crates of them have been catalogued by somebody else. The temple requires 30, and requires them today. A small offering. The temple keeps count, and the temple's count is the only one that matters.	false
derpy_chd_ex_def_dem_tithe_derpy_books_secondary	Sacrifice 30 Books in the Black Ark Market within 3 turns, or answer for it.	false
derpy_chd_ex_def_dem_hunger_derpy_books_title	The Temple Thirsts: Books	false
derpy_chd_ex_def_dem_hunger_derpy_books_primary	Books are knowledge, and knowledge is owed. Your crates of them have been catalogued by somebody else. The temple requires 90, and requires them today. More than the usual portion. The Hag Queens were consulted and were not in a moderate humour.	false
derpy_chd_ex_def_dem_hunger_derpy_books_secondary	Sacrifice 90 Books in the Black Ark Market within 3 turns, or answer for it.	false
derpy_chd_ex_def_dem_wrath_derpy_books_title	The Blood Price: Books	false
derpy_chd_ex_def_dem_wrath_derpy_books_primary	Books are knowledge, and knowledge is owed. Your crates of them have been catalogued by somebody else. The temple requires 180, and requires them today. The full sum, at once. The knives have been counted out onto the table, which is how the temple asks a second time.	false
derpy_chd_ex_def_dem_wrath_derpy_books_secondary	Sacrifice 180 Books in the Black Ark Market within 3 turns, or answer for it.	false
derpy_chd_ex_def_dem_tithe_derpy_brass_title	Khaine's Portion: Brass	false
derpy_chd_ex_def_dem_tithe_derpy_brass_primary	Brass is cast for gears, guns and idols. Your ingots are written into a ledger that is not yours. The temple requires 30, and requires them today. A small offering. The temple keeps count, and the temple's count is the only one that matters.	false
derpy_chd_ex_def_dem_tithe_derpy_brass_secondary	Sacrifice 30 Brass in the Black Ark Market within 3 turns, or answer for it.	false
derpy_chd_ex_def_dem_hunger_derpy_brass_title	The Temple Thirsts: Brass	false
derpy_chd_ex_def_dem_hunger_derpy_brass_primary	Brass is cast for gears, guns and idols. Your ingots are written into a ledger that is not yours. The temple requires 90, and requires them today. More than the usual portion. The Hag Queens were consulted and were not in a moderate humour.	false
derpy_chd_ex_def_dem_hunger_derpy_brass_secondary	Sacrifice 90 Brass in the Black Ark Market within 3 turns, or answer for it.	false
derpy_chd_ex_def_dem_wrath_derpy_brass_title	The Blood Price: Brass	false
derpy_chd_ex_def_dem_wrath_derpy_brass_primary	Brass is cast for gears, guns and idols. Your ingots are written into a ledger that is not yours. The temple requires 180, and requires them today. The full sum, at once. The knives have been counted out onto the table, which is how the temple asks a second time.	false
derpy_chd_ex_def_dem_wrath_derpy_brass_secondary	Sacrifice 180 Brass in the Black Ark Market within 3 turns, or answer for it.	false
derpy_chd_ex_def_dem_tithe_derpy_brimstone_title	Khaine's Portion: Brimstone	false
derpy_chd_ex_def_dem_tithe_derpy_brimstone_primary	Brimstone feeds the furnace and the powder mill both. Your sacks of it have not gone unnoticed. The temple requires 30, and requires them today. A small offering. The temple keeps count, and the temple's count is the only one that matters.	false
derpy_chd_ex_def_dem_tithe_derpy_brimstone_secondary	Sacrifice 30 Brimstone in the Black Ark Market within 3 turns, or answer for it.	false
derpy_chd_ex_def_dem_hunger_derpy_brimstone_title	The Temple Thirsts: Brimstone	false
derpy_chd_ex_def_dem_hunger_derpy_brimstone_primary	Brimstone feeds the furnace and the powder mill both. Your sacks of it have not gone unnoticed. The temple requires 90, and requires them today. More than the usual portion. The Hag Queens were consulted and were not in a moderate humour.	false
derpy_chd_ex_def_dem_hunger_derpy_brimstone_secondary	Sacrifice 90 Brimstone in the Black Ark Market within 3 turns, or answer for it.	false
derpy_chd_ex_def_dem_wrath_derpy_brimstone_title	The Blood Price: Brimstone	false
derpy_chd_ex_def_dem_wrath_derpy_brimstone_primary	Brimstone feeds the furnace and the powder mill both. Your sacks of it have not gone unnoticed. The temple requires 180, and requires them today. The full sum, at once. The knives have been counted out onto the table, which is how the temple asks a second time.	false
derpy_chd_ex_def_dem_wrath_derpy_brimstone_secondary	Sacrifice 180 Brimstone in the Black Ark Market within 3 turns, or answer for it.	false
derpy_chd_ex_def_dem_tithe_derpy_carpets_title	Khaine's Portion: Arabyan Carpets	false
derpy_chd_ex_def_dem_tithe_derpy_carpets_primary	Arabyan carpets are knotted in patterns older than the Empire. Your rolls have been unrolled and priced. The temple requires 30, and requires them today. A small offering. The temple keeps count, and the temple's count is the only one that matters.	false
derpy_chd_ex_def_dem_tithe_derpy_carpets_secondary	Sacrifice 30 Arabyan Carpets in the Black Ark Market within 3 turns, or answer for it.	false
derpy_chd_ex_def_dem_hunger_derpy_carpets_title	The Temple Thirsts: Arabyan Carpets	false
derpy_chd_ex_def_dem_hunger_derpy_carpets_primary	Arabyan carpets are knotted in patterns older than the Empire. Your rolls have been unrolled and priced. The temple requires 90, and requires them today. More than the usual portion. The Hag Queens were consulted and were not in a moderate humour.	false
derpy_chd_ex_def_dem_hunger_derpy_carpets_secondary	Sacrifice 90 Arabyan Carpets in the Black Ark Market within 3 turns, or answer for it.	false
derpy_chd_ex_def_dem_wrath_derpy_carpets_title	The Blood Price: Arabyan Carpets	false
derpy_chd_ex_def_dem_wrath_derpy_carpets_primary	Arabyan carpets are knotted in patterns older than the Empire. Your rolls have been unrolled and priced. The temple requires 180, and requires them today. The full sum, at once. The knives have been counted out onto the table, which is how the temple asks a second time.	false
derpy_chd_ex_def_dem_wrath_derpy_carpets_secondary	Sacrifice 180 Arabyan Carpets in the Black Ark Market within 3 turns, or answer for it.	false
derpy_chd_ex_def_dem_tithe_derpy_coal_title	Khaine's Portion: Coal	false
derpy_chd_ex_def_dem_tithe_derpy_coal_primary	Every forge and furnace burns coal. Yours is stacked in sacks while other fires go hungry. The temple requires 30, and requires them today. A small offering. The temple keeps count, and the temple's count is the only one that matters.	false
derpy_chd_ex_def_dem_tithe_derpy_coal_secondary	Sacrifice 30 Coal in the Black Ark Market within 3 turns, or answer for it.	false
derpy_chd_ex_def_dem_hunger_derpy_coal_title	The Temple Thirsts: Coal	false
derpy_chd_ex_def_dem_hunger_derpy_coal_primary	Every forge and furnace burns coal. Yours is stacked in sacks while other fires go hungry. The temple requires 90, and requires them today. More than the usual portion. The Hag Queens were consulted and were not in a moderate humour.	false
derpy_chd_ex_def_dem_hunger_derpy_coal_secondary	Sacrifice 90 Coal in the Black Ark Market within 3 turns, or answer for it.	false
derpy_chd_ex_def_dem_wrath_derpy_coal_title	The Blood Price: Coal	false
derpy_chd_ex_def_dem_wrath_derpy_coal_primary	Every forge and furnace burns coal. Yours is stacked in sacks while other fires go hungry. The temple requires 180, and requires them today. The full sum, at once. The knives have been counted out onto the table, which is how the temple asks a second time.	false
derpy_chd_ex_def_dem_wrath_derpy_coal_secondary	Sacrifice 180 Coal in the Black Ark Market within 3 turns, or answer for it.	false
derpy_chd_ex_def_dem_tithe_derpy_dragon_bone_title	Khaine's Portion: Dragon Bone	false
derpy_chd_ex_def_dem_tithe_derpy_dragon_bone_primary	Dragon bone grows rarer every century. Your crates of it are a matter of record. The temple requires 30, and requires them today. A small offering. The temple keeps count, and the temple's count is the only one that matters.	false
derpy_chd_ex_def_dem_tithe_derpy_dragon_bone_secondary	Sacrifice 30 Dragon Bone in the Black Ark Market within 3 turns, or answer for it.	false
derpy_chd_ex_def_dem_hunger_derpy_dragon_bone_title	The Temple Thirsts: Dragon Bone	false
derpy_chd_ex_def_dem_hunger_derpy_dragon_bone_primary	Dragon bone grows rarer every century. Your crates of it are a matter of record. The temple requires 90, and requires them today. More than the usual portion. The Hag Queens were consulted and were not in a moderate humour.	false
derpy_chd_ex_def_dem_hunger_derpy_dragon_bone_secondary	Sacrifice 90 Dragon Bone in the Black Ark Market within 3 turns, or answer for it.	false
derpy_chd_ex_def_dem_wrath_derpy_dragon_bone_title	The Blood Price: Dragon Bone	false
derpy_chd_ex_def_dem_wrath_derpy_dragon_bone_primary	Dragon bone grows rarer every century. Your crates of it are a matter of record. The temple requires 180, and requires them today. The full sum, at once. The knives have been counted out onto the table, which is how the temple asks a second time.	false
derpy_chd_ex_def_dem_wrath_derpy_dragon_bone_secondary	Sacrifice 180 Dragon Bone in the Black Ark Market within 3 turns, or answer for it.	false
derpy_chd_ex_def_dem_tithe_derpy_feathers_title	Khaine's Portion: Griffon and Pegasus Feathers	false
derpy_chd_ex_def_dem_tithe_derpy_feathers_primary	Griffon and pegasus feathers are gathered from the high eyries at some risk. Your bundles have been counted. The temple requires 30, and requires them today. A small offering. The temple keeps count, and the temple's count is the only one that matters.	false
derpy_chd_ex_def_dem_tithe_derpy_feathers_secondary	Sacrifice 30 Griffon and Pegasus Feathers in the Black Ark Market within 3 turns, or answer for it.	false
derpy_chd_ex_def_dem_hunger_derpy_feathers_title	The Temple Thirsts: Griffon and Pegasus Feathers	false
derpy_chd_ex_def_dem_hunger_derpy_feathers_primary	Griffon and pegasus feathers are gathered from the high eyries at some risk. Your bundles have been counted. The temple requires 90, and requires them today. More than the usual portion. The Hag Queens were consulted and were not in a moderate humour.	false
derpy_chd_ex_def_dem_hunger_derpy_feathers_secondary	Sacrifice 90 Griffon and Pegasus Feathers in the Black Ark Market within 3 turns, or answer for it.	false
derpy_chd_ex_def_dem_wrath_derpy_feathers_title	The Blood Price: Griffon and Pegasus Feathers	false
derpy_chd_ex_def_dem_wrath_derpy_feathers_primary	Griffon and pegasus feathers are gathered from the high eyries at some risk. Your bundles have been counted. The temple requires 180, and requires them today. The full sum, at once. The knives have been counted out onto the table, which is how the temple asks a second time.	false
derpy_chd_ex_def_dem_wrath_derpy_feathers_secondary	Sacrifice 180 Griffon and Pegasus Feathers in the Black Ark Market within 3 turns, or answer for it.	false
derpy_chd_ex_def_dem_tithe_derpy_glassware_title	Khaine's Portion: Glassware	false
derpy_chd_ex_def_dem_tithe_derpy_glassware_primary	Fine glass is easily broken and dearly bought. Your crates of it have been counted, carefully. The temple requires 30, and requires them today. A small offering. The temple keeps count, and the temple's count is the only one that matters.	false
derpy_chd_ex_def_dem_tithe_derpy_glassware_secondary	Sacrifice 30 Glassware in the Black Ark Market within 3 turns, or answer for it.	false
derpy_chd_ex_def_dem_hunger_derpy_glassware_title	The Temple Thirsts: Glassware	false
derpy_chd_ex_def_dem_hunger_derpy_glassware_primary	Fine glass is easily broken and dearly bought. Your crates of it have been counted, carefully. The temple requires 90, and requires them today. More than the usual portion. The Hag Queens were consulted and were not in a moderate humour.	false
derpy_chd_ex_def_dem_hunger_derpy_glassware_secondary	Sacrifice 90 Glassware in the Black Ark Market within 3 turns, or answer for it.	false
derpy_chd_ex_def_dem_wrath_derpy_glassware_title	The Blood Price: Glassware	false
derpy_chd_ex_def_dem_wrath_derpy_glassware_primary	Fine glass is easily broken and dearly bought. Your crates of it have been counted, carefully. The temple requires 180, and requires them today. The full sum, at once. The knives have been counted out onto the table, which is how the temple asks a second time.	false
derpy_chd_ex_def_dem_wrath_derpy_glassware_secondary	Sacrifice 180 Glassware in the Black Ark Market within 3 turns, or answer for it.	false
derpy_chd_ex_def_dem_tithe_derpy_grain_title	Khaine's Portion: Grain	false
derpy_chd_ex_def_dem_tithe_derpy_grain_primary	Grain is bread for the cities and fodder for the armies. Your granaries are full while others are not. The temple requires 30, and requires them today. A small offering. The temple keeps count, and the temple's count is the only one that matters.	false
derpy_chd_ex_def_dem_tithe_derpy_grain_secondary	Sacrifice 30 Grain in the Black Ark Market within 3 turns, or answer for it.	false
derpy_chd_ex_def_dem_hunger_derpy_grain_title	The Temple Thirsts: Grain	false
derpy_chd_ex_def_dem_hunger_derpy_grain_primary	Grain is bread for the cities and fodder for the armies. Your granaries are full while others are not. The temple requires 90, and requires them today. More than the usual portion. The Hag Queens were consulted and were not in a moderate humour.	false
derpy_chd_ex_def_dem_hunger_derpy_grain_secondary	Sacrifice 90 Grain in the Black Ark Market within 3 turns, or answer for it.	false
derpy_chd_ex_def_dem_wrath_derpy_grain_title	The Blood Price: Grain	false
derpy_chd_ex_def_dem_wrath_derpy_grain_primary	Grain is bread for the cities and fodder for the armies. Your granaries are full while others are not. The temple requires 180, and requires them today. The full sum, at once. The knives have been counted out onto the table, which is how the temple asks a second time.	false
derpy_chd_ex_def_dem_wrath_derpy_grain_secondary	Sacrifice 180 Grain in the Black Ark Market within 3 turns, or answer for it.	false
derpy_chd_ex_def_dem_tithe_derpy_gromril_title	Khaine's Portion: Gromril	false
derpy_chd_ex_def_dem_tithe_derpy_gromril_primary	Gromril is the hardest metal there is and the scarcest. Nobody has forgotten that you hold some. The temple requires 30, and requires them today. A small offering. The temple keeps count, and the temple's count is the only one that matters.	false
derpy_chd_ex_def_dem_tithe_derpy_gromril_secondary	Sacrifice 30 Gromril in the Black Ark Market within 3 turns, or answer for it.	false
derpy_chd_ex_def_dem_hunger_derpy_gromril_title	The Temple Thirsts: Gromril	false
derpy_chd_ex_def_dem_hunger_derpy_gromril_primary	Gromril is the hardest metal there is and the scarcest. Nobody has forgotten that you hold some. The temple requires 90, and requires them today. More than the usual portion. The Hag Queens were consulted and were not in a moderate humour.	false
derpy_chd_ex_def_dem_hunger_derpy_gromril_secondary	Sacrifice 90 Gromril in the Black Ark Market within 3 turns, or answer for it.	false
derpy_chd_ex_def_dem_wrath_derpy_gromril_title	The Blood Price: Gromril	false
derpy_chd_ex_def_dem_wrath_derpy_gromril_primary	Gromril is the hardest metal there is and the scarcest. Nobody has forgotten that you hold some. The temple requires 180, and requires them today. The full sum, at once. The knives have been counted out onto the table, which is how the temple asks a second time.	false
derpy_chd_ex_def_dem_wrath_derpy_gromril_secondary	Sacrifice 180 Gromril in the Black Ark Market within 3 turns, or answer for it.	false
derpy_chd_ex_def_dem_tithe_derpy_incense_title	Khaine's Portion: Incense	false
derpy_chd_ex_def_dem_tithe_derpy_incense_primary	Incense burns in every temple and every tomb. Your sacks of it can be smelled from the street. The temple requires 30, and requires them today. A small offering. The temple keeps count, and the temple's count is the only one that matters.	false
derpy_chd_ex_def_dem_tithe_derpy_incense_secondary	Sacrifice 30 Incense in the Black Ark Market within 3 turns, or answer for it.	false
derpy_chd_ex_def_dem_hunger_derpy_incense_title	The Temple Thirsts: Incense	false
derpy_chd_ex_def_dem_hunger_derpy_incense_primary	Incense burns in every temple and every tomb. Your sacks of it can be smelled from the street. The temple requires 90, and requires them today. More than the usual portion. The Hag Queens were consulted and were not in a moderate humour.	false
derpy_chd_ex_def_dem_hunger_derpy_incense_secondary	Sacrifice 90 Incense in the Black Ark Market within 3 turns, or answer for it.	false
derpy_chd_ex_def_dem_wrath_derpy_incense_title	The Blood Price: Incense	false
derpy_chd_ex_def_dem_wrath_derpy_incense_primary	Incense burns in every temple and every tomb. Your sacks of it can be smelled from the street. The temple requires 180, and requires them today. The full sum, at once. The knives have been counted out onto the table, which is how the temple asks a second time.	false
derpy_chd_ex_def_dem_wrath_derpy_incense_secondary	Sacrifice 180 Incense in the Black Ark Market within 3 turns, or answer for it.	false
derpy_chd_ex_def_dem_tithe_derpy_ithilmar_title	Khaine's Portion: Ithilmar	false
derpy_chd_ex_def_dem_tithe_derpy_ithilmar_primary	Ithilmar is found in one land only, and every ingot outside it is accounted for. Yours included. The temple requires 30, and requires them today. A small offering. The temple keeps count, and the temple's count is the only one that matters.	false
derpy_chd_ex_def_dem_tithe_derpy_ithilmar_secondary	Sacrifice 30 Ithilmar in the Black Ark Market within 3 turns, or answer for it.	false
derpy_chd_ex_def_dem_hunger_derpy_ithilmar_title	The Temple Thirsts: Ithilmar	false
derpy_chd_ex_def_dem_hunger_derpy_ithilmar_primary	Ithilmar is found in one land only, and every ingot outside it is accounted for. Yours included. The temple requires 90, and requires them today. More than the usual portion. The Hag Queens were consulted and were not in a moderate humour.	false
derpy_chd_ex_def_dem_hunger_derpy_ithilmar_secondary	Sacrifice 90 Ithilmar in the Black Ark Market within 3 turns, or answer for it.	false
derpy_chd_ex_def_dem_wrath_derpy_ithilmar_title	The Blood Price: Ithilmar	false
derpy_chd_ex_def_dem_wrath_derpy_ithilmar_primary	Ithilmar is found in one land only, and every ingot outside it is accounted for. Yours included. The temple requires 180, and requires them today. The full sum, at once. The knives have been counted out onto the table, which is how the temple asks a second time.	false
derpy_chd_ex_def_dem_wrath_derpy_ithilmar_secondary	Sacrifice 180 Ithilmar in the Black Ark Market within 3 turns, or answer for it.	false
derpy_chd_ex_def_dem_tithe_derpy_jade_title	Khaine's Portion: Jade	false
derpy_chd_ex_def_dem_tithe_derpy_jade_primary	Jade is carved into charms, seals and statues. Your slabs of it are on a list. The temple requires 30, and requires them today. A small offering. The temple keeps count, and the temple's count is the only one that matters.	false
derpy_chd_ex_def_dem_tithe_derpy_jade_secondary	Sacrifice 30 Jade in the Black Ark Market within 3 turns, or answer for it.	false
derpy_chd_ex_def_dem_hunger_derpy_jade_title	The Temple Thirsts: Jade	false
derpy_chd_ex_def_dem_hunger_derpy_jade_primary	Jade is carved into charms, seals and statues. Your slabs of it are on a list. The temple requires 90, and requires them today. More than the usual portion. The Hag Queens were consulted and were not in a moderate humour.	false
derpy_chd_ex_def_dem_hunger_derpy_jade_secondary	Sacrifice 90 Jade in the Black Ark Market within 3 turns, or answer for it.	false
derpy_chd_ex_def_dem_wrath_derpy_jade_title	The Blood Price: Jade	false
derpy_chd_ex_def_dem_wrath_derpy_jade_primary	Jade is carved into charms, seals and statues. Your slabs of it are on a list. The temple requires 180, and requires them today. The full sum, at once. The knives have been counted out onto the table, which is how the temple asks a second time.	false
derpy_chd_ex_def_dem_wrath_derpy_jade_secondary	Sacrifice 180 Jade in the Black Ark Market within 3 turns, or answer for it.	false
derpy_chd_ex_def_dem_tithe_derpy_kvas_title	Khaine's Portion: Kvas	false
derpy_chd_ex_def_dem_tithe_derpy_kvas_primary	Every stanitsa keeps a barrel of kvas. Yours are fuller than most, and that has been noticed. The temple requires 30, and requires them today. A small offering. The temple keeps count, and the temple's count is the only one that matters.	false
derpy_chd_ex_def_dem_tithe_derpy_kvas_secondary	Sacrifice 30 Kvas in the Black Ark Market within 3 turns, or answer for it.	false
derpy_chd_ex_def_dem_hunger_derpy_kvas_title	The Temple Thirsts: Kvas	false
derpy_chd_ex_def_dem_hunger_derpy_kvas_primary	Every stanitsa keeps a barrel of kvas. Yours are fuller than most, and that has been noticed. The temple requires 90, and requires them today. More than the usual portion. The Hag Queens were consulted and were not in a moderate humour.	false
derpy_chd_ex_def_dem_hunger_derpy_kvas_secondary	Sacrifice 90 Kvas in the Black Ark Market within 3 turns, or answer for it.	false
derpy_chd_ex_def_dem_wrath_derpy_kvas_title	The Blood Price: Kvas	false
derpy_chd_ex_def_dem_wrath_derpy_kvas_primary	Every stanitsa keeps a barrel of kvas. Yours are fuller than most, and that has been noticed. The temple requires 180, and requires them today. The full sum, at once. The knives have been counted out onto the table, which is how the temple asks a second time.	false
derpy_chd_ex_def_dem_wrath_derpy_kvas_secondary	Sacrifice 180 Kvas in the Black Ark Market within 3 turns, or answer for it.	false
derpy_chd_ex_def_dem_tithe_derpy_lustrian_plumes_title	Khaine's Portion: Lustrian Plumes	false
derpy_chd_ex_def_dem_tithe_derpy_lustrian_plumes_primary	Lustrian plumes are worth their weight in gold at court. Yours have been counted feather by feather. The temple requires 30, and requires them today. A small offering. The temple keeps count, and the temple's count is the only one that matters.	false
derpy_chd_ex_def_dem_tithe_derpy_lustrian_plumes_secondary	Sacrifice 30 Lustrian Plumes in the Black Ark Market within 3 turns, or answer for it.	false
derpy_chd_ex_def_dem_hunger_derpy_lustrian_plumes_title	The Temple Thirsts: Lustrian Plumes	false
derpy_chd_ex_def_dem_hunger_derpy_lustrian_plumes_primary	Lustrian plumes are worth their weight in gold at court. Yours have been counted feather by feather. The temple requires 90, and requires them today. More than the usual portion. The Hag Queens were consulted and were not in a moderate humour.	false
derpy_chd_ex_def_dem_hunger_derpy_lustrian_plumes_secondary	Sacrifice 90 Lustrian Plumes in the Black Ark Market within 3 turns, or answer for it.	false
derpy_chd_ex_def_dem_wrath_derpy_lustrian_plumes_title	The Blood Price: Lustrian Plumes	false
derpy_chd_ex_def_dem_wrath_derpy_lustrian_plumes_primary	Lustrian plumes are worth their weight in gold at court. Yours have been counted feather by feather. The temple requires 180, and requires them today. The full sum, at once. The knives have been counted out onto the table, which is how the temple asks a second time.	false
derpy_chd_ex_def_dem_wrath_derpy_lustrian_plumes_secondary	Sacrifice 180 Lustrian Plumes in the Black Ark Market within 3 turns, or answer for it.	false
derpy_chd_ex_def_dem_tithe_derpy_mead_title	Khaine's Portion: Mead	false
derpy_chd_ex_def_dem_tithe_derpy_mead_primary	Mead is drunk from horns before every raid. Your kegs have been counted by thirsty men. The temple requires 30, and requires them today. A small offering. The temple keeps count, and the temple's count is the only one that matters.	false
derpy_chd_ex_def_dem_tithe_derpy_mead_secondary	Sacrifice 30 Mead in the Black Ark Market within 3 turns, or answer for it.	false
derpy_chd_ex_def_dem_hunger_derpy_mead_title	The Temple Thirsts: Mead	false
derpy_chd_ex_def_dem_hunger_derpy_mead_primary	Mead is drunk from horns before every raid. Your kegs have been counted by thirsty men. The temple requires 90, and requires them today. More than the usual portion. The Hag Queens were consulted and were not in a moderate humour.	false
derpy_chd_ex_def_dem_hunger_derpy_mead_secondary	Sacrifice 90 Mead in the Black Ark Market within 3 turns, or answer for it.	false
derpy_chd_ex_def_dem_wrath_derpy_mead_title	The Blood Price: Mead	false
derpy_chd_ex_def_dem_wrath_derpy_mead_primary	Mead is drunk from horns before every raid. Your kegs have been counted by thirsty men. The temple requires 180, and requires them today. The full sum, at once. The knives have been counted out onto the table, which is how the temple asks a second time.	false
derpy_chd_ex_def_dem_wrath_derpy_mead_secondary	Sacrifice 180 Mead in the Black Ark Market within 3 turns, or answer for it.	false
derpy_chd_ex_def_dem_tithe_derpy_olive_oil_title	Khaine's Portion: Olive Oil	false
derpy_chd_ex_def_dem_tithe_derpy_olive_oil_primary	Olive oil lights the lamps and dresses the bread of the Middle Sea. Your barrels have been tallied. The temple requires 30, and requires them today. A small offering. The temple keeps count, and the temple's count is the only one that matters.	false
derpy_chd_ex_def_dem_tithe_derpy_olive_oil_secondary	Sacrifice 30 Olive Oil in the Black Ark Market within 3 turns, or answer for it.	false
derpy_chd_ex_def_dem_hunger_derpy_olive_oil_title	The Temple Thirsts: Olive Oil	false
derpy_chd_ex_def_dem_hunger_derpy_olive_oil_primary	Olive oil lights the lamps and dresses the bread of the Middle Sea. Your barrels have been tallied. The temple requires 90, and requires them today. More than the usual portion. The Hag Queens were consulted and were not in a moderate humour.	false
derpy_chd_ex_def_dem_hunger_derpy_olive_oil_secondary	Sacrifice 90 Olive Oil in the Black Ark Market within 3 turns, or answer for it.	false
derpy_chd_ex_def_dem_wrath_derpy_olive_oil_title	The Blood Price: Olive Oil	false
derpy_chd_ex_def_dem_wrath_derpy_olive_oil_primary	Olive oil lights the lamps and dresses the bread of the Middle Sea. Your barrels have been tallied. The temple requires 180, and requires them today. The full sum, at once. The knives have been counted out onto the table, which is how the temple asks a second time.	false
derpy_chd_ex_def_dem_wrath_derpy_olive_oil_secondary	Sacrifice 180 Olive Oil in the Black Ark Market within 3 turns, or answer for it.	false
derpy_chd_ex_def_dem_tithe_derpy_pearls_title	Khaine's Portion: Pearls	false
derpy_chd_ex_def_dem_tithe_derpy_pearls_primary	Pearls come up from the warm seas and go round the neck of anyone who can pay. Yours have been counted. The temple requires 30, and requires them today. A small offering. The temple keeps count, and the temple's count is the only one that matters.	false
derpy_chd_ex_def_dem_tithe_derpy_pearls_secondary	Sacrifice 30 Pearls in the Black Ark Market within 3 turns, or answer for it.	false
derpy_chd_ex_def_dem_hunger_derpy_pearls_title	The Temple Thirsts: Pearls	false
derpy_chd_ex_def_dem_hunger_derpy_pearls_primary	Pearls come up from the warm seas and go round the neck of anyone who can pay. Yours have been counted. The temple requires 90, and requires them today. More than the usual portion. The Hag Queens were consulted and were not in a moderate humour.	false
derpy_chd_ex_def_dem_hunger_derpy_pearls_secondary	Sacrifice 90 Pearls in the Black Ark Market within 3 turns, or answer for it.	false
derpy_chd_ex_def_dem_wrath_derpy_pearls_title	The Blood Price: Pearls	false
derpy_chd_ex_def_dem_wrath_derpy_pearls_primary	Pearls come up from the warm seas and go round the neck of anyone who can pay. Yours have been counted. The temple requires 180, and requires them today. The full sum, at once. The knives have been counted out onto the table, which is how the temple asks a second time.	false
derpy_chd_ex_def_dem_wrath_derpy_pearls_secondary	Sacrifice 180 Pearls in the Black Ark Market within 3 turns, or answer for it.	false
derpy_chd_ex_def_dem_tithe_derpy_pipeweed_title	Khaine's Portion: Pipeweed	false
derpy_chd_ex_def_dem_tithe_derpy_pipeweed_primary	Pipeweed is smoked in every tavern from Altdorf to Marienburg. Your bales are known to more than the tax-man. The temple requires 30, and requires them today. A small offering. The temple keeps count, and the temple's count is the only one that matters.	false
derpy_chd_ex_def_dem_tithe_derpy_pipeweed_secondary	Sacrifice 30 Pipeweed in the Black Ark Market within 3 turns, or answer for it.	false
derpy_chd_ex_def_dem_hunger_derpy_pipeweed_title	The Temple Thirsts: Pipeweed	false
derpy_chd_ex_def_dem_hunger_derpy_pipeweed_primary	Pipeweed is smoked in every tavern from Altdorf to Marienburg. Your bales are known to more than the tax-man. The temple requires 90, and requires them today. More than the usual portion. The Hag Queens were consulted and were not in a moderate humour.	false
derpy_chd_ex_def_dem_hunger_derpy_pipeweed_secondary	Sacrifice 90 Pipeweed in the Black Ark Market within 3 turns, or answer for it.	false
derpy_chd_ex_def_dem_wrath_derpy_pipeweed_title	The Blood Price: Pipeweed	false
derpy_chd_ex_def_dem_wrath_derpy_pipeweed_primary	Pipeweed is smoked in every tavern from Altdorf to Marienburg. Your bales are known to more than the tax-man. The temple requires 180, and requires them today. The full sum, at once. The knives have been counted out onto the table, which is how the temple asks a second time.	false
derpy_chd_ex_def_dem_wrath_derpy_pipeweed_secondary	Sacrifice 180 Pipeweed in the Black Ark Market within 3 turns, or answer for it.	false
derpy_chd_ex_def_dem_tithe_derpy_porcelain_title	Khaine's Portion: Porcelain	false
derpy_chd_ex_def_dem_tithe_derpy_porcelain_primary	Porcelain is fired in Cathay and treasured everywhere else. Your crates of it are on a list. The temple requires 30, and requires them today. A small offering. The temple keeps count, and the temple's count is the only one that matters.	false
derpy_chd_ex_def_dem_tithe_derpy_porcelain_secondary	Sacrifice 30 Porcelain in the Black Ark Market within 3 turns, or answer for it.	false
derpy_chd_ex_def_dem_hunger_derpy_porcelain_title	The Temple Thirsts: Porcelain	false
derpy_chd_ex_def_dem_hunger_derpy_porcelain_primary	Porcelain is fired in Cathay and treasured everywhere else. Your crates of it are on a list. The temple requires 90, and requires them today. More than the usual portion. The Hag Queens were consulted and were not in a moderate humour.	false
derpy_chd_ex_def_dem_hunger_derpy_porcelain_secondary	Sacrifice 90 Porcelain in the Black Ark Market within 3 turns, or answer for it.	false
derpy_chd_ex_def_dem_wrath_derpy_porcelain_title	The Blood Price: Porcelain	false
derpy_chd_ex_def_dem_wrath_derpy_porcelain_primary	Porcelain is fired in Cathay and treasured everywhere else. Your crates of it are on a list. The temple requires 180, and requires them today. The full sum, at once. The knives have been counted out onto the table, which is how the temple asks a second time.	false
derpy_chd_ex_def_dem_wrath_derpy_porcelain_secondary	Sacrifice 180 Porcelain in the Black Ark Market within 3 turns, or answer for it.	false
derpy_chd_ex_def_dem_tithe_derpy_quicksilver_title	Khaine's Portion: Quicksilver	false
derpy_chd_ex_def_dem_tithe_derpy_quicksilver_primary	Every alchemist and engineer wants quicksilver. Your flasks have been counted. The temple requires 30, and requires them today. A small offering. The temple keeps count, and the temple's count is the only one that matters.	false
derpy_chd_ex_def_dem_tithe_derpy_quicksilver_secondary	Sacrifice 30 Quicksilver in the Black Ark Market within 3 turns, or answer for it.	false
derpy_chd_ex_def_dem_hunger_derpy_quicksilver_title	The Temple Thirsts: Quicksilver	false
derpy_chd_ex_def_dem_hunger_derpy_quicksilver_primary	Every alchemist and engineer wants quicksilver. Your flasks have been counted. The temple requires 90, and requires them today. More than the usual portion. The Hag Queens were consulted and were not in a moderate humour.	false
derpy_chd_ex_def_dem_hunger_derpy_quicksilver_secondary	Sacrifice 90 Quicksilver in the Black Ark Market within 3 turns, or answer for it.	false
derpy_chd_ex_def_dem_wrath_derpy_quicksilver_title	The Blood Price: Quicksilver	false
derpy_chd_ex_def_dem_wrath_derpy_quicksilver_primary	Every alchemist and engineer wants quicksilver. Your flasks have been counted. The temple requires 180, and requires them today. The full sum, at once. The knives have been counted out onto the table, which is how the temple asks a second time.	false
derpy_chd_ex_def_dem_wrath_derpy_quicksilver_secondary	Sacrifice 180 Quicksilver in the Black Ark Market within 3 turns, or answer for it.	false
derpy_chd_ex_def_dem_tithe_derpy_rhinox_hides_title	Khaine's Portion: Rhinox Hides	false
derpy_chd_ex_def_dem_tithe_derpy_rhinox_hides_primary	Rhinox hide is tough enough to make armour of. Your stacks of it have been counted. The temple requires 30, and requires them today. A small offering. The temple keeps count, and the temple's count is the only one that matters.	false
derpy_chd_ex_def_dem_tithe_derpy_rhinox_hides_secondary	Sacrifice 30 Rhinox Hides in the Black Ark Market within 3 turns, or answer for it.	false
derpy_chd_ex_def_dem_hunger_derpy_rhinox_hides_title	The Temple Thirsts: Rhinox Hides	false
derpy_chd_ex_def_dem_hunger_derpy_rhinox_hides_primary	Rhinox hide is tough enough to make armour of. Your stacks of it have been counted. The temple requires 90, and requires them today. More than the usual portion. The Hag Queens were consulted and were not in a moderate humour.	false
derpy_chd_ex_def_dem_hunger_derpy_rhinox_hides_secondary	Sacrifice 90 Rhinox Hides in the Black Ark Market within 3 turns, or answer for it.	false
derpy_chd_ex_def_dem_wrath_derpy_rhinox_hides_title	The Blood Price: Rhinox Hides	false
derpy_chd_ex_def_dem_wrath_derpy_rhinox_hides_primary	Rhinox hide is tough enough to make armour of. Your stacks of it have been counted. The temple requires 180, and requires them today. The full sum, at once. The knives have been counted out onto the table, which is how the temple asks a second time.	false
derpy_chd_ex_def_dem_wrath_derpy_rhinox_hides_secondary	Sacrifice 180 Rhinox Hides in the Black Ark Market within 3 turns, or answer for it.	false
derpy_chd_ex_def_dem_tithe_derpy_rum_title	Khaine's Portion: Rum	false
derpy_chd_ex_def_dem_tithe_derpy_rum_primary	Rum keeps crews at sea and quiet ashore. Your kegs have been noticed by people who keep lists. The temple requires 30, and requires them today. A small offering. The temple keeps count, and the temple's count is the only one that matters.	false
derpy_chd_ex_def_dem_tithe_derpy_rum_secondary	Sacrifice 30 Rum in the Black Ark Market within 3 turns, or answer for it.	false
derpy_chd_ex_def_dem_hunger_derpy_rum_title	The Temple Thirsts: Rum	false
derpy_chd_ex_def_dem_hunger_derpy_rum_primary	Rum keeps crews at sea and quiet ashore. Your kegs have been noticed by people who keep lists. The temple requires 90, and requires them today. More than the usual portion. The Hag Queens were consulted and were not in a moderate humour.	false
derpy_chd_ex_def_dem_hunger_derpy_rum_secondary	Sacrifice 90 Rum in the Black Ark Market within 3 turns, or answer for it.	false
derpy_chd_ex_def_dem_wrath_derpy_rum_title	The Blood Price: Rum	false
derpy_chd_ex_def_dem_wrath_derpy_rum_primary	Rum keeps crews at sea and quiet ashore. Your kegs have been noticed by people who keep lists. The temple requires 180, and requires them today. The full sum, at once. The knives have been counted out onto the table, which is how the temple asks a second time.	false
derpy_chd_ex_def_dem_wrath_derpy_rum_secondary	Sacrifice 180 Rum in the Black Ark Market within 3 turns, or answer for it.	false
derpy_chd_ex_def_dem_tithe_derpy_salted_fish_title	Khaine's Portion: Salted Fish	false
derpy_chd_ex_def_dem_tithe_derpy_salted_fish_primary	Salted fish feeds sailors, soldiers and the poor through the lean months. Your barrels have been counted. The temple requires 30, and requires them today. A small offering. The temple keeps count, and the temple's count is the only one that matters.	false
derpy_chd_ex_def_dem_tithe_derpy_salted_fish_secondary	Sacrifice 30 Salted Fish in the Black Ark Market within 3 turns, or answer for it.	false
derpy_chd_ex_def_dem_hunger_derpy_salted_fish_title	The Temple Thirsts: Salted Fish	false
derpy_chd_ex_def_dem_hunger_derpy_salted_fish_primary	Salted fish feeds sailors, soldiers and the poor through the lean months. Your barrels have been counted. The temple requires 90, and requires them today. More than the usual portion. The Hag Queens were consulted and were not in a moderate humour.	false
derpy_chd_ex_def_dem_hunger_derpy_salted_fish_secondary	Sacrifice 90 Salted Fish in the Black Ark Market within 3 turns, or answer for it.	false
derpy_chd_ex_def_dem_wrath_derpy_salted_fish_title	The Blood Price: Salted Fish	false
derpy_chd_ex_def_dem_wrath_derpy_salted_fish_primary	Salted fish feeds sailors, soldiers and the poor through the lean months. Your barrels have been counted. The temple requires 180, and requires them today. The full sum, at once. The knives have been counted out onto the table, which is how the temple asks a second time.	false
derpy_chd_ex_def_dem_wrath_derpy_salted_fish_secondary	Sacrifice 180 Salted Fish in the Black Ark Market within 3 turns, or answer for it.	false
derpy_chd_ex_def_dem_tithe_derpy_salted_meat_title	Khaine's Portion: Salted Meat	false
derpy_chd_ex_def_dem_tithe_derpy_salted_meat_primary	Salted meat keeps, and armies march on it. Your barrels have been counted. The temple requires 30, and requires them today. A small offering. The temple keeps count, and the temple's count is the only one that matters.	false
derpy_chd_ex_def_dem_tithe_derpy_salted_meat_secondary	Sacrifice 30 Salted Meat in the Black Ark Market within 3 turns, or answer for it.	false
derpy_chd_ex_def_dem_hunger_derpy_salted_meat_title	The Temple Thirsts: Salted Meat	false
derpy_chd_ex_def_dem_hunger_derpy_salted_meat_primary	Salted meat keeps, and armies march on it. Your barrels have been counted. The temple requires 90, and requires them today. More than the usual portion. The Hag Queens were consulted and were not in a moderate humour.	false
derpy_chd_ex_def_dem_hunger_derpy_salted_meat_secondary	Sacrifice 90 Salted Meat in the Black Ark Market within 3 turns, or answer for it.	false
derpy_chd_ex_def_dem_wrath_derpy_salted_meat_title	The Blood Price: Salted Meat	false
derpy_chd_ex_def_dem_wrath_derpy_salted_meat_primary	Salted meat keeps, and armies march on it. Your barrels have been counted. The temple requires 180, and requires them today. The full sum, at once. The knives have been counted out onto the table, which is how the temple asks a second time.	false
derpy_chd_ex_def_dem_wrath_derpy_salted_meat_secondary	Sacrifice 180 Salted Meat in the Black Ark Market within 3 turns, or answer for it.	false
derpy_chd_ex_def_dem_tithe_derpy_sea_dragon_hide_title	Khaine's Portion: Sea Dragon Hide	false
derpy_chd_ex_def_dem_tithe_derpy_sea_dragon_hide_primary	Sea dragon hide turns a blade, and there is less of it every year. Somebody knows how much of it you hold. The temple requires 30, and requires them today. A small offering. The temple keeps count, and the temple's count is the only one that matters.	false
derpy_chd_ex_def_dem_tithe_derpy_sea_dragon_hide_secondary	Sacrifice 30 Sea Dragon Hide in the Black Ark Market within 3 turns, or answer for it.	false
derpy_chd_ex_def_dem_hunger_derpy_sea_dragon_hide_title	The Temple Thirsts: Sea Dragon Hide	false
derpy_chd_ex_def_dem_hunger_derpy_sea_dragon_hide_primary	Sea dragon hide turns a blade, and there is less of it every year. Somebody knows how much of it you hold. The temple requires 90, and requires them today. More than the usual portion. The Hag Queens were consulted and were not in a moderate humour.	false
derpy_chd_ex_def_dem_hunger_derpy_sea_dragon_hide_secondary	Sacrifice 90 Sea Dragon Hide in the Black Ark Market within 3 turns, or answer for it.	false
derpy_chd_ex_def_dem_wrath_derpy_sea_dragon_hide_title	The Blood Price: Sea Dragon Hide	false
derpy_chd_ex_def_dem_wrath_derpy_sea_dragon_hide_primary	Sea dragon hide turns a blade, and there is less of it every year. Somebody knows how much of it you hold. The temple requires 180, and requires them today. The full sum, at once. The knives have been counted out onto the table, which is how the temple asks a second time.	false
derpy_chd_ex_def_dem_wrath_derpy_sea_dragon_hide_secondary	Sacrifice 180 Sea Dragon Hide in the Black Ark Market within 3 turns, or answer for it.	false
derpy_chd_ex_def_dem_tithe_derpy_silk_title	Khaine's Portion: Silk	false
derpy_chd_ex_def_dem_tithe_derpy_silk_primary	Silk is what the Ivory Road carries west. Your bolts have been measured by somebody other than your factor. The temple requires 30, and requires them today. A small offering. The temple keeps count, and the temple's count is the only one that matters.	false
derpy_chd_ex_def_dem_tithe_derpy_silk_secondary	Sacrifice 30 Silk in the Black Ark Market within 3 turns, or answer for it.	false
derpy_chd_ex_def_dem_hunger_derpy_silk_title	The Temple Thirsts: Silk	false
derpy_chd_ex_def_dem_hunger_derpy_silk_primary	Silk is what the Ivory Road carries west. Your bolts have been measured by somebody other than your factor. The temple requires 90, and requires them today. More than the usual portion. The Hag Queens were consulted and were not in a moderate humour.	false
derpy_chd_ex_def_dem_hunger_derpy_silk_secondary	Sacrifice 90 Silk in the Black Ark Market within 3 turns, or answer for it.	false
derpy_chd_ex_def_dem_wrath_derpy_silk_title	The Blood Price: Silk	false
derpy_chd_ex_def_dem_wrath_derpy_silk_primary	Silk is what the Ivory Road carries west. Your bolts have been measured by somebody other than your factor. The temple requires 180, and requires them today. The full sum, at once. The knives have been counted out onto the table, which is how the temple asks a second time.	false
derpy_chd_ex_def_dem_wrath_derpy_silk_secondary	Sacrifice 180 Silk in the Black Ark Market within 3 turns, or answer for it.	false
derpy_chd_ex_def_dem_tithe_derpy_silver_title	Khaine's Portion: Silver	false
derpy_chd_ex_def_dem_tithe_derpy_silver_primary	Silver is coin, plate and a blade-edge against the dead. Your ingots have been weighed twice. The temple requires 30, and requires them today. A small offering. The temple keeps count, and the temple's count is the only one that matters.	false
derpy_chd_ex_def_dem_tithe_derpy_silver_secondary	Sacrifice 30 Silver in the Black Ark Market within 3 turns, or answer for it.	false
derpy_chd_ex_def_dem_hunger_derpy_silver_title	The Temple Thirsts: Silver	false
derpy_chd_ex_def_dem_hunger_derpy_silver_primary	Silver is coin, plate and a blade-edge against the dead. Your ingots have been weighed twice. The temple requires 90, and requires them today. More than the usual portion. The Hag Queens were consulted and were not in a moderate humour.	false
derpy_chd_ex_def_dem_hunger_derpy_silver_secondary	Sacrifice 90 Silver in the Black Ark Market within 3 turns, or answer for it.	false
derpy_chd_ex_def_dem_wrath_derpy_silver_title	The Blood Price: Silver	false
derpy_chd_ex_def_dem_wrath_derpy_silver_primary	Silver is coin, plate and a blade-edge against the dead. Your ingots have been weighed twice. The temple requires 180, and requires them today. The full sum, at once. The knives have been counted out onto the table, which is how the temple asks a second time.	false
derpy_chd_ex_def_dem_wrath_derpy_silver_secondary	Sacrifice 180 Silver in the Black Ark Market within 3 turns, or answer for it.	false
derpy_chd_ex_def_dem_tithe_derpy_starwood_title	Khaine's Portion: Starwood	false
derpy_chd_ex_def_dem_tithe_derpy_starwood_primary	Starwood is given by the trees of Athel Loren and never cut. That you hold any at all has been noticed. The temple requires 30, and requires them today. A small offering. The temple keeps count, and the temple's count is the only one that matters.	false
derpy_chd_ex_def_dem_tithe_derpy_starwood_secondary	Sacrifice 30 Starwood in the Black Ark Market within 3 turns, or answer for it.	false
derpy_chd_ex_def_dem_hunger_derpy_starwood_title	The Temple Thirsts: Starwood	false
derpy_chd_ex_def_dem_hunger_derpy_starwood_primary	Starwood is given by the trees of Athel Loren and never cut. That you hold any at all has been noticed. The temple requires 90, and requires them today. More than the usual portion. The Hag Queens were consulted and were not in a moderate humour.	false
derpy_chd_ex_def_dem_hunger_derpy_starwood_secondary	Sacrifice 90 Starwood in the Black Ark Market within 3 turns, or answer for it.	false
derpy_chd_ex_def_dem_wrath_derpy_starwood_title	The Blood Price: Starwood	false
derpy_chd_ex_def_dem_wrath_derpy_starwood_primary	Starwood is given by the trees of Athel Loren and never cut. That you hold any at all has been noticed. The temple requires 180, and requires them today. The full sum, at once. The knives have been counted out onto the table, which is how the temple asks a second time.	false
derpy_chd_ex_def_dem_wrath_derpy_starwood_secondary	Sacrifice 180 Starwood in the Black Ark Market within 3 turns, or answer for it.	false
derpy_chd_ex_def_dem_tithe_derpy_tea_title	Khaine's Portion: Tea	false
derpy_chd_ex_def_dem_tithe_derpy_tea_primary	Tea is poured at every audience worth attending. Your chests of it have been weighed. The temple requires 30, and requires them today. A small offering. The temple keeps count, and the temple's count is the only one that matters.	false
derpy_chd_ex_def_dem_tithe_derpy_tea_secondary	Sacrifice 30 Tea in the Black Ark Market within 3 turns, or answer for it.	false
derpy_chd_ex_def_dem_hunger_derpy_tea_title	The Temple Thirsts: Tea	false
derpy_chd_ex_def_dem_hunger_derpy_tea_primary	Tea is poured at every audience worth attending. Your chests of it have been weighed. The temple requires 90, and requires them today. More than the usual portion. The Hag Queens were consulted and were not in a moderate humour.	false
derpy_chd_ex_def_dem_hunger_derpy_tea_secondary	Sacrifice 90 Tea in the Black Ark Market within 3 turns, or answer for it.	false
derpy_chd_ex_def_dem_wrath_derpy_tea_title	The Blood Price: Tea	false
derpy_chd_ex_def_dem_wrath_derpy_tea_primary	Tea is poured at every audience worth attending. Your chests of it have been weighed. The temple requires 180, and requires them today. The full sum, at once. The knives have been counted out onto the table, which is how the temple asks a second time.	false
derpy_chd_ex_def_dem_wrath_derpy_tea_secondary	Sacrifice 180 Tea in the Black Ark Market within 3 turns, or answer for it.	false
derpy_chd_ex_def_dem_tithe_derpy_warhorses_title	Khaine's Portion: Warhorses	false
derpy_chd_ex_def_dem_tithe_derpy_warhorses_primary	A warhorse eats every day it is not ridden. Your stables are full, and the count has been taken. The temple requires 30, and requires them today. A small offering. The temple keeps count, and the temple's count is the only one that matters.	false
derpy_chd_ex_def_dem_tithe_derpy_warhorses_secondary	Sacrifice 30 Warhorses in the Black Ark Market within 3 turns, or answer for it.	false
derpy_chd_ex_def_dem_hunger_derpy_warhorses_title	The Temple Thirsts: Warhorses	false
derpy_chd_ex_def_dem_hunger_derpy_warhorses_primary	A warhorse eats every day it is not ridden. Your stables are full, and the count has been taken. The temple requires 90, and requires them today. More than the usual portion. The Hag Queens were consulted and were not in a moderate humour.	false
derpy_chd_ex_def_dem_hunger_derpy_warhorses_secondary	Sacrifice 90 Warhorses in the Black Ark Market within 3 turns, or answer for it.	false
derpy_chd_ex_def_dem_wrath_derpy_warhorses_title	The Blood Price: Warhorses	false
derpy_chd_ex_def_dem_wrath_derpy_warhorses_primary	A warhorse eats every day it is not ridden. Your stables are full, and the count has been taken. The temple requires 180, and requires them today. The full sum, at once. The knives have been counted out onto the table, which is how the temple asks a second time.	false
derpy_chd_ex_def_dem_wrath_derpy_warhorses_secondary	Sacrifice 180 Warhorses in the Black Ark Market within 3 turns, or answer for it.	false
derpy_chd_ex_def_dem_tithe_derpy_whale_oil_title	Khaine's Portion: Whale Oil	false
derpy_chd_ex_def_dem_tithe_derpy_whale_oil_primary	Lamp oil burns in every hall that can afford the light. Yours is sitting in barrels in the dark. The temple requires 30, and requires them today. A small offering. The temple keeps count, and the temple's count is the only one that matters.	false
derpy_chd_ex_def_dem_tithe_derpy_whale_oil_secondary	Sacrifice 30 Whale Oil in the Black Ark Market within 3 turns, or answer for it.	false
derpy_chd_ex_def_dem_hunger_derpy_whale_oil_title	The Temple Thirsts: Whale Oil	false
derpy_chd_ex_def_dem_hunger_derpy_whale_oil_primary	Lamp oil burns in every hall that can afford the light. Yours is sitting in barrels in the dark. The temple requires 90, and requires them today. More than the usual portion. The Hag Queens were consulted and were not in a moderate humour.	false
derpy_chd_ex_def_dem_hunger_derpy_whale_oil_secondary	Sacrifice 90 Whale Oil in the Black Ark Market within 3 turns, or answer for it.	false
derpy_chd_ex_def_dem_wrath_derpy_whale_oil_title	The Blood Price: Whale Oil	false
derpy_chd_ex_def_dem_wrath_derpy_whale_oil_primary	Lamp oil burns in every hall that can afford the light. Yours is sitting in barrels in the dark. The temple requires 180, and requires them today. The full sum, at once. The knives have been counted out onto the table, which is how the temple asks a second time.	false
derpy_chd_ex_def_dem_wrath_derpy_whale_oil_secondary	Sacrifice 180 Whale Oil in the Black Ark Market within 3 turns, or answer for it.	false
derpy_chd_ex_def_dem_tithe_derpy_wool_title	Khaine's Portion: Wool	false
derpy_chd_ex_def_dem_tithe_derpy_wool_primary	Wool is spun and woven in every town. Your bales are stacked to the rafters and somebody has climbed up to count them. The temple requires 30, and requires them today. A small offering. The temple keeps count, and the temple's count is the only one that matters.	false
derpy_chd_ex_def_dem_tithe_derpy_wool_secondary	Sacrifice 30 Wool in the Black Ark Market within 3 turns, or answer for it.	false
derpy_chd_ex_def_dem_hunger_derpy_wool_title	The Temple Thirsts: Wool	false
derpy_chd_ex_def_dem_hunger_derpy_wool_primary	Wool is spun and woven in every town. Your bales are stacked to the rafters and somebody has climbed up to count them. The temple requires 90, and requires them today. More than the usual portion. The Hag Queens were consulted and were not in a moderate humour.	false
derpy_chd_ex_def_dem_hunger_derpy_wool_secondary	Sacrifice 90 Wool in the Black Ark Market within 3 turns, or answer for it.	false
derpy_chd_ex_def_dem_wrath_derpy_wool_title	The Blood Price: Wool	false
derpy_chd_ex_def_dem_wrath_derpy_wool_primary	Wool is spun and woven in every town. Your bales are stacked to the rafters and somebody has climbed up to count them. The temple requires 180, and requires them today. The full sum, at once. The knives have been counted out onto the table, which is how the temple asks a second time.	false
derpy_chd_ex_def_dem_wrath_derpy_wool_secondary	Sacrifice 180 Wool in the Black Ark Market within 3 turns, or answer for it.	false
derpy_chd_ex_def_dem_tithe_derpy_wyvern_scales_title	Khaine's Portion: Wyvern Scales	false
derpy_chd_ex_def_dem_tithe_derpy_wyvern_scales_primary	Wyvern scales are taken at great cost from the nesting peaks. Yours have been counted. The temple requires 30, and requires them today. A small offering. The temple keeps count, and the temple's count is the only one that matters.	false
derpy_chd_ex_def_dem_tithe_derpy_wyvern_scales_secondary	Sacrifice 30 Wyvern Scales in the Black Ark Market within 3 turns, or answer for it.	false
derpy_chd_ex_def_dem_hunger_derpy_wyvern_scales_title	The Temple Thirsts: Wyvern Scales	false
derpy_chd_ex_def_dem_hunger_derpy_wyvern_scales_primary	Wyvern scales are taken at great cost from the nesting peaks. Yours have been counted. The temple requires 90, and requires them today. More than the usual portion. The Hag Queens were consulted and were not in a moderate humour.	false
derpy_chd_ex_def_dem_hunger_derpy_wyvern_scales_secondary	Sacrifice 90 Wyvern Scales in the Black Ark Market within 3 turns, or answer for it.	false
derpy_chd_ex_def_dem_wrath_derpy_wyvern_scales_title	The Blood Price: Wyvern Scales	false
derpy_chd_ex_def_dem_wrath_derpy_wyvern_scales_primary	Wyvern scales are taken at great cost from the nesting peaks. Yours have been counted. The temple requires 180, and requires them today. The full sum, at once. The knives have been counted out onto the table, which is how the temple asks a second time.	false
derpy_chd_ex_def_dem_wrath_derpy_wyvern_scales_secondary	Sacrifice 180 Wyvern Scales in the Black Ark Market within 3 turns, or answer for it.	false
derpy_chd_ex_def_dem_paid_title	The Portion Given	false
derpy_chd_ex_def_dem_paid_primary	The goods went in through the temple gate and did not come out again, which is the correct outcome and the only receipt offered.	false
derpy_chd_ex_def_dem_paid_secondary	Khaine is served. The knives went back in the drawer.	false
derpy_chd_ex_def_dem_wrath_title	The Portion Withheld	false
derpy_chd_ex_def_dem_wrath_primary	Nothing was brought by the day named. The temple sent nobody to ask why, which is not the mercy it appears to be.	false
derpy_chd_ex_def_dem_wrath_secondary	The temple takes its portion in the other currency, eventually.	false
derpy_chd_ex_hef_dem_tithe_animals_title	The Court's Request: Exotic Animals	false
derpy_chd_ex_hef_dem_tithe_animals_primary	The menageries of Lothern are a tool of diplomacy. An ambassador who has been shown one is easier to talk to afterwards. The Court requests 30, and requests them today. A small thing, asked politely, in a manner that does not admit of refusal.	false
derpy_chd_ex_hef_dem_tithe_animals_secondary	Sacrifice 30 Exotic Animals in the Emerald Gate within 3 turns, or answer for it.	false
derpy_chd_ex_hef_dem_hunger_animals_title	A Matter of Duty: Exotic Animals	false
derpy_chd_ex_hef_dem_hunger_animals_primary	The menageries of Lothern are a tool of diplomacy. An ambassador who has been shown one is easier to talk to afterwards. The Court requests 90, and requests them today. More than a courtesy. Ulthuan has been doing this since before your people had a written language, and it is asking.	false
derpy_chd_ex_hef_dem_hunger_animals_secondary	Sacrifice 90 Exotic Animals in the Emerald Gate within 3 turns, or answer for it.	false
derpy_chd_ex_hef_dem_wrath_animals_title	The Court Insists: Exotic Animals	false
derpy_chd_ex_hef_dem_wrath_animals_primary	The menageries of Lothern are a tool of diplomacy. An ambassador who has been shown one is easier to talk to afterwards. The Court requests 180, and requests them today. The full sum, now. The request has been made three times and the Court does not make a fourth.	false
derpy_chd_ex_hef_dem_wrath_animals_secondary	Sacrifice 180 Exotic Animals in the Emerald Gate within 3 turns, or answer for it.	false
derpy_chd_ex_hef_dem_tithe_dyes_title	The Court's Request: Dyes	false
derpy_chd_ex_hef_dem_tithe_dyes_primary	Sea-silk takes a dye once and holds it for a century. The dye has to be perfect, and perfect is bought rather than made. The Court requests 30, and requests them today. A small thing, asked politely, in a manner that does not admit of refusal.	false
derpy_chd_ex_hef_dem_tithe_dyes_secondary	Sacrifice 30 Dyes in the Emerald Gate within 3 turns, or answer for it.	false
derpy_chd_ex_hef_dem_hunger_dyes_title	A Matter of Duty: Dyes	false
derpy_chd_ex_hef_dem_hunger_dyes_primary	Sea-silk takes a dye once and holds it for a century. The dye has to be perfect, and perfect is bought rather than made. The Court requests 90, and requests them today. More than a courtesy. Ulthuan has been doing this since before your people had a written language, and it is asking.	false
derpy_chd_ex_hef_dem_hunger_dyes_secondary	Sacrifice 90 Dyes in the Emerald Gate within 3 turns, or answer for it.	false
derpy_chd_ex_hef_dem_wrath_dyes_title	The Court Insists: Dyes	false
derpy_chd_ex_hef_dem_wrath_dyes_primary	Sea-silk takes a dye once and holds it for a century. The dye has to be perfect, and perfect is bought rather than made. The Court requests 180, and requests them today. The full sum, now. The request has been made three times and the Court does not make a fourth.	false
derpy_chd_ex_hef_dem_wrath_dyes_secondary	Sacrifice 180 Dyes in the Emerald Gate within 3 turns, or answer for it.	false
derpy_chd_ex_hef_dem_tithe_gems_title	The Court's Request: Gemstones	false
derpy_chd_ex_hef_dem_tithe_gems_primary	The Court does not buy gemstones. It accepts them, notes the giver, and the giver's name is read out at the next audience. The Court requests 30, and requests them today. A small thing, asked politely, in a manner that does not admit of refusal.	false
derpy_chd_ex_hef_dem_tithe_gems_secondary	Sacrifice 30 Gemstones in the Emerald Gate within 3 turns, or answer for it.	false
derpy_chd_ex_hef_dem_hunger_gems_title	A Matter of Duty: Gemstones	false
derpy_chd_ex_hef_dem_hunger_gems_primary	The Court does not buy gemstones. It accepts them, notes the giver, and the giver's name is read out at the next audience. The Court requests 90, and requests them today. More than a courtesy. Ulthuan has been doing this since before your people had a written language, and it is asking.	false
derpy_chd_ex_hef_dem_hunger_gems_secondary	Sacrifice 90 Gemstones in the Emerald Gate within 3 turns, or answer for it.	false
derpy_chd_ex_hef_dem_wrath_gems_title	The Court Insists: Gemstones	false
derpy_chd_ex_hef_dem_wrath_gems_primary	The Court does not buy gemstones. It accepts them, notes the giver, and the giver's name is read out at the next audience. The Court requests 180, and requests them today. The full sum, now. The request has been made three times and the Court does not make a fourth.	false
derpy_chd_ex_hef_dem_wrath_gems_secondary	Sacrifice 180 Gemstones in the Emerald Gate within 3 turns, or answer for it.	false
derpy_chd_ex_hef_dem_tithe_gold_idols_title	The Court's Request: Golden Idols	false
derpy_chd_ex_hef_dem_tithe_gold_idols_primary	Crude work, melted without ceremony, and the Court would rather this were not minuted. It is being minuted. The Court requests 30, and requests them today. A small thing, asked politely, in a manner that does not admit of refusal.	false
derpy_chd_ex_hef_dem_tithe_gold_idols_secondary	Sacrifice 30 Golden Idols in the Emerald Gate within 3 turns, or answer for it.	false
derpy_chd_ex_hef_dem_hunger_gold_idols_title	A Matter of Duty: Golden Idols	false
derpy_chd_ex_hef_dem_hunger_gold_idols_primary	Crude work, melted without ceremony, and the Court would rather this were not minuted. It is being minuted. The Court requests 90, and requests them today. More than a courtesy. Ulthuan has been doing this since before your people had a written language, and it is asking.	false
derpy_chd_ex_hef_dem_hunger_gold_idols_secondary	Sacrifice 90 Golden Idols in the Emerald Gate within 3 turns, or answer for it.	false
derpy_chd_ex_hef_dem_wrath_gold_idols_title	The Court Insists: Golden Idols	false
derpy_chd_ex_hef_dem_wrath_gold_idols_primary	Crude work, melted without ceremony, and the Court would rather this were not minuted. It is being minuted. The Court requests 180, and requests them today. The full sum, now. The request has been made three times and the Court does not make a fourth.	false
derpy_chd_ex_hef_dem_wrath_gold_idols_secondary	Sacrifice 180 Golden Idols in the Emerald Gate within 3 turns, or answer for it.	false
derpy_chd_ex_hef_dem_tithe_ivory_title	The Court's Request: Tusks	false
derpy_chd_ex_hef_dem_tithe_ivory_primary	Tusk for the scrimshaw of the Sea Guard, who have been at it six hundred years and have never once run short until now. The Court requests 30, and requests them today. A small thing, asked politely, in a manner that does not admit of refusal.	false
derpy_chd_ex_hef_dem_tithe_ivory_secondary	Sacrifice 30 Tusks in the Emerald Gate within 3 turns, or answer for it.	false
derpy_chd_ex_hef_dem_hunger_ivory_title	A Matter of Duty: Tusks	false
derpy_chd_ex_hef_dem_hunger_ivory_primary	Tusk for the scrimshaw of the Sea Guard, who have been at it six hundred years and have never once run short until now. The Court requests 90, and requests them today. More than a courtesy. Ulthuan has been doing this since before your people had a written language, and it is asking.	false
derpy_chd_ex_hef_dem_hunger_ivory_secondary	Sacrifice 90 Tusks in the Emerald Gate within 3 turns, or answer for it.	false
derpy_chd_ex_hef_dem_wrath_ivory_title	The Court Insists: Tusks	false
derpy_chd_ex_hef_dem_wrath_ivory_primary	Tusk for the scrimshaw of the Sea Guard, who have been at it six hundred years and have never once run short until now. The Court requests 180, and requests them today. The full sum, now. The request has been made three times and the Court does not make a fourth.	false
derpy_chd_ex_hef_dem_wrath_ivory_secondary	Sacrifice 180 Tusks in the Emerald Gate within 3 turns, or answer for it.	false
derpy_chd_ex_hef_dem_tithe_medicine_title	The Court's Request: Medicinal Plants	false
derpy_chd_ex_hef_dem_tithe_medicine_primary	Ulthuan's healers are the finest in the world, and the finest in the world still need the plant. Chrace's crop failed. The Court requests 30, and requests them today. A small thing, asked politely, in a manner that does not admit of refusal.	false
derpy_chd_ex_hef_dem_tithe_medicine_secondary	Sacrifice 30 Medicinal Plants in the Emerald Gate within 3 turns, or answer for it.	false
derpy_chd_ex_hef_dem_hunger_medicine_title	A Matter of Duty: Medicinal Plants	false
derpy_chd_ex_hef_dem_hunger_medicine_primary	Ulthuan's healers are the finest in the world, and the finest in the world still need the plant. Chrace's crop failed. The Court requests 90, and requests them today. More than a courtesy. Ulthuan has been doing this since before your people had a written language, and it is asking.	false
derpy_chd_ex_hef_dem_hunger_medicine_secondary	Sacrifice 90 Medicinal Plants in the Emerald Gate within 3 turns, or answer for it.	false
derpy_chd_ex_hef_dem_wrath_medicine_title	The Court Insists: Medicinal Plants	false
derpy_chd_ex_hef_dem_wrath_medicine_primary	Ulthuan's healers are the finest in the world, and the finest in the world still need the plant. Chrace's crop failed. The Court requests 180, and requests them today. The full sum, now. The request has been made three times and the Court does not make a fourth.	false
derpy_chd_ex_hef_dem_wrath_medicine_secondary	Sacrifice 180 Medicinal Plants in the Emerald Gate within 3 turns, or answer for it.	false
derpy_chd_ex_hef_dem_tithe_obsidian_title	The Court's Request: Carved Obsidian	false
derpy_chd_ex_hef_dem_tithe_obsidian_primary	The mages of Saphery want black glass and will not say what for, which in Saphery is not unusual and is never cheap. The Court requests 30, and requests them today. A small thing, asked politely, in a manner that does not admit of refusal.	false
derpy_chd_ex_hef_dem_tithe_obsidian_secondary	Sacrifice 30 Carved Obsidian in the Emerald Gate within 3 turns, or answer for it.	false
derpy_chd_ex_hef_dem_hunger_obsidian_title	A Matter of Duty: Carved Obsidian	false
derpy_chd_ex_hef_dem_hunger_obsidian_primary	The mages of Saphery want black glass and will not say what for, which in Saphery is not unusual and is never cheap. The Court requests 90, and requests them today. More than a courtesy. Ulthuan has been doing this since before your people had a written language, and it is asking.	false
derpy_chd_ex_hef_dem_hunger_obsidian_secondary	Sacrifice 90 Carved Obsidian in the Emerald Gate within 3 turns, or answer for it.	false
derpy_chd_ex_hef_dem_wrath_obsidian_title	The Court Insists: Carved Obsidian	false
derpy_chd_ex_hef_dem_wrath_obsidian_primary	The mages of Saphery want black glass and will not say what for, which in Saphery is not unusual and is never cheap. The Court requests 180, and requests them today. The full sum, now. The request has been made three times and the Court does not make a fourth.	false
derpy_chd_ex_hef_dem_wrath_obsidian_secondary	Sacrifice 180 Carved Obsidian in the Emerald Gate within 3 turns, or answer for it.	false
derpy_chd_ex_hef_dem_tithe_rom_furs_title	The Court's Request: Furs	false
derpy_chd_ex_hef_dem_tithe_rom_furs_primary	Cold water and long watches, and the Sea Guard hold opinions about quality that the Gate is obliged to satisfy. The Court requests 30, and requests them today. A small thing, asked politely, in a manner that does not admit of refusal.	false
derpy_chd_ex_hef_dem_tithe_rom_furs_secondary	Sacrifice 30 Furs in the Emerald Gate within 3 turns, or answer for it.	false
derpy_chd_ex_hef_dem_hunger_rom_furs_title	A Matter of Duty: Furs	false
derpy_chd_ex_hef_dem_hunger_rom_furs_primary	Cold water and long watches, and the Sea Guard hold opinions about quality that the Gate is obliged to satisfy. The Court requests 90, and requests them today. More than a courtesy. Ulthuan has been doing this since before your people had a written language, and it is asking.	false
derpy_chd_ex_hef_dem_hunger_rom_furs_secondary	Sacrifice 90 Furs in the Emerald Gate within 3 turns, or answer for it.	false
derpy_chd_ex_hef_dem_wrath_rom_furs_title	The Court Insists: Furs	false
derpy_chd_ex_hef_dem_wrath_rom_furs_primary	Cold water and long watches, and the Sea Guard hold opinions about quality that the Gate is obliged to satisfy. The Court requests 180, and requests them today. The full sum, now. The request has been made three times and the Court does not make a fourth.	false
derpy_chd_ex_hef_dem_wrath_rom_furs_secondary	Sacrifice 180 Furs in the Emerald Gate within 3 turns, or answer for it.	false
derpy_chd_ex_hef_dem_tithe_rom_glass_title	The Court's Request: Dwarf Beer	false
derpy_chd_ex_hef_dem_tithe_rom_glass_primary	A cargo of Dwarf ale reached Lothern by an accident of trade and became, to everyone's embarrassment, sought after. The Court requests 30, and requests them today. A small thing, asked politely, in a manner that does not admit of refusal.	false
derpy_chd_ex_hef_dem_tithe_rom_glass_secondary	Sacrifice 30 Dwarf Beer in the Emerald Gate within 3 turns, or answer for it.	false
derpy_chd_ex_hef_dem_hunger_rom_glass_title	A Matter of Duty: Dwarf Beer	false
derpy_chd_ex_hef_dem_hunger_rom_glass_primary	A cargo of Dwarf ale reached Lothern by an accident of trade and became, to everyone's embarrassment, sought after. The Court requests 90, and requests them today. More than a courtesy. Ulthuan has been doing this since before your people had a written language, and it is asking.	false
derpy_chd_ex_hef_dem_hunger_rom_glass_secondary	Sacrifice 90 Dwarf Beer in the Emerald Gate within 3 turns, or answer for it.	false
derpy_chd_ex_hef_dem_wrath_rom_glass_title	The Court Insists: Dwarf Beer	false
derpy_chd_ex_hef_dem_wrath_rom_glass_primary	A cargo of Dwarf ale reached Lothern by an accident of trade and became, to everyone's embarrassment, sought after. The Court requests 180, and requests them today. The full sum, now. The request has been made three times and the Court does not make a fourth.	false
derpy_chd_ex_hef_dem_wrath_rom_glass_secondary	Sacrifice 180 Dwarf Beer in the Emerald Gate within 3 turns, or answer for it.	false
derpy_chd_ex_hef_dem_tithe_rom_iron_title	The Court's Request: Iron	false
derpy_chd_ex_hef_dem_tithe_rom_iron_primary	Ulthuan's smiths need less iron than anyone assumes and sell the surplus at a price that reflects who is asking for it. The Court requests 30, and requests them today. A small thing, asked politely, in a manner that does not admit of refusal.	false
derpy_chd_ex_hef_dem_tithe_rom_iron_secondary	Sacrifice 30 Iron in the Emerald Gate within 3 turns, or answer for it.	false
derpy_chd_ex_hef_dem_hunger_rom_iron_title	A Matter of Duty: Iron	false
derpy_chd_ex_hef_dem_hunger_rom_iron_primary	Ulthuan's smiths need less iron than anyone assumes and sell the surplus at a price that reflects who is asking for it. The Court requests 90, and requests them today. More than a courtesy. Ulthuan has been doing this since before your people had a written language, and it is asking.	false
derpy_chd_ex_hef_dem_hunger_rom_iron_secondary	Sacrifice 90 Iron in the Emerald Gate within 3 turns, or answer for it.	false
derpy_chd_ex_hef_dem_wrath_rom_iron_title	The Court Insists: Iron	false
derpy_chd_ex_hef_dem_wrath_rom_iron_primary	Ulthuan's smiths need less iron than anyone assumes and sell the surplus at a price that reflects who is asking for it. The Court requests 180, and requests them today. The full sum, now. The request has been made three times and the Court does not make a fourth.	false
derpy_chd_ex_hef_dem_wrath_rom_iron_secondary	Sacrifice 180 Iron in the Emerald Gate within 3 turns, or answer for it.	false
derpy_chd_ex_hef_dem_tithe_rom_lead_title	The Court's Request: Salt	false
derpy_chd_ex_hef_dem_tithe_rom_lead_primary	The fleets keep the sea lanes and salt keeps the fleets. It is unglamorous, and the Gate has never once let it run out. The Court requests 30, and requests them today. A small thing, asked politely, in a manner that does not admit of refusal.	false
derpy_chd_ex_hef_dem_tithe_rom_lead_secondary	Sacrifice 30 Salt in the Emerald Gate within 3 turns, or answer for it.	false
derpy_chd_ex_hef_dem_hunger_rom_lead_title	A Matter of Duty: Salt	false
derpy_chd_ex_hef_dem_hunger_rom_lead_primary	The fleets keep the sea lanes and salt keeps the fleets. It is unglamorous, and the Gate has never once let it run out. The Court requests 90, and requests them today. More than a courtesy. Ulthuan has been doing this since before your people had a written language, and it is asking.	false
derpy_chd_ex_hef_dem_hunger_rom_lead_secondary	Sacrifice 90 Salt in the Emerald Gate within 3 turns, or answer for it.	false
derpy_chd_ex_hef_dem_wrath_rom_lead_title	The Court Insists: Salt	false
derpy_chd_ex_hef_dem_wrath_rom_lead_primary	The fleets keep the sea lanes and salt keeps the fleets. It is unglamorous, and the Gate has never once let it run out. The Court requests 180, and requests them today. The full sum, now. The request has been made three times and the Court does not make a fourth.	false
derpy_chd_ex_hef_dem_wrath_rom_lead_secondary	Sacrifice 180 Salt in the Emerald Gate within 3 turns, or answer for it.	false
derpy_chd_ex_hef_dem_tithe_rom_marble_title	The Court's Request: Marble	false
derpy_chd_ex_hef_dem_tithe_rom_marble_primary	The White Tower is always being repaired, and Chrace has run short of the correct stone, which is not the same as running short of stone. The Court requests 30, and requests them today. A small thing, asked politely, in a manner that does not admit of refusal.	false
derpy_chd_ex_hef_dem_tithe_rom_marble_secondary	Sacrifice 30 Marble in the Emerald Gate within 3 turns, or answer for it.	false
derpy_chd_ex_hef_dem_hunger_rom_marble_title	A Matter of Duty: Marble	false
derpy_chd_ex_hef_dem_hunger_rom_marble_primary	The White Tower is always being repaired, and Chrace has run short of the correct stone, which is not the same as running short of stone. The Court requests 90, and requests them today. More than a courtesy. Ulthuan has been doing this since before your people had a written language, and it is asking.	false
derpy_chd_ex_hef_dem_hunger_rom_marble_secondary	Sacrifice 90 Marble in the Emerald Gate within 3 turns, or answer for it.	false
derpy_chd_ex_hef_dem_wrath_rom_marble_title	The Court Insists: Marble	false
derpy_chd_ex_hef_dem_wrath_rom_marble_primary	The White Tower is always being repaired, and Chrace has run short of the correct stone, which is not the same as running short of stone. The Court requests 180, and requests them today. The full sum, now. The request has been made three times and the Court does not make a fourth.	false
derpy_chd_ex_hef_dem_wrath_rom_marble_secondary	Sacrifice 180 Marble in the Emerald Gate within 3 turns, or answer for it.	false
derpy_chd_ex_hef_dem_tithe_rom_textiles_title	The Court's Request: Pottery	false
derpy_chd_ex_hef_dem_tithe_rom_textiles_primary	Ulthuan makes pottery of surpassing beauty in quantities that would embarrass a village. The rest is bought in. The Court requests 30, and requests them today. A small thing, asked politely, in a manner that does not admit of refusal.	false
derpy_chd_ex_hef_dem_tithe_rom_textiles_secondary	Sacrifice 30 Pottery in the Emerald Gate within 3 turns, or answer for it.	false
derpy_chd_ex_hef_dem_hunger_rom_textiles_title	A Matter of Duty: Pottery	false
derpy_chd_ex_hef_dem_hunger_rom_textiles_primary	Ulthuan makes pottery of surpassing beauty in quantities that would embarrass a village. The rest is bought in. The Court requests 90, and requests them today. More than a courtesy. Ulthuan has been doing this since before your people had a written language, and it is asking.	false
derpy_chd_ex_hef_dem_hunger_rom_textiles_secondary	Sacrifice 90 Pottery in the Emerald Gate within 3 turns, or answer for it.	false
derpy_chd_ex_hef_dem_wrath_rom_textiles_title	The Court Insists: Pottery	false
derpy_chd_ex_hef_dem_wrath_rom_textiles_primary	Ulthuan makes pottery of surpassing beauty in quantities that would embarrass a village. The rest is bought in. The Court requests 180, and requests them today. The full sum, now. The request has been made three times and the Court does not make a fourth.	false
derpy_chd_ex_hef_dem_wrath_rom_textiles_secondary	Sacrifice 180 Pottery in the Emerald Gate within 3 turns, or answer for it.	false
derpy_chd_ex_hef_dem_tithe_rom_timber_title	The Court's Request: Timber	false
derpy_chd_ex_hef_dem_tithe_rom_timber_primary	Athel Loren will not sell, Chrace will not cut, and the shipwrights of Lothern have a fleet to keep afloat. The Court requests 30, and requests them today. A small thing, asked politely, in a manner that does not admit of refusal.	false
derpy_chd_ex_hef_dem_tithe_rom_timber_secondary	Sacrifice 30 Timber in the Emerald Gate within 3 turns, or answer for it.	false
derpy_chd_ex_hef_dem_hunger_rom_timber_title	A Matter of Duty: Timber	false
derpy_chd_ex_hef_dem_hunger_rom_timber_primary	Athel Loren will not sell, Chrace will not cut, and the shipwrights of Lothern have a fleet to keep afloat. The Court requests 90, and requests them today. More than a courtesy. Ulthuan has been doing this since before your people had a written language, and it is asking.	false
derpy_chd_ex_hef_dem_hunger_rom_timber_secondary	Sacrifice 90 Timber in the Emerald Gate within 3 turns, or answer for it.	false
derpy_chd_ex_hef_dem_wrath_rom_timber_title	The Court Insists: Timber	false
derpy_chd_ex_hef_dem_wrath_rom_timber_primary	Athel Loren will not sell, Chrace will not cut, and the shipwrights of Lothern have a fleet to keep afloat. The Court requests 180, and requests them today. The full sum, now. The request has been made three times and the Court does not make a fourth.	false
derpy_chd_ex_hef_dem_wrath_rom_timber_secondary	Sacrifice 180 Timber in the Emerald Gate within 3 turns, or answer for it.	false
derpy_chd_ex_hef_dem_tithe_rom_wine_title	The Court's Request: Wine	false
derpy_chd_ex_hef_dem_tithe_rom_wine_primary	The vineyards of Ellyrion came in thin this year, which is a matter of some delicacy, and Lothern is buying quietly. The Court requests 30, and requests them today. A small thing, asked politely, in a manner that does not admit of refusal.	false
derpy_chd_ex_hef_dem_tithe_rom_wine_secondary	Sacrifice 30 Wine in the Emerald Gate within 3 turns, or answer for it.	false
derpy_chd_ex_hef_dem_hunger_rom_wine_title	A Matter of Duty: Wine	false
derpy_chd_ex_hef_dem_hunger_rom_wine_primary	The vineyards of Ellyrion came in thin this year, which is a matter of some delicacy, and Lothern is buying quietly. The Court requests 90, and requests them today. More than a courtesy. Ulthuan has been doing this since before your people had a written language, and it is asking.	false
derpy_chd_ex_hef_dem_hunger_rom_wine_secondary	Sacrifice 90 Wine in the Emerald Gate within 3 turns, or answer for it.	false
derpy_chd_ex_hef_dem_wrath_rom_wine_title	The Court Insists: Wine	false
derpy_chd_ex_hef_dem_wrath_rom_wine_primary	The vineyards of Ellyrion came in thin this year, which is a matter of some delicacy, and Lothern is buying quietly. The Court requests 180, and requests them today. The full sum, now. The request has been made three times and the Court does not make a fourth.	false
derpy_chd_ex_hef_dem_wrath_rom_wine_secondary	Sacrifice 180 Wine in the Emerald Gate within 3 turns, or answer for it.	false
derpy_chd_ex_hef_dem_tithe_spices_title	The Court's Request: Spices	false
derpy_chd_ex_hef_dem_tithe_spices_primary	Lothern's kitchens have priced the season and decided that what you are holding is fashionable. Fashion in Ulthuan is not a short thing. The Court requests 30, and requests them today. A small thing, asked politely, in a manner that does not admit of refusal.	false
derpy_chd_ex_hef_dem_tithe_spices_secondary	Sacrifice 30 Spices in the Emerald Gate within 3 turns, or answer for it.	false
derpy_chd_ex_hef_dem_hunger_spices_title	A Matter of Duty: Spices	false
derpy_chd_ex_hef_dem_hunger_spices_primary	Lothern's kitchens have priced the season and decided that what you are holding is fashionable. Fashion in Ulthuan is not a short thing. The Court requests 90, and requests them today. More than a courtesy. Ulthuan has been doing this since before your people had a written language, and it is asking.	false
derpy_chd_ex_hef_dem_hunger_spices_secondary	Sacrifice 90 Spices in the Emerald Gate within 3 turns, or answer for it.	false
derpy_chd_ex_hef_dem_wrath_spices_title	The Court Insists: Spices	false
derpy_chd_ex_hef_dem_wrath_spices_primary	Lothern's kitchens have priced the season and decided that what you are holding is fashionable. Fashion in Ulthuan is not a short thing. The Court requests 180, and requests them today. The full sum, now. The request has been made three times and the Court does not make a fourth.	false
derpy_chd_ex_hef_dem_wrath_spices_secondary	Sacrifice 180 Spices in the Emerald Gate within 3 turns, or answer for it.	false
derpy_chd_ex_hef_dem_tithe_trinkets_title	The Court's Request: Elven Trinkets	false
derpy_chd_ex_hef_dem_tithe_trinkets_primary	Every trinket in the Old World came out of Ulthuan and every one was sold, once, at a fair price. The Gate is not sentimental about them. The Court requests 30, and requests them today. A small thing, asked politely, in a manner that does not admit of refusal.	false
derpy_chd_ex_hef_dem_tithe_trinkets_secondary	Sacrifice 30 Elven Trinkets in the Emerald Gate within 3 turns, or answer for it.	false
derpy_chd_ex_hef_dem_hunger_trinkets_title	A Matter of Duty: Elven Trinkets	false
derpy_chd_ex_hef_dem_hunger_trinkets_primary	Every trinket in the Old World came out of Ulthuan and every one was sold, once, at a fair price. The Gate is not sentimental about them. The Court requests 90, and requests them today. More than a courtesy. Ulthuan has been doing this since before your people had a written language, and it is asking.	false
derpy_chd_ex_hef_dem_hunger_trinkets_secondary	Sacrifice 90 Elven Trinkets in the Emerald Gate within 3 turns, or answer for it.	false
derpy_chd_ex_hef_dem_wrath_trinkets_title	The Court Insists: Elven Trinkets	false
derpy_chd_ex_hef_dem_wrath_trinkets_primary	Every trinket in the Old World came out of Ulthuan and every one was sold, once, at a fair price. The Gate is not sentimental about them. The Court requests 180, and requests them today. The full sum, now. The request has been made three times and the Court does not make a fourth.	false
derpy_chd_ex_hef_dem_wrath_trinkets_secondary	Sacrifice 180 Elven Trinkets in the Emerald Gate within 3 turns, or answer for it.	false
derpy_chd_ex_hef_dem_tithe_derpy_amber_title	The Court's Request: Amber	false
derpy_chd_ex_hef_dem_tithe_derpy_amber_primary	Amber is prized by jewellers and wizards alike. Your chests of it have not gone unremarked. The Court requests 30, and requests them today. A small thing, asked politely, in a manner that does not admit of refusal.	false
derpy_chd_ex_hef_dem_tithe_derpy_amber_secondary	Sacrifice 30 Amber in the Emerald Gate within 3 turns, or answer for it.	false
derpy_chd_ex_hef_dem_hunger_derpy_amber_title	A Matter of Duty: Amber	false
derpy_chd_ex_hef_dem_hunger_derpy_amber_primary	Amber is prized by jewellers and wizards alike. Your chests of it have not gone unremarked. The Court requests 90, and requests them today. More than a courtesy. Ulthuan has been doing this since before your people had a written language, and it is asking.	false
derpy_chd_ex_hef_dem_hunger_derpy_amber_secondary	Sacrifice 90 Amber in the Emerald Gate within 3 turns, or answer for it.	false
derpy_chd_ex_hef_dem_wrath_derpy_amber_title	The Court Insists: Amber	false
derpy_chd_ex_hef_dem_wrath_derpy_amber_primary	Amber is prized by jewellers and wizards alike. Your chests of it have not gone unremarked. The Court requests 180, and requests them today. The full sum, now. The request has been made three times and the Court does not make a fourth.	false
derpy_chd_ex_hef_dem_wrath_derpy_amber_secondary	Sacrifice 180 Amber in the Emerald Gate within 3 turns, or answer for it.	false
derpy_chd_ex_hef_dem_tithe_derpy_black_lotus_title	The Court's Request: Black Lotus	false
derpy_chd_ex_hef_dem_tithe_derpy_black_lotus_primary	Black lotus is sought by assassins and healers alike. Somebody knows exactly how many ounces you hold. The Court requests 30, and requests them today. A small thing, asked politely, in a manner that does not admit of refusal.	false
derpy_chd_ex_hef_dem_tithe_derpy_black_lotus_secondary	Sacrifice 30 Black Lotus in the Emerald Gate within 3 turns, or answer for it.	false
derpy_chd_ex_hef_dem_hunger_derpy_black_lotus_title	A Matter of Duty: Black Lotus	false
derpy_chd_ex_hef_dem_hunger_derpy_black_lotus_primary	Black lotus is sought by assassins and healers alike. Somebody knows exactly how many ounces you hold. The Court requests 90, and requests them today. More than a courtesy. Ulthuan has been doing this since before your people had a written language, and it is asking.	false
derpy_chd_ex_hef_dem_hunger_derpy_black_lotus_secondary	Sacrifice 90 Black Lotus in the Emerald Gate within 3 turns, or answer for it.	false
derpy_chd_ex_hef_dem_wrath_derpy_black_lotus_title	The Court Insists: Black Lotus	false
derpy_chd_ex_hef_dem_wrath_derpy_black_lotus_primary	Black lotus is sought by assassins and healers alike. Somebody knows exactly how many ounces you hold. The Court requests 180, and requests them today. The full sum, now. The request has been made three times and the Court does not make a fourth.	false
derpy_chd_ex_hef_dem_wrath_derpy_black_lotus_secondary	Sacrifice 180 Black Lotus in the Emerald Gate within 3 turns, or answer for it.	false
derpy_chd_ex_hef_dem_tithe_derpy_blackpowder_title	The Court's Request: Blackpowder	false
derpy_chd_ex_hef_dem_tithe_derpy_blackpowder_primary	Blackpowder is the cannon's bread. Your kegs are known, and so is how dry you are keeping them. The Court requests 30, and requests them today. A small thing, asked politely, in a manner that does not admit of refusal.	false
derpy_chd_ex_hef_dem_tithe_derpy_blackpowder_secondary	Sacrifice 30 Blackpowder in the Emerald Gate within 3 turns, or answer for it.	false
derpy_chd_ex_hef_dem_hunger_derpy_blackpowder_title	A Matter of Duty: Blackpowder	false
derpy_chd_ex_hef_dem_hunger_derpy_blackpowder_primary	Blackpowder is the cannon's bread. Your kegs are known, and so is how dry you are keeping them. The Court requests 90, and requests them today. More than a courtesy. Ulthuan has been doing this since before your people had a written language, and it is asking.	false
derpy_chd_ex_hef_dem_hunger_derpy_blackpowder_secondary	Sacrifice 90 Blackpowder in the Emerald Gate within 3 turns, or answer for it.	false
derpy_chd_ex_hef_dem_wrath_derpy_blackpowder_title	The Court Insists: Blackpowder	false
derpy_chd_ex_hef_dem_wrath_derpy_blackpowder_primary	Blackpowder is the cannon's bread. Your kegs are known, and so is how dry you are keeping them. The Court requests 180, and requests them today. The full sum, now. The request has been made three times and the Court does not make a fourth.	false
derpy_chd_ex_hef_dem_wrath_derpy_blackpowder_secondary	Sacrifice 180 Blackpowder in the Emerald Gate within 3 turns, or answer for it.	false
derpy_chd_ex_hef_dem_tithe_derpy_books_title	The Court's Request: Books	false
derpy_chd_ex_hef_dem_tithe_derpy_books_primary	Books are knowledge, and knowledge is owed. Your crates of them have been catalogued by somebody else. The Court requests 30, and requests them today. A small thing, asked politely, in a manner that does not admit of refusal.	false
derpy_chd_ex_hef_dem_tithe_derpy_books_secondary	Sacrifice 30 Books in the Emerald Gate within 3 turns, or answer for it.	false
derpy_chd_ex_hef_dem_hunger_derpy_books_title	A Matter of Duty: Books	false
derpy_chd_ex_hef_dem_hunger_derpy_books_primary	Books are knowledge, and knowledge is owed. Your crates of them have been catalogued by somebody else. The Court requests 90, and requests them today. More than a courtesy. Ulthuan has been doing this since before your people had a written language, and it is asking.	false
derpy_chd_ex_hef_dem_hunger_derpy_books_secondary	Sacrifice 90 Books in the Emerald Gate within 3 turns, or answer for it.	false
derpy_chd_ex_hef_dem_wrath_derpy_books_title	The Court Insists: Books	false
derpy_chd_ex_hef_dem_wrath_derpy_books_primary	Books are knowledge, and knowledge is owed. Your crates of them have been catalogued by somebody else. The Court requests 180, and requests them today. The full sum, now. The request has been made three times and the Court does not make a fourth.	false
derpy_chd_ex_hef_dem_wrath_derpy_books_secondary	Sacrifice 180 Books in the Emerald Gate within 3 turns, or answer for it.	false
derpy_chd_ex_hef_dem_tithe_derpy_brass_title	The Court's Request: Brass	false
derpy_chd_ex_hef_dem_tithe_derpy_brass_primary	Brass is cast for gears, guns and idols. Your ingots are written into a ledger that is not yours. The Court requests 30, and requests them today. A small thing, asked politely, in a manner that does not admit of refusal.	false
derpy_chd_ex_hef_dem_tithe_derpy_brass_secondary	Sacrifice 30 Brass in the Emerald Gate within 3 turns, or answer for it.	false
derpy_chd_ex_hef_dem_hunger_derpy_brass_title	A Matter of Duty: Brass	false
derpy_chd_ex_hef_dem_hunger_derpy_brass_primary	Brass is cast for gears, guns and idols. Your ingots are written into a ledger that is not yours. The Court requests 90, and requests them today. More than a courtesy. Ulthuan has been doing this since before your people had a written language, and it is asking.	false
derpy_chd_ex_hef_dem_hunger_derpy_brass_secondary	Sacrifice 90 Brass in the Emerald Gate within 3 turns, or answer for it.	false
derpy_chd_ex_hef_dem_wrath_derpy_brass_title	The Court Insists: Brass	false
derpy_chd_ex_hef_dem_wrath_derpy_brass_primary	Brass is cast for gears, guns and idols. Your ingots are written into a ledger that is not yours. The Court requests 180, and requests them today. The full sum, now. The request has been made three times and the Court does not make a fourth.	false
derpy_chd_ex_hef_dem_wrath_derpy_brass_secondary	Sacrifice 180 Brass in the Emerald Gate within 3 turns, or answer for it.	false
derpy_chd_ex_hef_dem_tithe_derpy_brimstone_title	The Court's Request: Brimstone	false
derpy_chd_ex_hef_dem_tithe_derpy_brimstone_primary	Brimstone feeds the furnace and the powder mill both. Your sacks of it have not gone unnoticed. The Court requests 30, and requests them today. A small thing, asked politely, in a manner that does not admit of refusal.	false
derpy_chd_ex_hef_dem_tithe_derpy_brimstone_secondary	Sacrifice 30 Brimstone in the Emerald Gate within 3 turns, or answer for it.	false
derpy_chd_ex_hef_dem_hunger_derpy_brimstone_title	A Matter of Duty: Brimstone	false
derpy_chd_ex_hef_dem_hunger_derpy_brimstone_primary	Brimstone feeds the furnace and the powder mill both. Your sacks of it have not gone unnoticed. The Court requests 90, and requests them today. More than a courtesy. Ulthuan has been doing this since before your people had a written language, and it is asking.	false
derpy_chd_ex_hef_dem_hunger_derpy_brimstone_secondary	Sacrifice 90 Brimstone in the Emerald Gate within 3 turns, or answer for it.	false
derpy_chd_ex_hef_dem_wrath_derpy_brimstone_title	The Court Insists: Brimstone	false
derpy_chd_ex_hef_dem_wrath_derpy_brimstone_primary	Brimstone feeds the furnace and the powder mill both. Your sacks of it have not gone unnoticed. The Court requests 180, and requests them today. The full sum, now. The request has been made three times and the Court does not make a fourth.	false
derpy_chd_ex_hef_dem_wrath_derpy_brimstone_secondary	Sacrifice 180 Brimstone in the Emerald Gate within 3 turns, or answer for it.	false
derpy_chd_ex_hef_dem_tithe_derpy_carpets_title	The Court's Request: Arabyan Carpets	false
derpy_chd_ex_hef_dem_tithe_derpy_carpets_primary	Arabyan carpets are knotted in patterns older than the Empire. Your rolls have been unrolled and priced. The Court requests 30, and requests them today. A small thing, asked politely, in a manner that does not admit of refusal.	false
derpy_chd_ex_hef_dem_tithe_derpy_carpets_secondary	Sacrifice 30 Arabyan Carpets in the Emerald Gate within 3 turns, or answer for it.	false
derpy_chd_ex_hef_dem_hunger_derpy_carpets_title	A Matter of Duty: Arabyan Carpets	false
derpy_chd_ex_hef_dem_hunger_derpy_carpets_primary	Arabyan carpets are knotted in patterns older than the Empire. Your rolls have been unrolled and priced. The Court requests 90, and requests them today. More than a courtesy. Ulthuan has been doing this since before your people had a written language, and it is asking.	false
derpy_chd_ex_hef_dem_hunger_derpy_carpets_secondary	Sacrifice 90 Arabyan Carpets in the Emerald Gate within 3 turns, or answer for it.	false
derpy_chd_ex_hef_dem_wrath_derpy_carpets_title	The Court Insists: Arabyan Carpets	false
derpy_chd_ex_hef_dem_wrath_derpy_carpets_primary	Arabyan carpets are knotted in patterns older than the Empire. Your rolls have been unrolled and priced. The Court requests 180, and requests them today. The full sum, now. The request has been made three times and the Court does not make a fourth.	false
derpy_chd_ex_hef_dem_wrath_derpy_carpets_secondary	Sacrifice 180 Arabyan Carpets in the Emerald Gate within 3 turns, or answer for it.	false
derpy_chd_ex_hef_dem_tithe_derpy_coal_title	The Court's Request: Coal	false
derpy_chd_ex_hef_dem_tithe_derpy_coal_primary	Every forge and furnace burns coal. Yours is stacked in sacks while other fires go hungry. The Court requests 30, and requests them today. A small thing, asked politely, in a manner that does not admit of refusal.	false
derpy_chd_ex_hef_dem_tithe_derpy_coal_secondary	Sacrifice 30 Coal in the Emerald Gate within 3 turns, or answer for it.	false
derpy_chd_ex_hef_dem_hunger_derpy_coal_title	A Matter of Duty: Coal	false
derpy_chd_ex_hef_dem_hunger_derpy_coal_primary	Every forge and furnace burns coal. Yours is stacked in sacks while other fires go hungry. The Court requests 90, and requests them today. More than a courtesy. Ulthuan has been doing this since before your people had a written language, and it is asking.	false
derpy_chd_ex_hef_dem_hunger_derpy_coal_secondary	Sacrifice 90 Coal in the Emerald Gate within 3 turns, or answer for it.	false
derpy_chd_ex_hef_dem_wrath_derpy_coal_title	The Court Insists: Coal	false
derpy_chd_ex_hef_dem_wrath_derpy_coal_primary	Every forge and furnace burns coal. Yours is stacked in sacks while other fires go hungry. The Court requests 180, and requests them today. The full sum, now. The request has been made three times and the Court does not make a fourth.	false
derpy_chd_ex_hef_dem_wrath_derpy_coal_secondary	Sacrifice 180 Coal in the Emerald Gate within 3 turns, or answer for it.	false
derpy_chd_ex_hef_dem_tithe_derpy_dragon_bone_title	The Court's Request: Dragon Bone	false
derpy_chd_ex_hef_dem_tithe_derpy_dragon_bone_primary	Dragon bone grows rarer every century. Your crates of it are a matter of record. The Court requests 30, and requests them today. A small thing, asked politely, in a manner that does not admit of refusal.	false
derpy_chd_ex_hef_dem_tithe_derpy_dragon_bone_secondary	Sacrifice 30 Dragon Bone in the Emerald Gate within 3 turns, or answer for it.	false
derpy_chd_ex_hef_dem_hunger_derpy_dragon_bone_title	A Matter of Duty: Dragon Bone	false
derpy_chd_ex_hef_dem_hunger_derpy_dragon_bone_primary	Dragon bone grows rarer every century. Your crates of it are a matter of record. The Court requests 90, and requests them today. More than a courtesy. Ulthuan has been doing this since before your people had a written language, and it is asking.	false
derpy_chd_ex_hef_dem_hunger_derpy_dragon_bone_secondary	Sacrifice 90 Dragon Bone in the Emerald Gate within 3 turns, or answer for it.	false
derpy_chd_ex_hef_dem_wrath_derpy_dragon_bone_title	The Court Insists: Dragon Bone	false
derpy_chd_ex_hef_dem_wrath_derpy_dragon_bone_primary	Dragon bone grows rarer every century. Your crates of it are a matter of record. The Court requests 180, and requests them today. The full sum, now. The request has been made three times and the Court does not make a fourth.	false
derpy_chd_ex_hef_dem_wrath_derpy_dragon_bone_secondary	Sacrifice 180 Dragon Bone in the Emerald Gate within 3 turns, or answer for it.	false
derpy_chd_ex_hef_dem_tithe_derpy_feathers_title	The Court's Request: Griffon and Pegasus Feathers	false
derpy_chd_ex_hef_dem_tithe_derpy_feathers_primary	Griffon and pegasus feathers are gathered from the high eyries at some risk. Your bundles have been counted. The Court requests 30, and requests them today. A small thing, asked politely, in a manner that does not admit of refusal.	false
derpy_chd_ex_hef_dem_tithe_derpy_feathers_secondary	Sacrifice 30 Griffon and Pegasus Feathers in the Emerald Gate within 3 turns, or answer for it.	false
derpy_chd_ex_hef_dem_hunger_derpy_feathers_title	A Matter of Duty: Griffon and Pegasus Feathers	false
derpy_chd_ex_hef_dem_hunger_derpy_feathers_primary	Griffon and pegasus feathers are gathered from the high eyries at some risk. Your bundles have been counted. The Court requests 90, and requests them today. More than a courtesy. Ulthuan has been doing this since before your people had a written language, and it is asking.	false
derpy_chd_ex_hef_dem_hunger_derpy_feathers_secondary	Sacrifice 90 Griffon and Pegasus Feathers in the Emerald Gate within 3 turns, or answer for it.	false
derpy_chd_ex_hef_dem_wrath_derpy_feathers_title	The Court Insists: Griffon and Pegasus Feathers	false
derpy_chd_ex_hef_dem_wrath_derpy_feathers_primary	Griffon and pegasus feathers are gathered from the high eyries at some risk. Your bundles have been counted. The Court requests 180, and requests them today. The full sum, now. The request has been made three times and the Court does not make a fourth.	false
derpy_chd_ex_hef_dem_wrath_derpy_feathers_secondary	Sacrifice 180 Griffon and Pegasus Feathers in the Emerald Gate within 3 turns, or answer for it.	false
derpy_chd_ex_hef_dem_tithe_derpy_glassware_title	The Court's Request: Glassware	false
derpy_chd_ex_hef_dem_tithe_derpy_glassware_primary	Fine glass is easily broken and dearly bought. Your crates of it have been counted, carefully. The Court requests 30, and requests them today. A small thing, asked politely, in a manner that does not admit of refusal.	false
derpy_chd_ex_hef_dem_tithe_derpy_glassware_secondary	Sacrifice 30 Glassware in the Emerald Gate within 3 turns, or answer for it.	false
derpy_chd_ex_hef_dem_hunger_derpy_glassware_title	A Matter of Duty: Glassware	false
derpy_chd_ex_hef_dem_hunger_derpy_glassware_primary	Fine glass is easily broken and dearly bought. Your crates of it have been counted, carefully. The Court requests 90, and requests them today. More than a courtesy. Ulthuan has been doing this since before your people had a written language, and it is asking.	false
derpy_chd_ex_hef_dem_hunger_derpy_glassware_secondary	Sacrifice 90 Glassware in the Emerald Gate within 3 turns, or answer for it.	false
derpy_chd_ex_hef_dem_wrath_derpy_glassware_title	The Court Insists: Glassware	false
derpy_chd_ex_hef_dem_wrath_derpy_glassware_primary	Fine glass is easily broken and dearly bought. Your crates of it have been counted, carefully. The Court requests 180, and requests them today. The full sum, now. The request has been made three times and the Court does not make a fourth.	false
derpy_chd_ex_hef_dem_wrath_derpy_glassware_secondary	Sacrifice 180 Glassware in the Emerald Gate within 3 turns, or answer for it.	false
derpy_chd_ex_hef_dem_tithe_derpy_grain_title	The Court's Request: Grain	false
derpy_chd_ex_hef_dem_tithe_derpy_grain_primary	Grain is bread for the cities and fodder for the armies. Your granaries are full while others are not. The Court requests 30, and requests them today. A small thing, asked politely, in a manner that does not admit of refusal.	false
derpy_chd_ex_hef_dem_tithe_derpy_grain_secondary	Sacrifice 30 Grain in the Emerald Gate within 3 turns, or answer for it.	false
derpy_chd_ex_hef_dem_hunger_derpy_grain_title	A Matter of Duty: Grain	false
derpy_chd_ex_hef_dem_hunger_derpy_grain_primary	Grain is bread for the cities and fodder for the armies. Your granaries are full while others are not. The Court requests 90, and requests them today. More than a courtesy. Ulthuan has been doing this since before your people had a written language, and it is asking.	false
derpy_chd_ex_hef_dem_hunger_derpy_grain_secondary	Sacrifice 90 Grain in the Emerald Gate within 3 turns, or answer for it.	false
derpy_chd_ex_hef_dem_wrath_derpy_grain_title	The Court Insists: Grain	false
derpy_chd_ex_hef_dem_wrath_derpy_grain_primary	Grain is bread for the cities and fodder for the armies. Your granaries are full while others are not. The Court requests 180, and requests them today. The full sum, now. The request has been made three times and the Court does not make a fourth.	false
derpy_chd_ex_hef_dem_wrath_derpy_grain_secondary	Sacrifice 180 Grain in the Emerald Gate within 3 turns, or answer for it.	false
derpy_chd_ex_hef_dem_tithe_derpy_gromril_title	The Court's Request: Gromril	false
derpy_chd_ex_hef_dem_tithe_derpy_gromril_primary	Gromril is the hardest metal there is and the scarcest. Nobody has forgotten that you hold some. The Court requests 30, and requests them today. A small thing, asked politely, in a manner that does not admit of refusal.	false
derpy_chd_ex_hef_dem_tithe_derpy_gromril_secondary	Sacrifice 30 Gromril in the Emerald Gate within 3 turns, or answer for it.	false
derpy_chd_ex_hef_dem_hunger_derpy_gromril_title	A Matter of Duty: Gromril	false
derpy_chd_ex_hef_dem_hunger_derpy_gromril_primary	Gromril is the hardest metal there is and the scarcest. Nobody has forgotten that you hold some. The Court requests 90, and requests them today. More than a courtesy. Ulthuan has been doing this since before your people had a written language, and it is asking.	false
derpy_chd_ex_hef_dem_hunger_derpy_gromril_secondary	Sacrifice 90 Gromril in the Emerald Gate within 3 turns, or answer for it.	false
derpy_chd_ex_hef_dem_wrath_derpy_gromril_title	The Court Insists: Gromril	false
derpy_chd_ex_hef_dem_wrath_derpy_gromril_primary	Gromril is the hardest metal there is and the scarcest. Nobody has forgotten that you hold some. The Court requests 180, and requests them today. The full sum, now. The request has been made three times and the Court does not make a fourth.	false
derpy_chd_ex_hef_dem_wrath_derpy_gromril_secondary	Sacrifice 180 Gromril in the Emerald Gate within 3 turns, or answer for it.	false
derpy_chd_ex_hef_dem_tithe_derpy_incense_title	The Court's Request: Incense	false
derpy_chd_ex_hef_dem_tithe_derpy_incense_primary	Incense burns in every temple and every tomb. Your sacks of it can be smelled from the street. The Court requests 30, and requests them today. A small thing, asked politely, in a manner that does not admit of refusal.	false
derpy_chd_ex_hef_dem_tithe_derpy_incense_secondary	Sacrifice 30 Incense in the Emerald Gate within 3 turns, or answer for it.	false
derpy_chd_ex_hef_dem_hunger_derpy_incense_title	A Matter of Duty: Incense	false
derpy_chd_ex_hef_dem_hunger_derpy_incense_primary	Incense burns in every temple and every tomb. Your sacks of it can be smelled from the street. The Court requests 90, and requests them today. More than a courtesy. Ulthuan has been doing this since before your people had a written language, and it is asking.	false
derpy_chd_ex_hef_dem_hunger_derpy_incense_secondary	Sacrifice 90 Incense in the Emerald Gate within 3 turns, or answer for it.	false
derpy_chd_ex_hef_dem_wrath_derpy_incense_title	The Court Insists: Incense	false
derpy_chd_ex_hef_dem_wrath_derpy_incense_primary	Incense burns in every temple and every tomb. Your sacks of it can be smelled from the street. The Court requests 180, and requests them today. The full sum, now. The request has been made three times and the Court does not make a fourth.	false
derpy_chd_ex_hef_dem_wrath_derpy_incense_secondary	Sacrifice 180 Incense in the Emerald Gate within 3 turns, or answer for it.	false
derpy_chd_ex_hef_dem_tithe_derpy_ithilmar_title	The Court's Request: Ithilmar	false
derpy_chd_ex_hef_dem_tithe_derpy_ithilmar_primary	Ithilmar is found in one land only, and every ingot outside it is accounted for. Yours included. The Court requests 30, and requests them today. A small thing, asked politely, in a manner that does not admit of refusal.	false
derpy_chd_ex_hef_dem_tithe_derpy_ithilmar_secondary	Sacrifice 30 Ithilmar in the Emerald Gate within 3 turns, or answer for it.	false
derpy_chd_ex_hef_dem_hunger_derpy_ithilmar_title	A Matter of Duty: Ithilmar	false
derpy_chd_ex_hef_dem_hunger_derpy_ithilmar_primary	Ithilmar is found in one land only, and every ingot outside it is accounted for. Yours included. The Court requests 90, and requests them today. More than a courtesy. Ulthuan has been doing this since before your people had a written language, and it is asking.	false
derpy_chd_ex_hef_dem_hunger_derpy_ithilmar_secondary	Sacrifice 90 Ithilmar in the Emerald Gate within 3 turns, or answer for it.	false
derpy_chd_ex_hef_dem_wrath_derpy_ithilmar_title	The Court Insists: Ithilmar	false
derpy_chd_ex_hef_dem_wrath_derpy_ithilmar_primary	Ithilmar is found in one land only, and every ingot outside it is accounted for. Yours included. The Court requests 180, and requests them today. The full sum, now. The request has been made three times and the Court does not make a fourth.	false
derpy_chd_ex_hef_dem_wrath_derpy_ithilmar_secondary	Sacrifice 180 Ithilmar in the Emerald Gate within 3 turns, or answer for it.	false
derpy_chd_ex_hef_dem_tithe_derpy_jade_title	The Court's Request: Jade	false
derpy_chd_ex_hef_dem_tithe_derpy_jade_primary	Jade is carved into charms, seals and statues. Your slabs of it are on a list. The Court requests 30, and requests them today. A small thing, asked politely, in a manner that does not admit of refusal.	false
derpy_chd_ex_hef_dem_tithe_derpy_jade_secondary	Sacrifice 30 Jade in the Emerald Gate within 3 turns, or answer for it.	false
derpy_chd_ex_hef_dem_hunger_derpy_jade_title	A Matter of Duty: Jade	false
derpy_chd_ex_hef_dem_hunger_derpy_jade_primary	Jade is carved into charms, seals and statues. Your slabs of it are on a list. The Court requests 90, and requests them today. More than a courtesy. Ulthuan has been doing this since before your people had a written language, and it is asking.	false
derpy_chd_ex_hef_dem_hunger_derpy_jade_secondary	Sacrifice 90 Jade in the Emerald Gate within 3 turns, or answer for it.	false
derpy_chd_ex_hef_dem_wrath_derpy_jade_title	The Court Insists: Jade	false
derpy_chd_ex_hef_dem_wrath_derpy_jade_primary	Jade is carved into charms, seals and statues. Your slabs of it are on a list. The Court requests 180, and requests them today. The full sum, now. The request has been made three times and the Court does not make a fourth.	false
derpy_chd_ex_hef_dem_wrath_derpy_jade_secondary	Sacrifice 180 Jade in the Emerald Gate within 3 turns, or answer for it.	false
derpy_chd_ex_hef_dem_tithe_derpy_kvas_title	The Court's Request: Kvas	false
derpy_chd_ex_hef_dem_tithe_derpy_kvas_primary	Every stanitsa keeps a barrel of kvas. Yours are fuller than most, and that has been noticed. The Court requests 30, and requests them today. A small thing, asked politely, in a manner that does not admit of refusal.	false
derpy_chd_ex_hef_dem_tithe_derpy_kvas_secondary	Sacrifice 30 Kvas in the Emerald Gate within 3 turns, or answer for it.	false
derpy_chd_ex_hef_dem_hunger_derpy_kvas_title	A Matter of Duty: Kvas	false
derpy_chd_ex_hef_dem_hunger_derpy_kvas_primary	Every stanitsa keeps a barrel of kvas. Yours are fuller than most, and that has been noticed. The Court requests 90, and requests them today. More than a courtesy. Ulthuan has been doing this since before your people had a written language, and it is asking.	false
derpy_chd_ex_hef_dem_hunger_derpy_kvas_secondary	Sacrifice 90 Kvas in the Emerald Gate within 3 turns, or answer for it.	false
derpy_chd_ex_hef_dem_wrath_derpy_kvas_title	The Court Insists: Kvas	false
derpy_chd_ex_hef_dem_wrath_derpy_kvas_primary	Every stanitsa keeps a barrel of kvas. Yours are fuller than most, and that has been noticed. The Court requests 180, and requests them today. The full sum, now. The request has been made three times and the Court does not make a fourth.	false
derpy_chd_ex_hef_dem_wrath_derpy_kvas_secondary	Sacrifice 180 Kvas in the Emerald Gate within 3 turns, or answer for it.	false
derpy_chd_ex_hef_dem_tithe_derpy_lustrian_plumes_title	The Court's Request: Lustrian Plumes	false
derpy_chd_ex_hef_dem_tithe_derpy_lustrian_plumes_primary	Lustrian plumes are worth their weight in gold at court. Yours have been counted feather by feather. The Court requests 30, and requests them today. A small thing, asked politely, in a manner that does not admit of refusal.	false
derpy_chd_ex_hef_dem_tithe_derpy_lustrian_plumes_secondary	Sacrifice 30 Lustrian Plumes in the Emerald Gate within 3 turns, or answer for it.	false
derpy_chd_ex_hef_dem_hunger_derpy_lustrian_plumes_title	A Matter of Duty: Lustrian Plumes	false
derpy_chd_ex_hef_dem_hunger_derpy_lustrian_plumes_primary	Lustrian plumes are worth their weight in gold at court. Yours have been counted feather by feather. The Court requests 90, and requests them today. More than a courtesy. Ulthuan has been doing this since before your people had a written language, and it is asking.	false
derpy_chd_ex_hef_dem_hunger_derpy_lustrian_plumes_secondary	Sacrifice 90 Lustrian Plumes in the Emerald Gate within 3 turns, or answer for it.	false
derpy_chd_ex_hef_dem_wrath_derpy_lustrian_plumes_title	The Court Insists: Lustrian Plumes	false
derpy_chd_ex_hef_dem_wrath_derpy_lustrian_plumes_primary	Lustrian plumes are worth their weight in gold at court. Yours have been counted feather by feather. The Court requests 180, and requests them today. The full sum, now. The request has been made three times and the Court does not make a fourth.	false
derpy_chd_ex_hef_dem_wrath_derpy_lustrian_plumes_secondary	Sacrifice 180 Lustrian Plumes in the Emerald Gate within 3 turns, or answer for it.	false
derpy_chd_ex_hef_dem_tithe_derpy_mead_title	The Court's Request: Mead	false
derpy_chd_ex_hef_dem_tithe_derpy_mead_primary	Mead is drunk from horns before every raid. Your kegs have been counted by thirsty men. The Court requests 30, and requests them today. A small thing, asked politely, in a manner that does not admit of refusal.	false
derpy_chd_ex_hef_dem_tithe_derpy_mead_secondary	Sacrifice 30 Mead in the Emerald Gate within 3 turns, or answer for it.	false
derpy_chd_ex_hef_dem_hunger_derpy_mead_title	A Matter of Duty: Mead	false
derpy_chd_ex_hef_dem_hunger_derpy_mead_primary	Mead is drunk from horns before every raid. Your kegs have been counted by thirsty men. The Court requests 90, and requests them today. More than a courtesy. Ulthuan has been doing this since before your people had a written language, and it is asking.	false
derpy_chd_ex_hef_dem_hunger_derpy_mead_secondary	Sacrifice 90 Mead in the Emerald Gate within 3 turns, or answer for it.	false
derpy_chd_ex_hef_dem_wrath_derpy_mead_title	The Court Insists: Mead	false
derpy_chd_ex_hef_dem_wrath_derpy_mead_primary	Mead is drunk from horns before every raid. Your kegs have been counted by thirsty men. The Court requests 180, and requests them today. The full sum, now. The request has been made three times and the Court does not make a fourth.	false
derpy_chd_ex_hef_dem_wrath_derpy_mead_secondary	Sacrifice 180 Mead in the Emerald Gate within 3 turns, or answer for it.	false
derpy_chd_ex_hef_dem_tithe_derpy_olive_oil_title	The Court's Request: Olive Oil	false
derpy_chd_ex_hef_dem_tithe_derpy_olive_oil_primary	Olive oil lights the lamps and dresses the bread of the Middle Sea. Your barrels have been tallied. The Court requests 30, and requests them today. A small thing, asked politely, in a manner that does not admit of refusal.	false
derpy_chd_ex_hef_dem_tithe_derpy_olive_oil_secondary	Sacrifice 30 Olive Oil in the Emerald Gate within 3 turns, or answer for it.	false
derpy_chd_ex_hef_dem_hunger_derpy_olive_oil_title	A Matter of Duty: Olive Oil	false
derpy_chd_ex_hef_dem_hunger_derpy_olive_oil_primary	Olive oil lights the lamps and dresses the bread of the Middle Sea. Your barrels have been tallied. The Court requests 90, and requests them today. More than a courtesy. Ulthuan has been doing this since before your people had a written language, and it is asking.	false
derpy_chd_ex_hef_dem_hunger_derpy_olive_oil_secondary	Sacrifice 90 Olive Oil in the Emerald Gate within 3 turns, or answer for it.	false
derpy_chd_ex_hef_dem_wrath_derpy_olive_oil_title	The Court Insists: Olive Oil	false
derpy_chd_ex_hef_dem_wrath_derpy_olive_oil_primary	Olive oil lights the lamps and dresses the bread of the Middle Sea. Your barrels have been tallied. The Court requests 180, and requests them today. The full sum, now. The request has been made three times and the Court does not make a fourth.	false
derpy_chd_ex_hef_dem_wrath_derpy_olive_oil_secondary	Sacrifice 180 Olive Oil in the Emerald Gate within 3 turns, or answer for it.	false
derpy_chd_ex_hef_dem_tithe_derpy_pearls_title	The Court's Request: Pearls	false
derpy_chd_ex_hef_dem_tithe_derpy_pearls_primary	Pearls come up from the warm seas and go round the neck of anyone who can pay. Yours have been counted. The Court requests 30, and requests them today. A small thing, asked politely, in a manner that does not admit of refusal.	false
derpy_chd_ex_hef_dem_tithe_derpy_pearls_secondary	Sacrifice 30 Pearls in the Emerald Gate within 3 turns, or answer for it.	false
derpy_chd_ex_hef_dem_hunger_derpy_pearls_title	A Matter of Duty: Pearls	false
derpy_chd_ex_hef_dem_hunger_derpy_pearls_primary	Pearls come up from the warm seas and go round the neck of anyone who can pay. Yours have been counted. The Court requests 90, and requests them today. More than a courtesy. Ulthuan has been doing this since before your people had a written language, and it is asking.	false
derpy_chd_ex_hef_dem_hunger_derpy_pearls_secondary	Sacrifice 90 Pearls in the Emerald Gate within 3 turns, or answer for it.	false
derpy_chd_ex_hef_dem_wrath_derpy_pearls_title	The Court Insists: Pearls	false
derpy_chd_ex_hef_dem_wrath_derpy_pearls_primary	Pearls come up from the warm seas and go round the neck of anyone who can pay. Yours have been counted. The Court requests 180, and requests them today. The full sum, now. The request has been made three times and the Court does not make a fourth.	false
derpy_chd_ex_hef_dem_wrath_derpy_pearls_secondary	Sacrifice 180 Pearls in the Emerald Gate within 3 turns, or answer for it.	false
derpy_chd_ex_hef_dem_tithe_derpy_pipeweed_title	The Court's Request: Pipeweed	false
derpy_chd_ex_hef_dem_tithe_derpy_pipeweed_primary	Pipeweed is smoked in every tavern from Altdorf to Marienburg. Your bales are known to more than the tax-man. The Court requests 30, and requests them today. A small thing, asked politely, in a manner that does not admit of refusal.	false
derpy_chd_ex_hef_dem_tithe_derpy_pipeweed_secondary	Sacrifice 30 Pipeweed in the Emerald Gate within 3 turns, or answer for it.	false
derpy_chd_ex_hef_dem_hunger_derpy_pipeweed_title	A Matter of Duty: Pipeweed	false
derpy_chd_ex_hef_dem_hunger_derpy_pipeweed_primary	Pipeweed is smoked in every tavern from Altdorf to Marienburg. Your bales are known to more than the tax-man. The Court requests 90, and requests them today. More than a courtesy. Ulthuan has been doing this since before your people had a written language, and it is asking.	false
derpy_chd_ex_hef_dem_hunger_derpy_pipeweed_secondary	Sacrifice 90 Pipeweed in the Emerald Gate within 3 turns, or answer for it.	false
derpy_chd_ex_hef_dem_wrath_derpy_pipeweed_title	The Court Insists: Pipeweed	false
derpy_chd_ex_hef_dem_wrath_derpy_pipeweed_primary	Pipeweed is smoked in every tavern from Altdorf to Marienburg. Your bales are known to more than the tax-man. The Court requests 180, and requests them today. The full sum, now. The request has been made three times and the Court does not make a fourth.	false
derpy_chd_ex_hef_dem_wrath_derpy_pipeweed_secondary	Sacrifice 180 Pipeweed in the Emerald Gate within 3 turns, or answer for it.	false
derpy_chd_ex_hef_dem_tithe_derpy_porcelain_title	The Court's Request: Porcelain	false
derpy_chd_ex_hef_dem_tithe_derpy_porcelain_primary	Porcelain is fired in Cathay and treasured everywhere else. Your crates of it are on a list. The Court requests 30, and requests them today. A small thing, asked politely, in a manner that does not admit of refusal.	false
derpy_chd_ex_hef_dem_tithe_derpy_porcelain_secondary	Sacrifice 30 Porcelain in the Emerald Gate within 3 turns, or answer for it.	false
derpy_chd_ex_hef_dem_hunger_derpy_porcelain_title	A Matter of Duty: Porcelain	false
derpy_chd_ex_hef_dem_hunger_derpy_porcelain_primary	Porcelain is fired in Cathay and treasured everywhere else. Your crates of it are on a list. The Court requests 90, and requests them today. More than a courtesy. Ulthuan has been doing this since before your people had a written language, and it is asking.	false
derpy_chd_ex_hef_dem_hunger_derpy_porcelain_secondary	Sacrifice 90 Porcelain in the Emerald Gate within 3 turns, or answer for it.	false
derpy_chd_ex_hef_dem_wrath_derpy_porcelain_title	The Court Insists: Porcelain	false
derpy_chd_ex_hef_dem_wrath_derpy_porcelain_primary	Porcelain is fired in Cathay and treasured everywhere else. Your crates of it are on a list. The Court requests 180, and requests them today. The full sum, now. The request has been made three times and the Court does not make a fourth.	false
derpy_chd_ex_hef_dem_wrath_derpy_porcelain_secondary	Sacrifice 180 Porcelain in the Emerald Gate within 3 turns, or answer for it.	false
derpy_chd_ex_hef_dem_tithe_derpy_quicksilver_title	The Court's Request: Quicksilver	false
derpy_chd_ex_hef_dem_tithe_derpy_quicksilver_primary	Every alchemist and engineer wants quicksilver. Your flasks have been counted. The Court requests 30, and requests them today. A small thing, asked politely, in a manner that does not admit of refusal.	false
derpy_chd_ex_hef_dem_tithe_derpy_quicksilver_secondary	Sacrifice 30 Quicksilver in the Emerald Gate within 3 turns, or answer for it.	false
derpy_chd_ex_hef_dem_hunger_derpy_quicksilver_title	A Matter of Duty: Quicksilver	false
derpy_chd_ex_hef_dem_hunger_derpy_quicksilver_primary	Every alchemist and engineer wants quicksilver. Your flasks have been counted. The Court requests 90, and requests them today. More than a courtesy. Ulthuan has been doing this since before your people had a written language, and it is asking.	false
derpy_chd_ex_hef_dem_hunger_derpy_quicksilver_secondary	Sacrifice 90 Quicksilver in the Emerald Gate within 3 turns, or answer for it.	false
derpy_chd_ex_hef_dem_wrath_derpy_quicksilver_title	The Court Insists: Quicksilver	false
derpy_chd_ex_hef_dem_wrath_derpy_quicksilver_primary	Every alchemist and engineer wants quicksilver. Your flasks have been counted. The Court requests 180, and requests them today. The full sum, now. The request has been made three times and the Court does not make a fourth.	false
derpy_chd_ex_hef_dem_wrath_derpy_quicksilver_secondary	Sacrifice 180 Quicksilver in the Emerald Gate within 3 turns, or answer for it.	false
derpy_chd_ex_hef_dem_tithe_derpy_rhinox_hides_title	The Court's Request: Rhinox Hides	false
derpy_chd_ex_hef_dem_tithe_derpy_rhinox_hides_primary	Rhinox hide is tough enough to make armour of. Your stacks of it have been counted. The Court requests 30, and requests them today. A small thing, asked politely, in a manner that does not admit of refusal.	false
derpy_chd_ex_hef_dem_tithe_derpy_rhinox_hides_secondary	Sacrifice 30 Rhinox Hides in the Emerald Gate within 3 turns, or answer for it.	false
derpy_chd_ex_hef_dem_hunger_derpy_rhinox_hides_title	A Matter of Duty: Rhinox Hides	false
derpy_chd_ex_hef_dem_hunger_derpy_rhinox_hides_primary	Rhinox hide is tough enough to make armour of. Your stacks of it have been counted. The Court requests 90, and requests them today. More than a courtesy. Ulthuan has been doing this since before your people had a written language, and it is asking.	false
derpy_chd_ex_hef_dem_hunger_derpy_rhinox_hides_secondary	Sacrifice 90 Rhinox Hides in the Emerald Gate within 3 turns, or answer for it.	false
derpy_chd_ex_hef_dem_wrath_derpy_rhinox_hides_title	The Court Insists: Rhinox Hides	false
derpy_chd_ex_hef_dem_wrath_derpy_rhinox_hides_primary	Rhinox hide is tough enough to make armour of. Your stacks of it have been counted. The Court requests 180, and requests them today. The full sum, now. The request has been made three times and the Court does not make a fourth.	false
derpy_chd_ex_hef_dem_wrath_derpy_rhinox_hides_secondary	Sacrifice 180 Rhinox Hides in the Emerald Gate within 3 turns, or answer for it.	false
derpy_chd_ex_hef_dem_tithe_derpy_rum_title	The Court's Request: Rum	false
derpy_chd_ex_hef_dem_tithe_derpy_rum_primary	Rum keeps crews at sea and quiet ashore. Your kegs have been noticed by people who keep lists. The Court requests 30, and requests them today. A small thing, asked politely, in a manner that does not admit of refusal.	false
derpy_chd_ex_hef_dem_tithe_derpy_rum_secondary	Sacrifice 30 Rum in the Emerald Gate within 3 turns, or answer for it.	false
derpy_chd_ex_hef_dem_hunger_derpy_rum_title	A Matter of Duty: Rum	false
derpy_chd_ex_hef_dem_hunger_derpy_rum_primary	Rum keeps crews at sea and quiet ashore. Your kegs have been noticed by people who keep lists. The Court requests 90, and requests them today. More than a courtesy. Ulthuan has been doing this since before your people had a written language, and it is asking.	false
derpy_chd_ex_hef_dem_hunger_derpy_rum_secondary	Sacrifice 90 Rum in the Emerald Gate within 3 turns, or answer for it.	false
derpy_chd_ex_hef_dem_wrath_derpy_rum_title	The Court Insists: Rum	false
derpy_chd_ex_hef_dem_wrath_derpy_rum_primary	Rum keeps crews at sea and quiet ashore. Your kegs have been noticed by people who keep lists. The Court requests 180, and requests them today. The full sum, now. The request has been made three times and the Court does not make a fourth.	false
derpy_chd_ex_hef_dem_wrath_derpy_rum_secondary	Sacrifice 180 Rum in the Emerald Gate within 3 turns, or answer for it.	false
derpy_chd_ex_hef_dem_tithe_derpy_salted_fish_title	The Court's Request: Salted Fish	false
derpy_chd_ex_hef_dem_tithe_derpy_salted_fish_primary	Salted fish feeds sailors, soldiers and the poor through the lean months. Your barrels have been counted. The Court requests 30, and requests them today. A small thing, asked politely, in a manner that does not admit of refusal.	false
derpy_chd_ex_hef_dem_tithe_derpy_salted_fish_secondary	Sacrifice 30 Salted Fish in the Emerald Gate within 3 turns, or answer for it.	false
derpy_chd_ex_hef_dem_hunger_derpy_salted_fish_title	A Matter of Duty: Salted Fish	false
derpy_chd_ex_hef_dem_hunger_derpy_salted_fish_primary	Salted fish feeds sailors, soldiers and the poor through the lean months. Your barrels have been counted. The Court requests 90, and requests them today. More than a courtesy. Ulthuan has been doing this since before your people had a written language, and it is asking.	false
derpy_chd_ex_hef_dem_hunger_derpy_salted_fish_secondary	Sacrifice 90 Salted Fish in the Emerald Gate within 3 turns, or answer for it.	false
derpy_chd_ex_hef_dem_wrath_derpy_salted_fish_title	The Court Insists: Salted Fish	false
derpy_chd_ex_hef_dem_wrath_derpy_salted_fish_primary	Salted fish feeds sailors, soldiers and the poor through the lean months. Your barrels have been counted. The Court requests 180, and requests them today. The full sum, now. The request has been made three times and the Court does not make a fourth.	false
derpy_chd_ex_hef_dem_wrath_derpy_salted_fish_secondary	Sacrifice 180 Salted Fish in the Emerald Gate within 3 turns, or answer for it.	false
derpy_chd_ex_hef_dem_tithe_derpy_salted_meat_title	The Court's Request: Salted Meat	false
derpy_chd_ex_hef_dem_tithe_derpy_salted_meat_primary	Salted meat keeps, and armies march on it. Your barrels have been counted. The Court requests 30, and requests them today. A small thing, asked politely, in a manner that does not admit of refusal.	false
derpy_chd_ex_hef_dem_tithe_derpy_salted_meat_secondary	Sacrifice 30 Salted Meat in the Emerald Gate within 3 turns, or answer for it.	false
derpy_chd_ex_hef_dem_hunger_derpy_salted_meat_title	A Matter of Duty: Salted Meat	false
derpy_chd_ex_hef_dem_hunger_derpy_salted_meat_primary	Salted meat keeps, and armies march on it. Your barrels have been counted. The Court requests 90, and requests them today. More than a courtesy. Ulthuan has been doing this since before your people had a written language, and it is asking.	false
derpy_chd_ex_hef_dem_hunger_derpy_salted_meat_secondary	Sacrifice 90 Salted Meat in the Emerald Gate within 3 turns, or answer for it.	false
derpy_chd_ex_hef_dem_wrath_derpy_salted_meat_title	The Court Insists: Salted Meat	false
derpy_chd_ex_hef_dem_wrath_derpy_salted_meat_primary	Salted meat keeps, and armies march on it. Your barrels have been counted. The Court requests 180, and requests them today. The full sum, now. The request has been made three times and the Court does not make a fourth.	false
derpy_chd_ex_hef_dem_wrath_derpy_salted_meat_secondary	Sacrifice 180 Salted Meat in the Emerald Gate within 3 turns, or answer for it.	false
derpy_chd_ex_hef_dem_tithe_derpy_sea_dragon_hide_title	The Court's Request: Sea Dragon Hide	false
derpy_chd_ex_hef_dem_tithe_derpy_sea_dragon_hide_primary	Sea dragon hide turns a blade, and there is less of it every year. Somebody knows how much of it you hold. The Court requests 30, and requests them today. A small thing, asked politely, in a manner that does not admit of refusal.	false
derpy_chd_ex_hef_dem_tithe_derpy_sea_dragon_hide_secondary	Sacrifice 30 Sea Dragon Hide in the Emerald Gate within 3 turns, or answer for it.	false
derpy_chd_ex_hef_dem_hunger_derpy_sea_dragon_hide_title	A Matter of Duty: Sea Dragon Hide	false
derpy_chd_ex_hef_dem_hunger_derpy_sea_dragon_hide_primary	Sea dragon hide turns a blade, and there is less of it every year. Somebody knows how much of it you hold. The Court requests 90, and requests them today. More than a courtesy. Ulthuan has been doing this since before your people had a written language, and it is asking.	false
derpy_chd_ex_hef_dem_hunger_derpy_sea_dragon_hide_secondary	Sacrifice 90 Sea Dragon Hide in the Emerald Gate within 3 turns, or answer for it.	false
derpy_chd_ex_hef_dem_wrath_derpy_sea_dragon_hide_title	The Court Insists: Sea Dragon Hide	false
derpy_chd_ex_hef_dem_wrath_derpy_sea_dragon_hide_primary	Sea dragon hide turns a blade, and there is less of it every year. Somebody knows how much of it you hold. The Court requests 180, and requests them today. The full sum, now. The request has been made three times and the Court does not make a fourth.	false
derpy_chd_ex_hef_dem_wrath_derpy_sea_dragon_hide_secondary	Sacrifice 180 Sea Dragon Hide in the Emerald Gate within 3 turns, or answer for it.	false
derpy_chd_ex_hef_dem_tithe_derpy_silk_title	The Court's Request: Silk	false
derpy_chd_ex_hef_dem_tithe_derpy_silk_primary	Silk is what the Ivory Road carries west. Your bolts have been measured by somebody other than your factor. The Court requests 30, and requests them today. A small thing, asked politely, in a manner that does not admit of refusal.	false
derpy_chd_ex_hef_dem_tithe_derpy_silk_secondary	Sacrifice 30 Silk in the Emerald Gate within 3 turns, or answer for it.	false
derpy_chd_ex_hef_dem_hunger_derpy_silk_title	A Matter of Duty: Silk	false
derpy_chd_ex_hef_dem_hunger_derpy_silk_primary	Silk is what the Ivory Road carries west. Your bolts have been measured by somebody other than your factor. The Court requests 90, and requests them today. More than a courtesy. Ulthuan has been doing this since before your people had a written language, and it is asking.	false
derpy_chd_ex_hef_dem_hunger_derpy_silk_secondary	Sacrifice 90 Silk in the Emerald Gate within 3 turns, or answer for it.	false
derpy_chd_ex_hef_dem_wrath_derpy_silk_title	The Court Insists: Silk	false
derpy_chd_ex_hef_dem_wrath_derpy_silk_primary	Silk is what the Ivory Road carries west. Your bolts have been measured by somebody other than your factor. The Court requests 180, and requests them today. The full sum, now. The request has been made three times and the Court does not make a fourth.	false
derpy_chd_ex_hef_dem_wrath_derpy_silk_secondary	Sacrifice 180 Silk in the Emerald Gate within 3 turns, or answer for it.	false
derpy_chd_ex_hef_dem_tithe_derpy_silver_title	The Court's Request: Silver	false
derpy_chd_ex_hef_dem_tithe_derpy_silver_primary	Silver is coin, plate and a blade-edge against the dead. Your ingots have been weighed twice. The Court requests 30, and requests them today. A small thing, asked politely, in a manner that does not admit of refusal.	false
derpy_chd_ex_hef_dem_tithe_derpy_silver_secondary	Sacrifice 30 Silver in the Emerald Gate within 3 turns, or answer for it.	false
derpy_chd_ex_hef_dem_hunger_derpy_silver_title	A Matter of Duty: Silver	false
derpy_chd_ex_hef_dem_hunger_derpy_silver_primary	Silver is coin, plate and a blade-edge against the dead. Your ingots have been weighed twice. The Court requests 90, and requests them today. More than a courtesy. Ulthuan has been doing this since before your people had a written language, and it is asking.	false
derpy_chd_ex_hef_dem_hunger_derpy_silver_secondary	Sacrifice 90 Silver in the Emerald Gate within 3 turns, or answer for it.	false
derpy_chd_ex_hef_dem_wrath_derpy_silver_title	The Court Insists: Silver	false
derpy_chd_ex_hef_dem_wrath_derpy_silver_primary	Silver is coin, plate and a blade-edge against the dead. Your ingots have been weighed twice. The Court requests 180, and requests them today. The full sum, now. The request has been made three times and the Court does not make a fourth.	false
derpy_chd_ex_hef_dem_wrath_derpy_silver_secondary	Sacrifice 180 Silver in the Emerald Gate within 3 turns, or answer for it.	false
derpy_chd_ex_hef_dem_tithe_derpy_starwood_title	The Court's Request: Starwood	false
derpy_chd_ex_hef_dem_tithe_derpy_starwood_primary	Starwood is given by the trees of Athel Loren and never cut. That you hold any at all has been noticed. The Court requests 30, and requests them today. A small thing, asked politely, in a manner that does not admit of refusal.	false
derpy_chd_ex_hef_dem_tithe_derpy_starwood_secondary	Sacrifice 30 Starwood in the Emerald Gate within 3 turns, or answer for it.	false
derpy_chd_ex_hef_dem_hunger_derpy_starwood_title	A Matter of Duty: Starwood	false
derpy_chd_ex_hef_dem_hunger_derpy_starwood_primary	Starwood is given by the trees of Athel Loren and never cut. That you hold any at all has been noticed. The Court requests 90, and requests them today. More than a courtesy. Ulthuan has been doing this since before your people had a written language, and it is asking.	false
derpy_chd_ex_hef_dem_hunger_derpy_starwood_secondary	Sacrifice 90 Starwood in the Emerald Gate within 3 turns, or answer for it.	false
derpy_chd_ex_hef_dem_wrath_derpy_starwood_title	The Court Insists: Starwood	false
derpy_chd_ex_hef_dem_wrath_derpy_starwood_primary	Starwood is given by the trees of Athel Loren and never cut. That you hold any at all has been noticed. The Court requests 180, and requests them today. The full sum, now. The request has been made three times and the Court does not make a fourth.	false
derpy_chd_ex_hef_dem_wrath_derpy_starwood_secondary	Sacrifice 180 Starwood in the Emerald Gate within 3 turns, or answer for it.	false
derpy_chd_ex_hef_dem_tithe_derpy_tea_title	The Court's Request: Tea	false
derpy_chd_ex_hef_dem_tithe_derpy_tea_primary	Tea is poured at every audience worth attending. Your chests of it have been weighed. The Court requests 30, and requests them today. A small thing, asked politely, in a manner that does not admit of refusal.	false
derpy_chd_ex_hef_dem_tithe_derpy_tea_secondary	Sacrifice 30 Tea in the Emerald Gate within 3 turns, or answer for it.	false
derpy_chd_ex_hef_dem_hunger_derpy_tea_title	A Matter of Duty: Tea	false
derpy_chd_ex_hef_dem_hunger_derpy_tea_primary	Tea is poured at every audience worth attending. Your chests of it have been weighed. The Court requests 90, and requests them today. More than a courtesy. Ulthuan has been doing this since before your people had a written language, and it is asking.	false
derpy_chd_ex_hef_dem_hunger_derpy_tea_secondary	Sacrifice 90 Tea in the Emerald Gate within 3 turns, or answer for it.	false
derpy_chd_ex_hef_dem_wrath_derpy_tea_title	The Court Insists: Tea	false
derpy_chd_ex_hef_dem_wrath_derpy_tea_primary	Tea is poured at every audience worth attending. Your chests of it have been weighed. The Court requests 180, and requests them today. The full sum, now. The request has been made three times and the Court does not make a fourth.	false
derpy_chd_ex_hef_dem_wrath_derpy_tea_secondary	Sacrifice 180 Tea in the Emerald Gate within 3 turns, or answer for it.	false
derpy_chd_ex_hef_dem_tithe_derpy_warhorses_title	The Court's Request: Warhorses	false
derpy_chd_ex_hef_dem_tithe_derpy_warhorses_primary	A warhorse eats every day it is not ridden. Your stables are full, and the count has been taken. The Court requests 30, and requests them today. A small thing, asked politely, in a manner that does not admit of refusal.	false
derpy_chd_ex_hef_dem_tithe_derpy_warhorses_secondary	Sacrifice 30 Warhorses in the Emerald Gate within 3 turns, or answer for it.	false
derpy_chd_ex_hef_dem_hunger_derpy_warhorses_title	A Matter of Duty: Warhorses	false
derpy_chd_ex_hef_dem_hunger_derpy_warhorses_primary	A warhorse eats every day it is not ridden. Your stables are full, and the count has been taken. The Court requests 90, and requests them today. More than a courtesy. Ulthuan has been doing this since before your people had a written language, and it is asking.	false
derpy_chd_ex_hef_dem_hunger_derpy_warhorses_secondary	Sacrifice 90 Warhorses in the Emerald Gate within 3 turns, or answer for it.	false
derpy_chd_ex_hef_dem_wrath_derpy_warhorses_title	The Court Insists: Warhorses	false
derpy_chd_ex_hef_dem_wrath_derpy_warhorses_primary	A warhorse eats every day it is not ridden. Your stables are full, and the count has been taken. The Court requests 180, and requests them today. The full sum, now. The request has been made three times and the Court does not make a fourth.	false
derpy_chd_ex_hef_dem_wrath_derpy_warhorses_secondary	Sacrifice 180 Warhorses in the Emerald Gate within 3 turns, or answer for it.	false
derpy_chd_ex_hef_dem_tithe_derpy_whale_oil_title	The Court's Request: Whale Oil	false
derpy_chd_ex_hef_dem_tithe_derpy_whale_oil_primary	Lamp oil burns in every hall that can afford the light. Yours is sitting in barrels in the dark. The Court requests 30, and requests them today. A small thing, asked politely, in a manner that does not admit of refusal.	false
derpy_chd_ex_hef_dem_tithe_derpy_whale_oil_secondary	Sacrifice 30 Whale Oil in the Emerald Gate within 3 turns, or answer for it.	false
derpy_chd_ex_hef_dem_hunger_derpy_whale_oil_title	A Matter of Duty: Whale Oil	false
derpy_chd_ex_hef_dem_hunger_derpy_whale_oil_primary	Lamp oil burns in every hall that can afford the light. Yours is sitting in barrels in the dark. The Court requests 90, and requests them today. More than a courtesy. Ulthuan has been doing this since before your people had a written language, and it is asking.	false
derpy_chd_ex_hef_dem_hunger_derpy_whale_oil_secondary	Sacrifice 90 Whale Oil in the Emerald Gate within 3 turns, or answer for it.	false
derpy_chd_ex_hef_dem_wrath_derpy_whale_oil_title	The Court Insists: Whale Oil	false
derpy_chd_ex_hef_dem_wrath_derpy_whale_oil_primary	Lamp oil burns in every hall that can afford the light. Yours is sitting in barrels in the dark. The Court requests 180, and requests them today. The full sum, now. The request has been made three times and the Court does not make a fourth.	false
derpy_chd_ex_hef_dem_wrath_derpy_whale_oil_secondary	Sacrifice 180 Whale Oil in the Emerald Gate within 3 turns, or answer for it.	false
derpy_chd_ex_hef_dem_tithe_derpy_wool_title	The Court's Request: Wool	false
derpy_chd_ex_hef_dem_tithe_derpy_wool_primary	Wool is spun and woven in every town. Your bales are stacked to the rafters and somebody has climbed up to count them. The Court requests 30, and requests them today. A small thing, asked politely, in a manner that does not admit of refusal.	false
derpy_chd_ex_hef_dem_tithe_derpy_wool_secondary	Sacrifice 30 Wool in the Emerald Gate within 3 turns, or answer for it.	false
derpy_chd_ex_hef_dem_hunger_derpy_wool_title	A Matter of Duty: Wool	false
derpy_chd_ex_hef_dem_hunger_derpy_wool_primary	Wool is spun and woven in every town. Your bales are stacked to the rafters and somebody has climbed up to count them. The Court requests 90, and requests them today. More than a courtesy. Ulthuan has been doing this since before your people had a written language, and it is asking.	false
derpy_chd_ex_hef_dem_hunger_derpy_wool_secondary	Sacrifice 90 Wool in the Emerald Gate within 3 turns, or answer for it.	false
derpy_chd_ex_hef_dem_wrath_derpy_wool_title	The Court Insists: Wool	false
derpy_chd_ex_hef_dem_wrath_derpy_wool_primary	Wool is spun and woven in every town. Your bales are stacked to the rafters and somebody has climbed up to count them. The Court requests 180, and requests them today. The full sum, now. The request has been made three times and the Court does not make a fourth.	false
derpy_chd_ex_hef_dem_wrath_derpy_wool_secondary	Sacrifice 180 Wool in the Emerald Gate within 3 turns, or answer for it.	false
derpy_chd_ex_hef_dem_tithe_derpy_wyvern_scales_title	The Court's Request: Wyvern Scales	false
derpy_chd_ex_hef_dem_tithe_derpy_wyvern_scales_primary	Wyvern scales are taken at great cost from the nesting peaks. Yours have been counted. The Court requests 30, and requests them today. A small thing, asked politely, in a manner that does not admit of refusal.	false
derpy_chd_ex_hef_dem_tithe_derpy_wyvern_scales_secondary	Sacrifice 30 Wyvern Scales in the Emerald Gate within 3 turns, or answer for it.	false
derpy_chd_ex_hef_dem_hunger_derpy_wyvern_scales_title	A Matter of Duty: Wyvern Scales	false
derpy_chd_ex_hef_dem_hunger_derpy_wyvern_scales_primary	Wyvern scales are taken at great cost from the nesting peaks. Yours have been counted. The Court requests 90, and requests them today. More than a courtesy. Ulthuan has been doing this since before your people had a written language, and it is asking.	false
derpy_chd_ex_hef_dem_hunger_derpy_wyvern_scales_secondary	Sacrifice 90 Wyvern Scales in the Emerald Gate within 3 turns, or answer for it.	false
derpy_chd_ex_hef_dem_wrath_derpy_wyvern_scales_title	The Court Insists: Wyvern Scales	false
derpy_chd_ex_hef_dem_wrath_derpy_wyvern_scales_primary	Wyvern scales are taken at great cost from the nesting peaks. Yours have been counted. The Court requests 180, and requests them today. The full sum, now. The request has been made three times and the Court does not make a fourth.	false
derpy_chd_ex_hef_dem_wrath_derpy_wyvern_scales_secondary	Sacrifice 180 Wyvern Scales in the Emerald Gate within 3 turns, or answer for it.	false
derpy_chd_ex_hef_dem_paid_title	The Tribute Rendered	false
derpy_chd_ex_hef_dem_paid_primary	The consignment reached the Gate under seal and was accepted without a word of query, which is how the Court says thank you.	false
derpy_chd_ex_hef_dem_paid_secondary	The Court is satisfied, and your name is spoken well of for a season.	false
derpy_chd_ex_hef_dem_wrath_title	The Request Unmet	false
derpy_chd_ex_hef_dem_wrath_primary	Nothing was tendered by the day named. The clerk of the Gate closed the entry, and the entry was read at the next audience.	false
derpy_chd_ex_hef_dem_wrath_secondary	The Court adjusts its regard. It does not raise its voice.	false
derpy_chd_ex_skv_dem_tithe_animals_title	The Council's Tithe: Exotic Animals	false
derpy_chd_ex_skv_dem_tithe_animals_primary	Clan Moulder has been shown your menagerie and has not stopped talking about it. The Council would prefer this ended quietly. The Council wants 30, and wants them today. A small thing. The Council asks small things of everyone, and writes down who refused.	false
derpy_chd_ex_skv_dem_tithe_animals_secondary	Sacrifice 30 Exotic Animals in the Under-Market within 3 turns, or answer for it.	false
derpy_chd_ex_skv_dem_hunger_animals_title	The Council is Hungry: Exotic Animals	false
derpy_chd_ex_skv_dem_hunger_animals_primary	Clan Moulder has been shown your menagerie and has not stopped talking about it. The Council would prefer this ended quietly. The Council wants 90, and wants them today. This is more than the Council usually takes. It has not been phrased as a question.	false
derpy_chd_ex_skv_dem_hunger_animals_secondary	Sacrifice 90 Exotic Animals in the Under-Market within 3 turns, or answer for it.	false
derpy_chd_ex_skv_dem_wrath_animals_title	The Thirteenth Demand: Exotic Animals	false
derpy_chd_ex_skv_dem_wrath_animals_primary	Clan Moulder has been shown your menagerie and has not stopped talking about it. The Council would prefer this ended quietly. The Council wants 180, and wants them today. This is no tithe. The Grey Seers have seen the hoard, and the hoard is already spoken for.	false
derpy_chd_ex_skv_dem_wrath_animals_secondary	Sacrifice 180 Exotic Animals in the Under-Market within 3 turns, or answer for it.	false
derpy_chd_ex_skv_dem_tithe_dyes_title	The Council's Tithe: Dyes	false
derpy_chd_ex_skv_dem_tithe_dyes_primary	Seer-robes are dyed by a process nobody has survived describing. The dye itself is ordinary, and yours is closer. The Council wants 30, and wants them today. A small thing. The Council asks small things of everyone, and writes down who refused.	false
derpy_chd_ex_skv_dem_tithe_dyes_secondary	Sacrifice 30 Dyes in the Under-Market within 3 turns, or answer for it.	false
derpy_chd_ex_skv_dem_hunger_dyes_title	The Council is Hungry: Dyes	false
derpy_chd_ex_skv_dem_hunger_dyes_primary	Seer-robes are dyed by a process nobody has survived describing. The dye itself is ordinary, and yours is closer. The Council wants 90, and wants them today. This is more than the Council usually takes. It has not been phrased as a question.	false
derpy_chd_ex_skv_dem_hunger_dyes_secondary	Sacrifice 90 Dyes in the Under-Market within 3 turns, or answer for it.	false
derpy_chd_ex_skv_dem_wrath_dyes_title	The Thirteenth Demand: Dyes	false
derpy_chd_ex_skv_dem_wrath_dyes_primary	Seer-robes are dyed by a process nobody has survived describing. The dye itself is ordinary, and yours is closer. The Council wants 180, and wants them today. This is no tithe. The Grey Seers have seen the hoard, and the hoard is already spoken for.	false
derpy_chd_ex_skv_dem_wrath_dyes_secondary	Sacrifice 180 Dyes in the Under-Market within 3 turns, or answer for it.	false
derpy_chd_ex_skv_dem_tithe_gems_title	The Council's Tithe: Gemstones	false
derpy_chd_ex_skv_dem_tithe_gems_primary	Gems are not warp-tokens, which makes them harder to trace, which makes them precisely what a Grey Seer prefers to be paid in. The Council wants 30, and wants them today. A small thing. The Council asks small things of everyone, and writes down who refused.	false
derpy_chd_ex_skv_dem_tithe_gems_secondary	Sacrifice 30 Gemstones in the Under-Market within 3 turns, or answer for it.	false
derpy_chd_ex_skv_dem_hunger_gems_title	The Council is Hungry: Gemstones	false
derpy_chd_ex_skv_dem_hunger_gems_primary	Gems are not warp-tokens, which makes them harder to trace, which makes them precisely what a Grey Seer prefers to be paid in. The Council wants 90, and wants them today. This is more than the Council usually takes. It has not been phrased as a question.	false
derpy_chd_ex_skv_dem_hunger_gems_secondary	Sacrifice 90 Gemstones in the Under-Market within 3 turns, or answer for it.	false
derpy_chd_ex_skv_dem_wrath_gems_title	The Thirteenth Demand: Gemstones	false
derpy_chd_ex_skv_dem_wrath_gems_primary	Gems are not warp-tokens, which makes them harder to trace, which makes them precisely what a Grey Seer prefers to be paid in. The Council wants 180, and wants them today. This is no tithe. The Grey Seers have seen the hoard, and the hoard is already spoken for.	false
derpy_chd_ex_skv_dem_wrath_gems_secondary	Sacrifice 180 Gemstones in the Under-Market within 3 turns, or answer for it.	false
derpy_chd_ex_skv_dem_tithe_gold_idols_title	The Council's Tithe: Golden Idols	false
derpy_chd_ex_skv_dem_tithe_gold_idols_primary	Gold idols melt into gold and gold buys clanrats. The Council has done this arithmetic and would like you to do it too. The Council wants 30, and wants them today. A small thing. The Council asks small things of everyone, and writes down who refused.	false
derpy_chd_ex_skv_dem_tithe_gold_idols_secondary	Sacrifice 30 Golden Idols in the Under-Market within 3 turns, or answer for it.	false
derpy_chd_ex_skv_dem_hunger_gold_idols_title	The Council is Hungry: Golden Idols	false
derpy_chd_ex_skv_dem_hunger_gold_idols_primary	Gold idols melt into gold and gold buys clanrats. The Council has done this arithmetic and would like you to do it too. The Council wants 90, and wants them today. This is more than the Council usually takes. It has not been phrased as a question.	false
derpy_chd_ex_skv_dem_hunger_gold_idols_secondary	Sacrifice 90 Golden Idols in the Under-Market within 3 turns, or answer for it.	false
derpy_chd_ex_skv_dem_wrath_gold_idols_title	The Thirteenth Demand: Golden Idols	false
derpy_chd_ex_skv_dem_wrath_gold_idols_primary	Gold idols melt into gold and gold buys clanrats. The Council has done this arithmetic and would like you to do it too. The Council wants 180, and wants them today. This is no tithe. The Grey Seers have seen the hoard, and the hoard is already spoken for.	false
derpy_chd_ex_skv_dem_wrath_gold_idols_secondary	Sacrifice 180 Golden Idols in the Under-Market within 3 turns, or answer for it.	false
derpy_chd_ex_skv_dem_tithe_ivory_title	The Council's Tithe: Tusks	false
derpy_chd_ex_skv_dem_tithe_ivory_primary	Bone and tusk feed the flesh-vats, and Clan Moulder has been petitioning the Council in writing, which is unlike them. The Council wants 30, and wants them today. A small thing. The Council asks small things of everyone, and writes down who refused.	false
derpy_chd_ex_skv_dem_tithe_ivory_secondary	Sacrifice 30 Tusks in the Under-Market within 3 turns, or answer for it.	false
derpy_chd_ex_skv_dem_hunger_ivory_title	The Council is Hungry: Tusks	false
derpy_chd_ex_skv_dem_hunger_ivory_primary	Bone and tusk feed the flesh-vats, and Clan Moulder has been petitioning the Council in writing, which is unlike them. The Council wants 90, and wants them today. This is more than the Council usually takes. It has not been phrased as a question.	false
derpy_chd_ex_skv_dem_hunger_ivory_secondary	Sacrifice 90 Tusks in the Under-Market within 3 turns, or answer for it.	false
derpy_chd_ex_skv_dem_wrath_ivory_title	The Thirteenth Demand: Tusks	false
derpy_chd_ex_skv_dem_wrath_ivory_primary	Bone and tusk feed the flesh-vats, and Clan Moulder has been petitioning the Council in writing, which is unlike them. The Council wants 180, and wants them today. This is no tithe. The Grey Seers have seen the hoard, and the hoard is already spoken for.	false
derpy_chd_ex_skv_dem_wrath_ivory_secondary	Sacrifice 180 Tusks in the Under-Market within 3 turns, or answer for it.	false
derpy_chd_ex_skv_dem_tithe_medicine_title	The Council's Tithe: Medicinal Plants	false
derpy_chd_ex_skv_dem_tithe_medicine_primary	Plague is Clan Pestilens' business and cure is nobody's, so the Council wants your medicine for reasons it declines to state. The Council wants 30, and wants them today. A small thing. The Council asks small things of everyone, and writes down who refused.	false
derpy_chd_ex_skv_dem_tithe_medicine_secondary	Sacrifice 30 Medicinal Plants in the Under-Market within 3 turns, or answer for it.	false
derpy_chd_ex_skv_dem_hunger_medicine_title	The Council is Hungry: Medicinal Plants	false
derpy_chd_ex_skv_dem_hunger_medicine_primary	Plague is Clan Pestilens' business and cure is nobody's, so the Council wants your medicine for reasons it declines to state. The Council wants 90, and wants them today. This is more than the Council usually takes. It has not been phrased as a question.	false
derpy_chd_ex_skv_dem_hunger_medicine_secondary	Sacrifice 90 Medicinal Plants in the Under-Market within 3 turns, or answer for it.	false
derpy_chd_ex_skv_dem_wrath_medicine_title	The Thirteenth Demand: Medicinal Plants	false
derpy_chd_ex_skv_dem_wrath_medicine_primary	Plague is Clan Pestilens' business and cure is nobody's, so the Council wants your medicine for reasons it declines to state. The Council wants 180, and wants them today. This is no tithe. The Grey Seers have seen the hoard, and the hoard is already spoken for.	false
derpy_chd_ex_skv_dem_wrath_medicine_secondary	Sacrifice 180 Medicinal Plants in the Under-Market within 3 turns, or answer for it.	false
derpy_chd_ex_skv_dem_tithe_obsidian_title	The Council's Tithe: Carved Obsidian	false
derpy_chd_ex_skv_dem_tithe_obsidian_primary	Black glass holds warp-light without cracking, which makes it interesting to exactly the wrong Seers. They know where yours is. The Council wants 30, and wants them today. A small thing. The Council asks small things of everyone, and writes down who refused.	false
derpy_chd_ex_skv_dem_tithe_obsidian_secondary	Sacrifice 30 Carved Obsidian in the Under-Market within 3 turns, or answer for it.	false
derpy_chd_ex_skv_dem_hunger_obsidian_title	The Council is Hungry: Carved Obsidian	false
derpy_chd_ex_skv_dem_hunger_obsidian_primary	Black glass holds warp-light without cracking, which makes it interesting to exactly the wrong Seers. They know where yours is. The Council wants 90, and wants them today. This is more than the Council usually takes. It has not been phrased as a question.	false
derpy_chd_ex_skv_dem_hunger_obsidian_secondary	Sacrifice 90 Carved Obsidian in the Under-Market within 3 turns, or answer for it.	false
derpy_chd_ex_skv_dem_wrath_obsidian_title	The Thirteenth Demand: Carved Obsidian	false
derpy_chd_ex_skv_dem_wrath_obsidian_primary	Black glass holds warp-light without cracking, which makes it interesting to exactly the wrong Seers. They know where yours is. The Council wants 180, and wants them today. This is no tithe. The Grey Seers have seen the hoard, and the hoard is already spoken for.	false
derpy_chd_ex_skv_dem_wrath_obsidian_secondary	Sacrifice 180 Carved Obsidian in the Under-Market within 3 turns, or answer for it.	false
derpy_chd_ex_skv_dem_tithe_rom_furs_title	The Council's Tithe: Furs	false
derpy_chd_ex_skv_dem_tithe_rom_furs_primary	Warmth is a luxury and luxuries are taxed. The tax is your entire stock of furs. The Council wants 30, and wants them today. A small thing. The Council asks small things of everyone, and writes down who refused.	false
derpy_chd_ex_skv_dem_tithe_rom_furs_secondary	Sacrifice 30 Furs in the Under-Market within 3 turns, or answer for it.	false
derpy_chd_ex_skv_dem_hunger_rom_furs_title	The Council is Hungry: Furs	false
derpy_chd_ex_skv_dem_hunger_rom_furs_primary	Warmth is a luxury and luxuries are taxed. The tax is your entire stock of furs. The Council wants 90, and wants them today. This is more than the Council usually takes. It has not been phrased as a question.	false
derpy_chd_ex_skv_dem_hunger_rom_furs_secondary	Sacrifice 90 Furs in the Under-Market within 3 turns, or answer for it.	false
derpy_chd_ex_skv_dem_wrath_rom_furs_title	The Thirteenth Demand: Furs	false
derpy_chd_ex_skv_dem_wrath_rom_furs_primary	Warmth is a luxury and luxuries are taxed. The tax is your entire stock of furs. The Council wants 180, and wants them today. This is no tithe. The Grey Seers have seen the hoard, and the hoard is already spoken for.	false
derpy_chd_ex_skv_dem_wrath_rom_furs_secondary	Sacrifice 180 Furs in the Under-Market within 3 turns, or answer for it.	false
derpy_chd_ex_skv_dem_tithe_rom_glass_title	The Council's Tithe: Dwarf Beer	false
derpy_chd_ex_skv_dem_tithe_rom_glass_primary	Dwarf beer is the only thing the Council and Clan Mors have agreed on this year. They have agreed that you should hand it over. The Council wants 30, and wants them today. A small thing. The Council asks small things of everyone, and writes down who refused.	false
derpy_chd_ex_skv_dem_tithe_rom_glass_secondary	Sacrifice 30 Dwarf Beer in the Under-Market within 3 turns, or answer for it.	false
derpy_chd_ex_skv_dem_hunger_rom_glass_title	The Council is Hungry: Dwarf Beer	false
derpy_chd_ex_skv_dem_hunger_rom_glass_primary	Dwarf beer is the only thing the Council and Clan Mors have agreed on this year. They have agreed that you should hand it over. The Council wants 90, and wants them today. This is more than the Council usually takes. It has not been phrased as a question.	false
derpy_chd_ex_skv_dem_hunger_rom_glass_secondary	Sacrifice 90 Dwarf Beer in the Under-Market within 3 turns, or answer for it.	false
derpy_chd_ex_skv_dem_wrath_rom_glass_title	The Thirteenth Demand: Dwarf Beer	false
derpy_chd_ex_skv_dem_wrath_rom_glass_primary	Dwarf beer is the only thing the Council and Clan Mors have agreed on this year. They have agreed that you should hand it over. The Council wants 180, and wants them today. This is no tithe. The Grey Seers have seen the hoard, and the hoard is already spoken for.	false
derpy_chd_ex_skv_dem_wrath_rom_glass_secondary	Sacrifice 180 Dwarf Beer in the Under-Market within 3 turns, or answer for it.	false
derpy_chd_ex_skv_dem_tithe_rom_iron_title	The Council's Tithe: Iron	false
derpy_chd_ex_skv_dem_tithe_rom_iron_primary	Clan Skryre has submitted a requisition, a schematic and a threat, in that order. All three name your iron. The Council wants 30, and wants them today. A small thing. The Council asks small things of everyone, and writes down who refused.	false
derpy_chd_ex_skv_dem_tithe_rom_iron_secondary	Sacrifice 30 Iron in the Under-Market within 3 turns, or answer for it.	false
derpy_chd_ex_skv_dem_hunger_rom_iron_title	The Council is Hungry: Iron	false
derpy_chd_ex_skv_dem_hunger_rom_iron_primary	Clan Skryre has submitted a requisition, a schematic and a threat, in that order. All three name your iron. The Council wants 90, and wants them today. This is more than the Council usually takes. It has not been phrased as a question.	false
derpy_chd_ex_skv_dem_hunger_rom_iron_secondary	Sacrifice 90 Iron in the Under-Market within 3 turns, or answer for it.	false
derpy_chd_ex_skv_dem_wrath_rom_iron_title	The Thirteenth Demand: Iron	false
derpy_chd_ex_skv_dem_wrath_rom_iron_primary	Clan Skryre has submitted a requisition, a schematic and a threat, in that order. All three name your iron. The Council wants 180, and wants them today. This is no tithe. The Grey Seers have seen the hoard, and the hoard is already spoken for.	false
derpy_chd_ex_skv_dem_wrath_rom_iron_secondary	Sacrifice 180 Iron in the Under-Market within 3 turns, or answer for it.	false
derpy_chd_ex_skv_dem_tithe_rom_lead_title	The Council's Tithe: Salt	false
derpy_chd_ex_skv_dem_tithe_rom_lead_primary	Salt keeps meat edible in a tunnel for weeks. The Council knows how much you have, and exactly how many mouths that is. The Council wants 30, and wants them today. A small thing. The Council asks small things of everyone, and writes down who refused.	false
derpy_chd_ex_skv_dem_tithe_rom_lead_secondary	Sacrifice 30 Salt in the Under-Market within 3 turns, or answer for it.	false
derpy_chd_ex_skv_dem_hunger_rom_lead_title	The Council is Hungry: Salt	false
derpy_chd_ex_skv_dem_hunger_rom_lead_primary	Salt keeps meat edible in a tunnel for weeks. The Council knows how much you have, and exactly how many mouths that is. The Council wants 90, and wants them today. This is more than the Council usually takes. It has not been phrased as a question.	false
derpy_chd_ex_skv_dem_hunger_rom_lead_secondary	Sacrifice 90 Salt in the Under-Market within 3 turns, or answer for it.	false
derpy_chd_ex_skv_dem_wrath_rom_lead_title	The Thirteenth Demand: Salt	false
derpy_chd_ex_skv_dem_wrath_rom_lead_primary	Salt keeps meat edible in a tunnel for weeks. The Council knows how much you have, and exactly how many mouths that is. The Council wants 180, and wants them today. This is no tithe. The Grey Seers have seen the hoard, and the hoard is already spoken for.	false
derpy_chd_ex_skv_dem_wrath_rom_lead_secondary	Sacrifice 180 Salt in the Under-Market within 3 turns, or answer for it.	false
derpy_chd_ex_skv_dem_tithe_rom_marble_title	The Council's Tithe: Marble	false
derpy_chd_ex_skv_dem_tithe_rom_marble_primary	Stone is for above-ground fools, says the Council, which has nonetheless found a use for yours and will not be explaining it. The Council wants 30, and wants them today. A small thing. The Council asks small things of everyone, and writes down who refused.	false
derpy_chd_ex_skv_dem_tithe_rom_marble_secondary	Sacrifice 30 Marble in the Under-Market within 3 turns, or answer for it.	false
derpy_chd_ex_skv_dem_hunger_rom_marble_title	The Council is Hungry: Marble	false
derpy_chd_ex_skv_dem_hunger_rom_marble_primary	Stone is for above-ground fools, says the Council, which has nonetheless found a use for yours and will not be explaining it. The Council wants 90, and wants them today. This is more than the Council usually takes. It has not been phrased as a question.	false
derpy_chd_ex_skv_dem_hunger_rom_marble_secondary	Sacrifice 90 Marble in the Under-Market within 3 turns, or answer for it.	false
derpy_chd_ex_skv_dem_wrath_rom_marble_title	The Thirteenth Demand: Marble	false
derpy_chd_ex_skv_dem_wrath_rom_marble_primary	Stone is for above-ground fools, says the Council, which has nonetheless found a use for yours and will not be explaining it. The Council wants 180, and wants them today. This is no tithe. The Grey Seers have seen the hoard, and the hoard is already spoken for.	false
derpy_chd_ex_skv_dem_wrath_rom_marble_secondary	Sacrifice 180 Marble in the Under-Market within 3 turns, or answer for it.	false
derpy_chd_ex_skv_dem_tithe_rom_textiles_title	The Council's Tithe: Pottery	false
derpy_chd_ex_skv_dem_tithe_rom_textiles_primary	Pottery is fragile, useless and being hoarded by you, which is the only part the Council finds suspicious. The Council wants 30, and wants them today. A small thing. The Council asks small things of everyone, and writes down who refused.	false
derpy_chd_ex_skv_dem_tithe_rom_textiles_secondary	Sacrifice 30 Pottery in the Under-Market within 3 turns, or answer for it.	false
derpy_chd_ex_skv_dem_hunger_rom_textiles_title	The Council is Hungry: Pottery	false
derpy_chd_ex_skv_dem_hunger_rom_textiles_primary	Pottery is fragile, useless and being hoarded by you, which is the only part the Council finds suspicious. The Council wants 90, and wants them today. This is more than the Council usually takes. It has not been phrased as a question.	false
derpy_chd_ex_skv_dem_hunger_rom_textiles_secondary	Sacrifice 90 Pottery in the Under-Market within 3 turns, or answer for it.	false
derpy_chd_ex_skv_dem_wrath_rom_textiles_title	The Thirteenth Demand: Pottery	false
derpy_chd_ex_skv_dem_wrath_rom_textiles_primary	Pottery is fragile, useless and being hoarded by you, which is the only part the Council finds suspicious. The Council wants 180, and wants them today. This is no tithe. The Grey Seers have seen the hoard, and the hoard is already spoken for.	false
derpy_chd_ex_skv_dem_wrath_rom_textiles_secondary	Sacrifice 180 Pottery in the Under-Market within 3 turns, or answer for it.	false
derpy_chd_ex_skv_dem_tithe_rom_timber_title	The Council's Tithe: Timber	false
derpy_chd_ex_skv_dem_tithe_rom_timber_primary	Props hold up tunnels and tunnels hold up everything. Three collapses this season have been blamed on your unwillingness to share. The Council wants 30, and wants them today. A small thing. The Council asks small things of everyone, and writes down who refused.	false
derpy_chd_ex_skv_dem_tithe_rom_timber_secondary	Sacrifice 30 Timber in the Under-Market within 3 turns, or answer for it.	false
derpy_chd_ex_skv_dem_hunger_rom_timber_title	The Council is Hungry: Timber	false
derpy_chd_ex_skv_dem_hunger_rom_timber_primary	Props hold up tunnels and tunnels hold up everything. Three collapses this season have been blamed on your unwillingness to share. The Council wants 90, and wants them today. This is more than the Council usually takes. It has not been phrased as a question.	false
derpy_chd_ex_skv_dem_hunger_rom_timber_secondary	Sacrifice 90 Timber in the Under-Market within 3 turns, or answer for it.	false
derpy_chd_ex_skv_dem_wrath_rom_timber_title	The Thirteenth Demand: Timber	false
derpy_chd_ex_skv_dem_wrath_rom_timber_primary	Props hold up tunnels and tunnels hold up everything. Three collapses this season have been blamed on your unwillingness to share. The Council wants 180, and wants them today. This is no tithe. The Grey Seers have seen the hoard, and the hoard is already spoken for.	false
derpy_chd_ex_skv_dem_wrath_rom_timber_secondary	Sacrifice 180 Timber in the Under-Market within 3 turns, or answer for it.	false
derpy_chd_ex_skv_dem_tithe_rom_wine_title	The Council's Tithe: Wine	false
derpy_chd_ex_skv_dem_tithe_rom_wine_primary	Man-drink is worth more than it should be and the Council has developed a taste for it. Your cellars have been surveyed by something small. The Council wants 30, and wants them today. A small thing. The Council asks small things of everyone, and writes down who refused.	false
derpy_chd_ex_skv_dem_tithe_rom_wine_secondary	Sacrifice 30 Wine in the Under-Market within 3 turns, or answer for it.	false
derpy_chd_ex_skv_dem_hunger_rom_wine_title	The Council is Hungry: Wine	false
derpy_chd_ex_skv_dem_hunger_rom_wine_primary	Man-drink is worth more than it should be and the Council has developed a taste for it. Your cellars have been surveyed by something small. The Council wants 90, and wants them today. This is more than the Council usually takes. It has not been phrased as a question.	false
derpy_chd_ex_skv_dem_hunger_rom_wine_secondary	Sacrifice 90 Wine in the Under-Market within 3 turns, or answer for it.	false
derpy_chd_ex_skv_dem_wrath_rom_wine_title	The Thirteenth Demand: Wine	false
derpy_chd_ex_skv_dem_wrath_rom_wine_primary	Man-drink is worth more than it should be and the Council has developed a taste for it. Your cellars have been surveyed by something small. The Council wants 180, and wants them today. This is no tithe. The Grey Seers have seen the hoard, and the hoard is already spoken for.	false
derpy_chd_ex_skv_dem_wrath_rom_wine_secondary	Sacrifice 180 Wine in the Under-Market within 3 turns, or answer for it.	false
derpy_chd_ex_skv_dem_tithe_spices_title	The Council's Tithe: Spices	false
derpy_chd_ex_skv_dem_tithe_spices_primary	Spice hides the smell of what Clan Moulder calls meat. Demand has never been higher and your stores have never been fuller. The Council wants 30, and wants them today. A small thing. The Council asks small things of everyone, and writes down who refused.	false
derpy_chd_ex_skv_dem_tithe_spices_secondary	Sacrifice 30 Spices in the Under-Market within 3 turns, or answer for it.	false
derpy_chd_ex_skv_dem_hunger_spices_title	The Council is Hungry: Spices	false
derpy_chd_ex_skv_dem_hunger_spices_primary	Spice hides the smell of what Clan Moulder calls meat. Demand has never been higher and your stores have never been fuller. The Council wants 90, and wants them today. This is more than the Council usually takes. It has not been phrased as a question.	false
derpy_chd_ex_skv_dem_hunger_spices_secondary	Sacrifice 90 Spices in the Under-Market within 3 turns, or answer for it.	false
derpy_chd_ex_skv_dem_wrath_spices_title	The Thirteenth Demand: Spices	false
derpy_chd_ex_skv_dem_wrath_spices_primary	Spice hides the smell of what Clan Moulder calls meat. Demand has never been higher and your stores have never been fuller. The Council wants 180, and wants them today. This is no tithe. The Grey Seers have seen the hoard, and the hoard is already spoken for.	false
derpy_chd_ex_skv_dem_wrath_spices_secondary	Sacrifice 180 Spices in the Under-Market within 3 turns, or answer for it.	false
derpy_chd_ex_skv_dem_tithe_trinkets_title	The Council's Tithe: Elven Trinkets	false
derpy_chd_ex_skv_dem_tithe_trinkets_primary	Elf-things are cursed, worthless, and wanted by the Council immediately. The Council wants 30, and wants them today. A small thing. The Council asks small things of everyone, and writes down who refused.	false
derpy_chd_ex_skv_dem_tithe_trinkets_secondary	Sacrifice 30 Elven Trinkets in the Under-Market within 3 turns, or answer for it.	false
derpy_chd_ex_skv_dem_hunger_trinkets_title	The Council is Hungry: Elven Trinkets	false
derpy_chd_ex_skv_dem_hunger_trinkets_primary	Elf-things are cursed, worthless, and wanted by the Council immediately. The Council wants 90, and wants them today. This is more than the Council usually takes. It has not been phrased as a question.	false
derpy_chd_ex_skv_dem_hunger_trinkets_secondary	Sacrifice 90 Elven Trinkets in the Under-Market within 3 turns, or answer for it.	false
derpy_chd_ex_skv_dem_wrath_trinkets_title	The Thirteenth Demand: Elven Trinkets	false
derpy_chd_ex_skv_dem_wrath_trinkets_primary	Elf-things are cursed, worthless, and wanted by the Council immediately. The Council wants 180, and wants them today. This is no tithe. The Grey Seers have seen the hoard, and the hoard is already spoken for.	false
derpy_chd_ex_skv_dem_wrath_trinkets_secondary	Sacrifice 180 Elven Trinkets in the Under-Market within 3 turns, or answer for it.	false
derpy_chd_ex_skv_dem_tithe_derpy_amber_title	The Council's Tithe: Amber	false
derpy_chd_ex_skv_dem_tithe_derpy_amber_primary	Amber is prized by jewellers and wizards alike. Your chests of it have not gone unremarked. The Council wants 30, and wants them today. A small thing. The Council asks small things of everyone, and writes down who refused.	false
derpy_chd_ex_skv_dem_tithe_derpy_amber_secondary	Sacrifice 30 Amber in the Under-Market within 3 turns, or answer for it.	false
derpy_chd_ex_skv_dem_hunger_derpy_amber_title	The Council is Hungry: Amber	false
derpy_chd_ex_skv_dem_hunger_derpy_amber_primary	Amber is prized by jewellers and wizards alike. Your chests of it have not gone unremarked. The Council wants 90, and wants them today. This is more than the Council usually takes. It has not been phrased as a question.	false
derpy_chd_ex_skv_dem_hunger_derpy_amber_secondary	Sacrifice 90 Amber in the Under-Market within 3 turns, or answer for it.	false
derpy_chd_ex_skv_dem_wrath_derpy_amber_title	The Thirteenth Demand: Amber	false
derpy_chd_ex_skv_dem_wrath_derpy_amber_primary	Amber is prized by jewellers and wizards alike. Your chests of it have not gone unremarked. The Council wants 180, and wants them today. This is no tithe. The Grey Seers have seen the hoard, and the hoard is already spoken for.	false
derpy_chd_ex_skv_dem_wrath_derpy_amber_secondary	Sacrifice 180 Amber in the Under-Market within 3 turns, or answer for it.	false
derpy_chd_ex_skv_dem_tithe_derpy_black_lotus_title	The Council's Tithe: Black Lotus	false
derpy_chd_ex_skv_dem_tithe_derpy_black_lotus_primary	Black lotus is sought by assassins and healers alike. Somebody knows exactly how many ounces you hold. The Council wants 30, and wants them today. A small thing. The Council asks small things of everyone, and writes down who refused.	false
derpy_chd_ex_skv_dem_tithe_derpy_black_lotus_secondary	Sacrifice 30 Black Lotus in the Under-Market within 3 turns, or answer for it.	false
derpy_chd_ex_skv_dem_hunger_derpy_black_lotus_title	The Council is Hungry: Black Lotus	false
derpy_chd_ex_skv_dem_hunger_derpy_black_lotus_primary	Black lotus is sought by assassins and healers alike. Somebody knows exactly how many ounces you hold. The Council wants 90, and wants them today. This is more than the Council usually takes. It has not been phrased as a question.	false
derpy_chd_ex_skv_dem_hunger_derpy_black_lotus_secondary	Sacrifice 90 Black Lotus in the Under-Market within 3 turns, or answer for it.	false
derpy_chd_ex_skv_dem_wrath_derpy_black_lotus_title	The Thirteenth Demand: Black Lotus	false
derpy_chd_ex_skv_dem_wrath_derpy_black_lotus_primary	Black lotus is sought by assassins and healers alike. Somebody knows exactly how many ounces you hold. The Council wants 180, and wants them today. This is no tithe. The Grey Seers have seen the hoard, and the hoard is already spoken for.	false
derpy_chd_ex_skv_dem_wrath_derpy_black_lotus_secondary	Sacrifice 180 Black Lotus in the Under-Market within 3 turns, or answer for it.	false
derpy_chd_ex_skv_dem_tithe_derpy_blackpowder_title	The Council's Tithe: Blackpowder	false
derpy_chd_ex_skv_dem_tithe_derpy_blackpowder_primary	Blackpowder is the cannon's bread. Your kegs are known, and so is how dry you are keeping them. The Council wants 30, and wants them today. A small thing. The Council asks small things of everyone, and writes down who refused.	false
derpy_chd_ex_skv_dem_tithe_derpy_blackpowder_secondary	Sacrifice 30 Blackpowder in the Under-Market within 3 turns, or answer for it.	false
derpy_chd_ex_skv_dem_hunger_derpy_blackpowder_title	The Council is Hungry: Blackpowder	false
derpy_chd_ex_skv_dem_hunger_derpy_blackpowder_primary	Blackpowder is the cannon's bread. Your kegs are known, and so is how dry you are keeping them. The Council wants 90, and wants them today. This is more than the Council usually takes. It has not been phrased as a question.	false
derpy_chd_ex_skv_dem_hunger_derpy_blackpowder_secondary	Sacrifice 90 Blackpowder in the Under-Market within 3 turns, or answer for it.	false
derpy_chd_ex_skv_dem_wrath_derpy_blackpowder_title	The Thirteenth Demand: Blackpowder	false
derpy_chd_ex_skv_dem_wrath_derpy_blackpowder_primary	Blackpowder is the cannon's bread. Your kegs are known, and so is how dry you are keeping them. The Council wants 180, and wants them today. This is no tithe. The Grey Seers have seen the hoard, and the hoard is already spoken for.	false
derpy_chd_ex_skv_dem_wrath_derpy_blackpowder_secondary	Sacrifice 180 Blackpowder in the Under-Market within 3 turns, or answer for it.	false
derpy_chd_ex_skv_dem_tithe_derpy_books_title	The Council's Tithe: Books	false
derpy_chd_ex_skv_dem_tithe_derpy_books_primary	Books are knowledge, and knowledge is owed. Your crates of them have been catalogued by somebody else. The Council wants 30, and wants them today. A small thing. The Council asks small things of everyone, and writes down who refused.	false
derpy_chd_ex_skv_dem_tithe_derpy_books_secondary	Sacrifice 30 Books in the Under-Market within 3 turns, or answer for it.	false
derpy_chd_ex_skv_dem_hunger_derpy_books_title	The Council is Hungry: Books	false
derpy_chd_ex_skv_dem_hunger_derpy_books_primary	Books are knowledge, and knowledge is owed. Your crates of them have been catalogued by somebody else. The Council wants 90, and wants them today. This is more than the Council usually takes. It has not been phrased as a question.	false
derpy_chd_ex_skv_dem_hunger_derpy_books_secondary	Sacrifice 90 Books in the Under-Market within 3 turns, or answer for it.	false
derpy_chd_ex_skv_dem_wrath_derpy_books_title	The Thirteenth Demand: Books	false
derpy_chd_ex_skv_dem_wrath_derpy_books_primary	Books are knowledge, and knowledge is owed. Your crates of them have been catalogued by somebody else. The Council wants 180, and wants them today. This is no tithe. The Grey Seers have seen the hoard, and the hoard is already spoken for.	false
derpy_chd_ex_skv_dem_wrath_derpy_books_secondary	Sacrifice 180 Books in the Under-Market within 3 turns, or answer for it.	false
derpy_chd_ex_skv_dem_tithe_derpy_brass_title	The Council's Tithe: Brass	false
derpy_chd_ex_skv_dem_tithe_derpy_brass_primary	Brass is cast for gears, guns and idols. Your ingots are written into a ledger that is not yours. The Council wants 30, and wants them today. A small thing. The Council asks small things of everyone, and writes down who refused.	false
derpy_chd_ex_skv_dem_tithe_derpy_brass_secondary	Sacrifice 30 Brass in the Under-Market within 3 turns, or answer for it.	false
derpy_chd_ex_skv_dem_hunger_derpy_brass_title	The Council is Hungry: Brass	false
derpy_chd_ex_skv_dem_hunger_derpy_brass_primary	Brass is cast for gears, guns and idols. Your ingots are written into a ledger that is not yours. The Council wants 90, and wants them today. This is more than the Council usually takes. It has not been phrased as a question.	false
derpy_chd_ex_skv_dem_hunger_derpy_brass_secondary	Sacrifice 90 Brass in the Under-Market within 3 turns, or answer for it.	false
derpy_chd_ex_skv_dem_wrath_derpy_brass_title	The Thirteenth Demand: Brass	false
derpy_chd_ex_skv_dem_wrath_derpy_brass_primary	Brass is cast for gears, guns and idols. Your ingots are written into a ledger that is not yours. The Council wants 180, and wants them today. This is no tithe. The Grey Seers have seen the hoard, and the hoard is already spoken for.	false
derpy_chd_ex_skv_dem_wrath_derpy_brass_secondary	Sacrifice 180 Brass in the Under-Market within 3 turns, or answer for it.	false
derpy_chd_ex_skv_dem_tithe_derpy_brimstone_title	The Council's Tithe: Brimstone	false
derpy_chd_ex_skv_dem_tithe_derpy_brimstone_primary	Brimstone feeds the furnace and the powder mill both. Your sacks of it have not gone unnoticed. The Council wants 30, and wants them today. A small thing. The Council asks small things of everyone, and writes down who refused.	false
derpy_chd_ex_skv_dem_tithe_derpy_brimstone_secondary	Sacrifice 30 Brimstone in the Under-Market within 3 turns, or answer for it.	false
derpy_chd_ex_skv_dem_hunger_derpy_brimstone_title	The Council is Hungry: Brimstone	false
derpy_chd_ex_skv_dem_hunger_derpy_brimstone_primary	Brimstone feeds the furnace and the powder mill both. Your sacks of it have not gone unnoticed. The Council wants 90, and wants them today. This is more than the Council usually takes. It has not been phrased as a question.	false
derpy_chd_ex_skv_dem_hunger_derpy_brimstone_secondary	Sacrifice 90 Brimstone in the Under-Market within 3 turns, or answer for it.	false
derpy_chd_ex_skv_dem_wrath_derpy_brimstone_title	The Thirteenth Demand: Brimstone	false
derpy_chd_ex_skv_dem_wrath_derpy_brimstone_primary	Brimstone feeds the furnace and the powder mill both. Your sacks of it have not gone unnoticed. The Council wants 180, and wants them today. This is no tithe. The Grey Seers have seen the hoard, and the hoard is already spoken for.	false
derpy_chd_ex_skv_dem_wrath_derpy_brimstone_secondary	Sacrifice 180 Brimstone in the Under-Market within 3 turns, or answer for it.	false
derpy_chd_ex_skv_dem_tithe_derpy_carpets_title	The Council's Tithe: Arabyan Carpets	false
derpy_chd_ex_skv_dem_tithe_derpy_carpets_primary	Arabyan carpets are knotted in patterns older than the Empire. Your rolls have been unrolled and priced. The Council wants 30, and wants them today. A small thing. The Council asks small things of everyone, and writes down who refused.	false
derpy_chd_ex_skv_dem_tithe_derpy_carpets_secondary	Sacrifice 30 Arabyan Carpets in the Under-Market within 3 turns, or answer for it.	false
derpy_chd_ex_skv_dem_hunger_derpy_carpets_title	The Council is Hungry: Arabyan Carpets	false
derpy_chd_ex_skv_dem_hunger_derpy_carpets_primary	Arabyan carpets are knotted in patterns older than the Empire. Your rolls have been unrolled and priced. The Council wants 90, and wants them today. This is more than the Council usually takes. It has not been phrased as a question.	false
derpy_chd_ex_skv_dem_hunger_derpy_carpets_secondary	Sacrifice 90 Arabyan Carpets in the Under-Market within 3 turns, or answer for it.	false
derpy_chd_ex_skv_dem_wrath_derpy_carpets_title	The Thirteenth Demand: Arabyan Carpets	false
derpy_chd_ex_skv_dem_wrath_derpy_carpets_primary	Arabyan carpets are knotted in patterns older than the Empire. Your rolls have been unrolled and priced. The Council wants 180, and wants them today. This is no tithe. The Grey Seers have seen the hoard, and the hoard is already spoken for.	false
derpy_chd_ex_skv_dem_wrath_derpy_carpets_secondary	Sacrifice 180 Arabyan Carpets in the Under-Market within 3 turns, or answer for it.	false
derpy_chd_ex_skv_dem_tithe_derpy_coal_title	The Council's Tithe: Coal	false
derpy_chd_ex_skv_dem_tithe_derpy_coal_primary	Every forge and furnace burns coal. Yours is stacked in sacks while other fires go hungry. The Council wants 30, and wants them today. A small thing. The Council asks small things of everyone, and writes down who refused.	false
derpy_chd_ex_skv_dem_tithe_derpy_coal_secondary	Sacrifice 30 Coal in the Under-Market within 3 turns, or answer for it.	false
derpy_chd_ex_skv_dem_hunger_derpy_coal_title	The Council is Hungry: Coal	false
derpy_chd_ex_skv_dem_hunger_derpy_coal_primary	Every forge and furnace burns coal. Yours is stacked in sacks while other fires go hungry. The Council wants 90, and wants them today. This is more than the Council usually takes. It has not been phrased as a question.	false
derpy_chd_ex_skv_dem_hunger_derpy_coal_secondary	Sacrifice 90 Coal in the Under-Market within 3 turns, or answer for it.	false
derpy_chd_ex_skv_dem_wrath_derpy_coal_title	The Thirteenth Demand: Coal	false
derpy_chd_ex_skv_dem_wrath_derpy_coal_primary	Every forge and furnace burns coal. Yours is stacked in sacks while other fires go hungry. The Council wants 180, and wants them today. This is no tithe. The Grey Seers have seen the hoard, and the hoard is already spoken for.	false
derpy_chd_ex_skv_dem_wrath_derpy_coal_secondary	Sacrifice 180 Coal in the Under-Market within 3 turns, or answer for it.	false
derpy_chd_ex_skv_dem_tithe_derpy_dragon_bone_title	The Council's Tithe: Dragon Bone	false
derpy_chd_ex_skv_dem_tithe_derpy_dragon_bone_primary	Dragon bone grows rarer every century. Your crates of it are a matter of record. The Council wants 30, and wants them today. A small thing. The Council asks small things of everyone, and writes down who refused.	false
derpy_chd_ex_skv_dem_tithe_derpy_dragon_bone_secondary	Sacrifice 30 Dragon Bone in the Under-Market within 3 turns, or answer for it.	false
derpy_chd_ex_skv_dem_hunger_derpy_dragon_bone_title	The Council is Hungry: Dragon Bone	false
derpy_chd_ex_skv_dem_hunger_derpy_dragon_bone_primary	Dragon bone grows rarer every century. Your crates of it are a matter of record. The Council wants 90, and wants them today. This is more than the Council usually takes. It has not been phrased as a question.	false
derpy_chd_ex_skv_dem_hunger_derpy_dragon_bone_secondary	Sacrifice 90 Dragon Bone in the Under-Market within 3 turns, or answer for it.	false
derpy_chd_ex_skv_dem_wrath_derpy_dragon_bone_title	The Thirteenth Demand: Dragon Bone	false
derpy_chd_ex_skv_dem_wrath_derpy_dragon_bone_primary	Dragon bone grows rarer every century. Your crates of it are a matter of record. The Council wants 180, and wants them today. This is no tithe. The Grey Seers have seen the hoard, and the hoard is already spoken for.	false
derpy_chd_ex_skv_dem_wrath_derpy_dragon_bone_secondary	Sacrifice 180 Dragon Bone in the Under-Market within 3 turns, or answer for it.	false
derpy_chd_ex_skv_dem_tithe_derpy_feathers_title	The Council's Tithe: Griffon and Pegasus Feathers	false
derpy_chd_ex_skv_dem_tithe_derpy_feathers_primary	Griffon and pegasus feathers are gathered from the high eyries at some risk. Your bundles have been counted. The Council wants 30, and wants them today. A small thing. The Council asks small things of everyone, and writes down who refused.	false
derpy_chd_ex_skv_dem_tithe_derpy_feathers_secondary	Sacrifice 30 Griffon and Pegasus Feathers in the Under-Market within 3 turns, or answer for it.	false
derpy_chd_ex_skv_dem_hunger_derpy_feathers_title	The Council is Hungry: Griffon and Pegasus Feathers	false
derpy_chd_ex_skv_dem_hunger_derpy_feathers_primary	Griffon and pegasus feathers are gathered from the high eyries at some risk. Your bundles have been counted. The Council wants 90, and wants them today. This is more than the Council usually takes. It has not been phrased as a question.	false
derpy_chd_ex_skv_dem_hunger_derpy_feathers_secondary	Sacrifice 90 Griffon and Pegasus Feathers in the Under-Market within 3 turns, or answer for it.	false
derpy_chd_ex_skv_dem_wrath_derpy_feathers_title	The Thirteenth Demand: Griffon and Pegasus Feathers	false
derpy_chd_ex_skv_dem_wrath_derpy_feathers_primary	Griffon and pegasus feathers are gathered from the high eyries at some risk. Your bundles have been counted. The Council wants 180, and wants them today. This is no tithe. The Grey Seers have seen the hoard, and the hoard is already spoken for.	false
derpy_chd_ex_skv_dem_wrath_derpy_feathers_secondary	Sacrifice 180 Griffon and Pegasus Feathers in the Under-Market within 3 turns, or answer for it.	false
derpy_chd_ex_skv_dem_tithe_derpy_glassware_title	The Council's Tithe: Glassware	false
derpy_chd_ex_skv_dem_tithe_derpy_glassware_primary	Fine glass is easily broken and dearly bought. Your crates of it have been counted, carefully. The Council wants 30, and wants them today. A small thing. The Council asks small things of everyone, and writes down who refused.	false
derpy_chd_ex_skv_dem_tithe_derpy_glassware_secondary	Sacrifice 30 Glassware in the Under-Market within 3 turns, or answer for it.	false
derpy_chd_ex_skv_dem_hunger_derpy_glassware_title	The Council is Hungry: Glassware	false
derpy_chd_ex_skv_dem_hunger_derpy_glassware_primary	Fine glass is easily broken and dearly bought. Your crates of it have been counted, carefully. The Council wants 90, and wants them today. This is more than the Council usually takes. It has not been phrased as a question.	false
derpy_chd_ex_skv_dem_hunger_derpy_glassware_secondary	Sacrifice 90 Glassware in the Under-Market within 3 turns, or answer for it.	false
derpy_chd_ex_skv_dem_wrath_derpy_glassware_title	The Thirteenth Demand: Glassware	false
derpy_chd_ex_skv_dem_wrath_derpy_glassware_primary	Fine glass is easily broken and dearly bought. Your crates of it have been counted, carefully. The Council wants 180, and wants them today. This is no tithe. The Grey Seers have seen the hoard, and the hoard is already spoken for.	false
derpy_chd_ex_skv_dem_wrath_derpy_glassware_secondary	Sacrifice 180 Glassware in the Under-Market within 3 turns, or answer for it.	false
derpy_chd_ex_skv_dem_tithe_derpy_grain_title	The Council's Tithe: Grain	false
derpy_chd_ex_skv_dem_tithe_derpy_grain_primary	Grain is bread for the cities and fodder for the armies. Your granaries are full while others are not. The Council wants 30, and wants them today. A small thing. The Council asks small things of everyone, and writes down who refused.	false
derpy_chd_ex_skv_dem_tithe_derpy_grain_secondary	Sacrifice 30 Grain in the Under-Market within 3 turns, or answer for it.	false
derpy_chd_ex_skv_dem_hunger_derpy_grain_title	The Council is Hungry: Grain	false
derpy_chd_ex_skv_dem_hunger_derpy_grain_primary	Grain is bread for the cities and fodder for the armies. Your granaries are full while others are not. The Council wants 90, and wants them today. This is more than the Council usually takes. It has not been phrased as a question.	false
derpy_chd_ex_skv_dem_hunger_derpy_grain_secondary	Sacrifice 90 Grain in the Under-Market within 3 turns, or answer for it.	false
derpy_chd_ex_skv_dem_wrath_derpy_grain_title	The Thirteenth Demand: Grain	false
derpy_chd_ex_skv_dem_wrath_derpy_grain_primary	Grain is bread for the cities and fodder for the armies. Your granaries are full while others are not. The Council wants 180, and wants them today. This is no tithe. The Grey Seers have seen the hoard, and the hoard is already spoken for.	false
derpy_chd_ex_skv_dem_wrath_derpy_grain_secondary	Sacrifice 180 Grain in the Under-Market within 3 turns, or answer for it.	false
derpy_chd_ex_skv_dem_tithe_derpy_gromril_title	The Council's Tithe: Gromril	false
derpy_chd_ex_skv_dem_tithe_derpy_gromril_primary	Gromril is the hardest metal there is and the scarcest. Nobody has forgotten that you hold some. The Council wants 30, and wants them today. A small thing. The Council asks small things of everyone, and writes down who refused.	false
derpy_chd_ex_skv_dem_tithe_derpy_gromril_secondary	Sacrifice 30 Gromril in the Under-Market within 3 turns, or answer for it.	false
derpy_chd_ex_skv_dem_hunger_derpy_gromril_title	The Council is Hungry: Gromril	false
derpy_chd_ex_skv_dem_hunger_derpy_gromril_primary	Gromril is the hardest metal there is and the scarcest. Nobody has forgotten that you hold some. The Council wants 90, and wants them today. This is more than the Council usually takes. It has not been phrased as a question.	false
derpy_chd_ex_skv_dem_hunger_derpy_gromril_secondary	Sacrifice 90 Gromril in the Under-Market within 3 turns, or answer for it.	false
derpy_chd_ex_skv_dem_wrath_derpy_gromril_title	The Thirteenth Demand: Gromril	false
derpy_chd_ex_skv_dem_wrath_derpy_gromril_primary	Gromril is the hardest metal there is and the scarcest. Nobody has forgotten that you hold some. The Council wants 180, and wants them today. This is no tithe. The Grey Seers have seen the hoard, and the hoard is already spoken for.	false
derpy_chd_ex_skv_dem_wrath_derpy_gromril_secondary	Sacrifice 180 Gromril in the Under-Market within 3 turns, or answer for it.	false
derpy_chd_ex_skv_dem_tithe_derpy_incense_title	The Council's Tithe: Incense	false
derpy_chd_ex_skv_dem_tithe_derpy_incense_primary	Incense burns in every temple and every tomb. Your sacks of it can be smelled from the street. The Council wants 30, and wants them today. A small thing. The Council asks small things of everyone, and writes down who refused.	false
derpy_chd_ex_skv_dem_tithe_derpy_incense_secondary	Sacrifice 30 Incense in the Under-Market within 3 turns, or answer for it.	false
derpy_chd_ex_skv_dem_hunger_derpy_incense_title	The Council is Hungry: Incense	false
derpy_chd_ex_skv_dem_hunger_derpy_incense_primary	Incense burns in every temple and every tomb. Your sacks of it can be smelled from the street. The Council wants 90, and wants them today. This is more than the Council usually takes. It has not been phrased as a question.	false
derpy_chd_ex_skv_dem_hunger_derpy_incense_secondary	Sacrifice 90 Incense in the Under-Market within 3 turns, or answer for it.	false
derpy_chd_ex_skv_dem_wrath_derpy_incense_title	The Thirteenth Demand: Incense	false
derpy_chd_ex_skv_dem_wrath_derpy_incense_primary	Incense burns in every temple and every tomb. Your sacks of it can be smelled from the street. The Council wants 180, and wants them today. This is no tithe. The Grey Seers have seen the hoard, and the hoard is already spoken for.	false
derpy_chd_ex_skv_dem_wrath_derpy_incense_secondary	Sacrifice 180 Incense in the Under-Market within 3 turns, or answer for it.	false
derpy_chd_ex_skv_dem_tithe_derpy_ithilmar_title	The Council's Tithe: Ithilmar	false
derpy_chd_ex_skv_dem_tithe_derpy_ithilmar_primary	Ithilmar is found in one land only, and every ingot outside it is accounted for. Yours included. The Council wants 30, and wants them today. A small thing. The Council asks small things of everyone, and writes down who refused.	false
derpy_chd_ex_skv_dem_tithe_derpy_ithilmar_secondary	Sacrifice 30 Ithilmar in the Under-Market within 3 turns, or answer for it.	false
derpy_chd_ex_skv_dem_hunger_derpy_ithilmar_title	The Council is Hungry: Ithilmar	false
derpy_chd_ex_skv_dem_hunger_derpy_ithilmar_primary	Ithilmar is found in one land only, and every ingot outside it is accounted for. Yours included. The Council wants 90, and wants them today. This is more than the Council usually takes. It has not been phrased as a question.	false
derpy_chd_ex_skv_dem_hunger_derpy_ithilmar_secondary	Sacrifice 90 Ithilmar in the Under-Market within 3 turns, or answer for it.	false
derpy_chd_ex_skv_dem_wrath_derpy_ithilmar_title	The Thirteenth Demand: Ithilmar	false
derpy_chd_ex_skv_dem_wrath_derpy_ithilmar_primary	Ithilmar is found in one land only, and every ingot outside it is accounted for. Yours included. The Council wants 180, and wants them today. This is no tithe. The Grey Seers have seen the hoard, and the hoard is already spoken for.	false
derpy_chd_ex_skv_dem_wrath_derpy_ithilmar_secondary	Sacrifice 180 Ithilmar in the Under-Market within 3 turns, or answer for it.	false
derpy_chd_ex_skv_dem_tithe_derpy_jade_title	The Council's Tithe: Jade	false
derpy_chd_ex_skv_dem_tithe_derpy_jade_primary	Jade is carved into charms, seals and statues. Your slabs of it are on a list. The Council wants 30, and wants them today. A small thing. The Council asks small things of everyone, and writes down who refused.	false
derpy_chd_ex_skv_dem_tithe_derpy_jade_secondary	Sacrifice 30 Jade in the Under-Market within 3 turns, or answer for it.	false
derpy_chd_ex_skv_dem_hunger_derpy_jade_title	The Council is Hungry: Jade	false
derpy_chd_ex_skv_dem_hunger_derpy_jade_primary	Jade is carved into charms, seals and statues. Your slabs of it are on a list. The Council wants 90, and wants them today. This is more than the Council usually takes. It has not been phrased as a question.	false
derpy_chd_ex_skv_dem_hunger_derpy_jade_secondary	Sacrifice 90 Jade in the Under-Market within 3 turns, or answer for it.	false
derpy_chd_ex_skv_dem_wrath_derpy_jade_title	The Thirteenth Demand: Jade	false
derpy_chd_ex_skv_dem_wrath_derpy_jade_primary	Jade is carved into charms, seals and statues. Your slabs of it are on a list. The Council wants 180, and wants them today. This is no tithe. The Grey Seers have seen the hoard, and the hoard is already spoken for.	false
derpy_chd_ex_skv_dem_wrath_derpy_jade_secondary	Sacrifice 180 Jade in the Under-Market within 3 turns, or answer for it.	false
derpy_chd_ex_skv_dem_tithe_derpy_kvas_title	The Council's Tithe: Kvas	false
derpy_chd_ex_skv_dem_tithe_derpy_kvas_primary	Every stanitsa keeps a barrel of kvas. Yours are fuller than most, and that has been noticed. The Council wants 30, and wants them today. A small thing. The Council asks small things of everyone, and writes down who refused.	false
derpy_chd_ex_skv_dem_tithe_derpy_kvas_secondary	Sacrifice 30 Kvas in the Under-Market within 3 turns, or answer for it.	false
derpy_chd_ex_skv_dem_hunger_derpy_kvas_title	The Council is Hungry: Kvas	false
derpy_chd_ex_skv_dem_hunger_derpy_kvas_primary	Every stanitsa keeps a barrel of kvas. Yours are fuller than most, and that has been noticed. The Council wants 90, and wants them today. This is more than the Council usually takes. It has not been phrased as a question.	false
derpy_chd_ex_skv_dem_hunger_derpy_kvas_secondary	Sacrifice 90 Kvas in the Under-Market within 3 turns, or answer for it.	false
derpy_chd_ex_skv_dem_wrath_derpy_kvas_title	The Thirteenth Demand: Kvas	false
derpy_chd_ex_skv_dem_wrath_derpy_kvas_primary	Every stanitsa keeps a barrel of kvas. Yours are fuller than most, and that has been noticed. The Council wants 180, and wants them today. This is no tithe. The Grey Seers have seen the hoard, and the hoard is already spoken for.	false
derpy_chd_ex_skv_dem_wrath_derpy_kvas_secondary	Sacrifice 180 Kvas in the Under-Market within 3 turns, or answer for it.	false
derpy_chd_ex_skv_dem_tithe_derpy_lustrian_plumes_title	The Council's Tithe: Lustrian Plumes	false
derpy_chd_ex_skv_dem_tithe_derpy_lustrian_plumes_primary	Lustrian plumes are worth their weight in gold at court. Yours have been counted feather by feather. The Council wants 30, and wants them today. A small thing. The Council asks small things of everyone, and writes down who refused.	false
derpy_chd_ex_skv_dem_tithe_derpy_lustrian_plumes_secondary	Sacrifice 30 Lustrian Plumes in the Under-Market within 3 turns, or answer for it.	false
derpy_chd_ex_skv_dem_hunger_derpy_lustrian_plumes_title	The Council is Hungry: Lustrian Plumes	false
derpy_chd_ex_skv_dem_hunger_derpy_lustrian_plumes_primary	Lustrian plumes are worth their weight in gold at court. Yours have been counted feather by feather. The Council wants 90, and wants them today. This is more than the Council usually takes. It has not been phrased as a question.	false
derpy_chd_ex_skv_dem_hunger_derpy_lustrian_plumes_secondary	Sacrifice 90 Lustrian Plumes in the Under-Market within 3 turns, or answer for it.	false
derpy_chd_ex_skv_dem_wrath_derpy_lustrian_plumes_title	The Thirteenth Demand: Lustrian Plumes	false
derpy_chd_ex_skv_dem_wrath_derpy_lustrian_plumes_primary	Lustrian plumes are worth their weight in gold at court. Yours have been counted feather by feather. The Council wants 180, and wants them today. This is no tithe. The Grey Seers have seen the hoard, and the hoard is already spoken for.	false
derpy_chd_ex_skv_dem_wrath_derpy_lustrian_plumes_secondary	Sacrifice 180 Lustrian Plumes in the Under-Market within 3 turns, or answer for it.	false
derpy_chd_ex_skv_dem_tithe_derpy_mead_title	The Council's Tithe: Mead	false
derpy_chd_ex_skv_dem_tithe_derpy_mead_primary	Mead is drunk from horns before every raid. Your kegs have been counted by thirsty men. The Council wants 30, and wants them today. A small thing. The Council asks small things of everyone, and writes down who refused.	false
derpy_chd_ex_skv_dem_tithe_derpy_mead_secondary	Sacrifice 30 Mead in the Under-Market within 3 turns, or answer for it.	false
derpy_chd_ex_skv_dem_hunger_derpy_mead_title	The Council is Hungry: Mead	false
derpy_chd_ex_skv_dem_hunger_derpy_mead_primary	Mead is drunk from horns before every raid. Your kegs have been counted by thirsty men. The Council wants 90, and wants them today. This is more than the Council usually takes. It has not been phrased as a question.	false
derpy_chd_ex_skv_dem_hunger_derpy_mead_secondary	Sacrifice 90 Mead in the Under-Market within 3 turns, or answer for it.	false
derpy_chd_ex_skv_dem_wrath_derpy_mead_title	The Thirteenth Demand: Mead	false
derpy_chd_ex_skv_dem_wrath_derpy_mead_primary	Mead is drunk from horns before every raid. Your kegs have been counted by thirsty men. The Council wants 180, and wants them today. This is no tithe. The Grey Seers have seen the hoard, and the hoard is already spoken for.	false
derpy_chd_ex_skv_dem_wrath_derpy_mead_secondary	Sacrifice 180 Mead in the Under-Market within 3 turns, or answer for it.	false
derpy_chd_ex_skv_dem_tithe_derpy_olive_oil_title	The Council's Tithe: Olive Oil	false
derpy_chd_ex_skv_dem_tithe_derpy_olive_oil_primary	Olive oil lights the lamps and dresses the bread of the Middle Sea. Your barrels have been tallied. The Council wants 30, and wants them today. A small thing. The Council asks small things of everyone, and writes down who refused.	false
derpy_chd_ex_skv_dem_tithe_derpy_olive_oil_secondary	Sacrifice 30 Olive Oil in the Under-Market within 3 turns, or answer for it.	false
derpy_chd_ex_skv_dem_hunger_derpy_olive_oil_title	The Council is Hungry: Olive Oil	false
derpy_chd_ex_skv_dem_hunger_derpy_olive_oil_primary	Olive oil lights the lamps and dresses the bread of the Middle Sea. Your barrels have been tallied. The Council wants 90, and wants them today. This is more than the Council usually takes. It has not been phrased as a question.	false
derpy_chd_ex_skv_dem_hunger_derpy_olive_oil_secondary	Sacrifice 90 Olive Oil in the Under-Market within 3 turns, or answer for it.	false
derpy_chd_ex_skv_dem_wrath_derpy_olive_oil_title	The Thirteenth Demand: Olive Oil	false
derpy_chd_ex_skv_dem_wrath_derpy_olive_oil_primary	Olive oil lights the lamps and dresses the bread of the Middle Sea. Your barrels have been tallied. The Council wants 180, and wants them today. This is no tithe. The Grey Seers have seen the hoard, and the hoard is already spoken for.	false
derpy_chd_ex_skv_dem_wrath_derpy_olive_oil_secondary	Sacrifice 180 Olive Oil in the Under-Market within 3 turns, or answer for it.	false
derpy_chd_ex_skv_dem_tithe_derpy_pearls_title	The Council's Tithe: Pearls	false
derpy_chd_ex_skv_dem_tithe_derpy_pearls_primary	Pearls come up from the warm seas and go round the neck of anyone who can pay. Yours have been counted. The Council wants 30, and wants them today. A small thing. The Council asks small things of everyone, and writes down who refused.	false
derpy_chd_ex_skv_dem_tithe_derpy_pearls_secondary	Sacrifice 30 Pearls in the Under-Market within 3 turns, or answer for it.	false
derpy_chd_ex_skv_dem_hunger_derpy_pearls_title	The Council is Hungry: Pearls	false
derpy_chd_ex_skv_dem_hunger_derpy_pearls_primary	Pearls come up from the warm seas and go round the neck of anyone who can pay. Yours have been counted. The Council wants 90, and wants them today. This is more than the Council usually takes. It has not been phrased as a question.	false
derpy_chd_ex_skv_dem_hunger_derpy_pearls_secondary	Sacrifice 90 Pearls in the Under-Market within 3 turns, or answer for it.	false
derpy_chd_ex_skv_dem_wrath_derpy_pearls_title	The Thirteenth Demand: Pearls	false
derpy_chd_ex_skv_dem_wrath_derpy_pearls_primary	Pearls come up from the warm seas and go round the neck of anyone who can pay. Yours have been counted. The Council wants 180, and wants them today. This is no tithe. The Grey Seers have seen the hoard, and the hoard is already spoken for.	false
derpy_chd_ex_skv_dem_wrath_derpy_pearls_secondary	Sacrifice 180 Pearls in the Under-Market within 3 turns, or answer for it.	false
derpy_chd_ex_skv_dem_tithe_derpy_pipeweed_title	The Council's Tithe: Pipeweed	false
derpy_chd_ex_skv_dem_tithe_derpy_pipeweed_primary	Pipeweed is smoked in every tavern from Altdorf to Marienburg. Your bales are known to more than the tax-man. The Council wants 30, and wants them today. A small thing. The Council asks small things of everyone, and writes down who refused.	false
derpy_chd_ex_skv_dem_tithe_derpy_pipeweed_secondary	Sacrifice 30 Pipeweed in the Under-Market within 3 turns, or answer for it.	false
derpy_chd_ex_skv_dem_hunger_derpy_pipeweed_title	The Council is Hungry: Pipeweed	false
derpy_chd_ex_skv_dem_hunger_derpy_pipeweed_primary	Pipeweed is smoked in every tavern from Altdorf to Marienburg. Your bales are known to more than the tax-man. The Council wants 90, and wants them today. This is more than the Council usually takes. It has not been phrased as a question.	false
derpy_chd_ex_skv_dem_hunger_derpy_pipeweed_secondary	Sacrifice 90 Pipeweed in the Under-Market within 3 turns, or answer for it.	false
derpy_chd_ex_skv_dem_wrath_derpy_pipeweed_title	The Thirteenth Demand: Pipeweed	false
derpy_chd_ex_skv_dem_wrath_derpy_pipeweed_primary	Pipeweed is smoked in every tavern from Altdorf to Marienburg. Your bales are known to more than the tax-man. The Council wants 180, and wants them today. This is no tithe. The Grey Seers have seen the hoard, and the hoard is already spoken for.	false
derpy_chd_ex_skv_dem_wrath_derpy_pipeweed_secondary	Sacrifice 180 Pipeweed in the Under-Market within 3 turns, or answer for it.	false
derpy_chd_ex_skv_dem_tithe_derpy_porcelain_title	The Council's Tithe: Porcelain	false
derpy_chd_ex_skv_dem_tithe_derpy_porcelain_primary	Porcelain is fired in Cathay and treasured everywhere else. Your crates of it are on a list. The Council wants 30, and wants them today. A small thing. The Council asks small things of everyone, and writes down who refused.	false
derpy_chd_ex_skv_dem_tithe_derpy_porcelain_secondary	Sacrifice 30 Porcelain in the Under-Market within 3 turns, or answer for it.	false
derpy_chd_ex_skv_dem_hunger_derpy_porcelain_title	The Council is Hungry: Porcelain	false
derpy_chd_ex_skv_dem_hunger_derpy_porcelain_primary	Porcelain is fired in Cathay and treasured everywhere else. Your crates of it are on a list. The Council wants 90, and wants them today. This is more than the Council usually takes. It has not been phrased as a question.	false
derpy_chd_ex_skv_dem_hunger_derpy_porcelain_secondary	Sacrifice 90 Porcelain in the Under-Market within 3 turns, or answer for it.	false
derpy_chd_ex_skv_dem_wrath_derpy_porcelain_title	The Thirteenth Demand: Porcelain	false
derpy_chd_ex_skv_dem_wrath_derpy_porcelain_primary	Porcelain is fired in Cathay and treasured everywhere else. Your crates of it are on a list. The Council wants 180, and wants them today. This is no tithe. The Grey Seers have seen the hoard, and the hoard is already spoken for.	false
derpy_chd_ex_skv_dem_wrath_derpy_porcelain_secondary	Sacrifice 180 Porcelain in the Under-Market within 3 turns, or answer for it.	false
derpy_chd_ex_skv_dem_tithe_derpy_quicksilver_title	The Council's Tithe: Quicksilver	false
derpy_chd_ex_skv_dem_tithe_derpy_quicksilver_primary	Every alchemist and engineer wants quicksilver. Your flasks have been counted. The Council wants 30, and wants them today. A small thing. The Council asks small things of everyone, and writes down who refused.	false
derpy_chd_ex_skv_dem_tithe_derpy_quicksilver_secondary	Sacrifice 30 Quicksilver in the Under-Market within 3 turns, or answer for it.	false
derpy_chd_ex_skv_dem_hunger_derpy_quicksilver_title	The Council is Hungry: Quicksilver	false
derpy_chd_ex_skv_dem_hunger_derpy_quicksilver_primary	Every alchemist and engineer wants quicksilver. Your flasks have been counted. The Council wants 90, and wants them today. This is more than the Council usually takes. It has not been phrased as a question.	false
derpy_chd_ex_skv_dem_hunger_derpy_quicksilver_secondary	Sacrifice 90 Quicksilver in the Under-Market within 3 turns, or answer for it.	false
derpy_chd_ex_skv_dem_wrath_derpy_quicksilver_title	The Thirteenth Demand: Quicksilver	false
derpy_chd_ex_skv_dem_wrath_derpy_quicksilver_primary	Every alchemist and engineer wants quicksilver. Your flasks have been counted. The Council wants 180, and wants them today. This is no tithe. The Grey Seers have seen the hoard, and the hoard is already spoken for.	false
derpy_chd_ex_skv_dem_wrath_derpy_quicksilver_secondary	Sacrifice 180 Quicksilver in the Under-Market within 3 turns, or answer for it.	false
derpy_chd_ex_skv_dem_tithe_derpy_rhinox_hides_title	The Council's Tithe: Rhinox Hides	false
derpy_chd_ex_skv_dem_tithe_derpy_rhinox_hides_primary	Rhinox hide is tough enough to make armour of. Your stacks of it have been counted. The Council wants 30, and wants them today. A small thing. The Council asks small things of everyone, and writes down who refused.	false
derpy_chd_ex_skv_dem_tithe_derpy_rhinox_hides_secondary	Sacrifice 30 Rhinox Hides in the Under-Market within 3 turns, or answer for it.	false
derpy_chd_ex_skv_dem_hunger_derpy_rhinox_hides_title	The Council is Hungry: Rhinox Hides	false
derpy_chd_ex_skv_dem_hunger_derpy_rhinox_hides_primary	Rhinox hide is tough enough to make armour of. Your stacks of it have been counted. The Council wants 90, and wants them today. This is more than the Council usually takes. It has not been phrased as a question.	false
derpy_chd_ex_skv_dem_hunger_derpy_rhinox_hides_secondary	Sacrifice 90 Rhinox Hides in the Under-Market within 3 turns, or answer for it.	false
derpy_chd_ex_skv_dem_wrath_derpy_rhinox_hides_title	The Thirteenth Demand: Rhinox Hides	false
derpy_chd_ex_skv_dem_wrath_derpy_rhinox_hides_primary	Rhinox hide is tough enough to make armour of. Your stacks of it have been counted. The Council wants 180, and wants them today. This is no tithe. The Grey Seers have seen the hoard, and the hoard is already spoken for.	false
derpy_chd_ex_skv_dem_wrath_derpy_rhinox_hides_secondary	Sacrifice 180 Rhinox Hides in the Under-Market within 3 turns, or answer for it.	false
derpy_chd_ex_skv_dem_tithe_derpy_rum_title	The Council's Tithe: Rum	false
derpy_chd_ex_skv_dem_tithe_derpy_rum_primary	Rum keeps crews at sea and quiet ashore. Your kegs have been noticed by people who keep lists. The Council wants 30, and wants them today. A small thing. The Council asks small things of everyone, and writes down who refused.	false
derpy_chd_ex_skv_dem_tithe_derpy_rum_secondary	Sacrifice 30 Rum in the Under-Market within 3 turns, or answer for it.	false
derpy_chd_ex_skv_dem_hunger_derpy_rum_title	The Council is Hungry: Rum	false
derpy_chd_ex_skv_dem_hunger_derpy_rum_primary	Rum keeps crews at sea and quiet ashore. Your kegs have been noticed by people who keep lists. The Council wants 90, and wants them today. This is more than the Council usually takes. It has not been phrased as a question.	false
derpy_chd_ex_skv_dem_hunger_derpy_rum_secondary	Sacrifice 90 Rum in the Under-Market within 3 turns, or answer for it.	false
derpy_chd_ex_skv_dem_wrath_derpy_rum_title	The Thirteenth Demand: Rum	false
derpy_chd_ex_skv_dem_wrath_derpy_rum_primary	Rum keeps crews at sea and quiet ashore. Your kegs have been noticed by people who keep lists. The Council wants 180, and wants them today. This is no tithe. The Grey Seers have seen the hoard, and the hoard is already spoken for.	false
derpy_chd_ex_skv_dem_wrath_derpy_rum_secondary	Sacrifice 180 Rum in the Under-Market within 3 turns, or answer for it.	false
derpy_chd_ex_skv_dem_tithe_derpy_salted_fish_title	The Council's Tithe: Salted Fish	false
derpy_chd_ex_skv_dem_tithe_derpy_salted_fish_primary	Salted fish feeds sailors, soldiers and the poor through the lean months. Your barrels have been counted. The Council wants 30, and wants them today. A small thing. The Council asks small things of everyone, and writes down who refused.	false
derpy_chd_ex_skv_dem_tithe_derpy_salted_fish_secondary	Sacrifice 30 Salted Fish in the Under-Market within 3 turns, or answer for it.	false
derpy_chd_ex_skv_dem_hunger_derpy_salted_fish_title	The Council is Hungry: Salted Fish	false
derpy_chd_ex_skv_dem_hunger_derpy_salted_fish_primary	Salted fish feeds sailors, soldiers and the poor through the lean months. Your barrels have been counted. The Council wants 90, and wants them today. This is more than the Council usually takes. It has not been phrased as a question.	false
derpy_chd_ex_skv_dem_hunger_derpy_salted_fish_secondary	Sacrifice 90 Salted Fish in the Under-Market within 3 turns, or answer for it.	false
derpy_chd_ex_skv_dem_wrath_derpy_salted_fish_title	The Thirteenth Demand: Salted Fish	false
derpy_chd_ex_skv_dem_wrath_derpy_salted_fish_primary	Salted fish feeds sailors, soldiers and the poor through the lean months. Your barrels have been counted. The Council wants 180, and wants them today. This is no tithe. The Grey Seers have seen the hoard, and the hoard is already spoken for.	false
derpy_chd_ex_skv_dem_wrath_derpy_salted_fish_secondary	Sacrifice 180 Salted Fish in the Under-Market within 3 turns, or answer for it.	false
derpy_chd_ex_skv_dem_tithe_derpy_salted_meat_title	The Council's Tithe: Salted Meat	false
derpy_chd_ex_skv_dem_tithe_derpy_salted_meat_primary	Salted meat keeps, and armies march on it. Your barrels have been counted. The Council wants 30, and wants them today. A small thing. The Council asks small things of everyone, and writes down who refused.	false
derpy_chd_ex_skv_dem_tithe_derpy_salted_meat_secondary	Sacrifice 30 Salted Meat in the Under-Market within 3 turns, or answer for it.	false
derpy_chd_ex_skv_dem_hunger_derpy_salted_meat_title	The Council is Hungry: Salted Meat	false
derpy_chd_ex_skv_dem_hunger_derpy_salted_meat_primary	Salted meat keeps, and armies march on it. Your barrels have been counted. The Council wants 90, and wants them today. This is more than the Council usually takes. It has not been phrased as a question.	false
derpy_chd_ex_skv_dem_hunger_derpy_salted_meat_secondary	Sacrifice 90 Salted Meat in the Under-Market within 3 turns, or answer for it.	false
derpy_chd_ex_skv_dem_wrath_derpy_salted_meat_title	The Thirteenth Demand: Salted Meat	false
derpy_chd_ex_skv_dem_wrath_derpy_salted_meat_primary	Salted meat keeps, and armies march on it. Your barrels have been counted. The Council wants 180, and wants them today. This is no tithe. The Grey Seers have seen the hoard, and the hoard is already spoken for.	false
derpy_chd_ex_skv_dem_wrath_derpy_salted_meat_secondary	Sacrifice 180 Salted Meat in the Under-Market within 3 turns, or answer for it.	false
derpy_chd_ex_skv_dem_tithe_derpy_sea_dragon_hide_title	The Council's Tithe: Sea Dragon Hide	false
derpy_chd_ex_skv_dem_tithe_derpy_sea_dragon_hide_primary	Sea dragon hide turns a blade, and there is less of it every year. Somebody knows how much of it you hold. The Council wants 30, and wants them today. A small thing. The Council asks small things of everyone, and writes down who refused.	false
derpy_chd_ex_skv_dem_tithe_derpy_sea_dragon_hide_secondary	Sacrifice 30 Sea Dragon Hide in the Under-Market within 3 turns, or answer for it.	false
derpy_chd_ex_skv_dem_hunger_derpy_sea_dragon_hide_title	The Council is Hungry: Sea Dragon Hide	false
derpy_chd_ex_skv_dem_hunger_derpy_sea_dragon_hide_primary	Sea dragon hide turns a blade, and there is less of it every year. Somebody knows how much of it you hold. The Council wants 90, and wants them today. This is more than the Council usually takes. It has not been phrased as a question.	false
derpy_chd_ex_skv_dem_hunger_derpy_sea_dragon_hide_secondary	Sacrifice 90 Sea Dragon Hide in the Under-Market within 3 turns, or answer for it.	false
derpy_chd_ex_skv_dem_wrath_derpy_sea_dragon_hide_title	The Thirteenth Demand: Sea Dragon Hide	false
derpy_chd_ex_skv_dem_wrath_derpy_sea_dragon_hide_primary	Sea dragon hide turns a blade, and there is less of it every year. Somebody knows how much of it you hold. The Council wants 180, and wants them today. This is no tithe. The Grey Seers have seen the hoard, and the hoard is already spoken for.	false
derpy_chd_ex_skv_dem_wrath_derpy_sea_dragon_hide_secondary	Sacrifice 180 Sea Dragon Hide in the Under-Market within 3 turns, or answer for it.	false
derpy_chd_ex_skv_dem_tithe_derpy_silk_title	The Council's Tithe: Silk	false
derpy_chd_ex_skv_dem_tithe_derpy_silk_primary	Silk is what the Ivory Road carries west. Your bolts have been measured by somebody other than your factor. The Council wants 30, and wants them today. A small thing. The Council asks small things of everyone, and writes down who refused.	false
derpy_chd_ex_skv_dem_tithe_derpy_silk_secondary	Sacrifice 30 Silk in the Under-Market within 3 turns, or answer for it.	false
derpy_chd_ex_skv_dem_hunger_derpy_silk_title	The Council is Hungry: Silk	false
derpy_chd_ex_skv_dem_hunger_derpy_silk_primary	Silk is what the Ivory Road carries west. Your bolts have been measured by somebody other than your factor. The Council wants 90, and wants them today. This is more than the Council usually takes. It has not been phrased as a question.	false
derpy_chd_ex_skv_dem_hunger_derpy_silk_secondary	Sacrifice 90 Silk in the Under-Market within 3 turns, or answer for it.	false
derpy_chd_ex_skv_dem_wrath_derpy_silk_title	The Thirteenth Demand: Silk	false
derpy_chd_ex_skv_dem_wrath_derpy_silk_primary	Silk is what the Ivory Road carries west. Your bolts have been measured by somebody other than your factor. The Council wants 180, and wants them today. This is no tithe. The Grey Seers have seen the hoard, and the hoard is already spoken for.	false
derpy_chd_ex_skv_dem_wrath_derpy_silk_secondary	Sacrifice 180 Silk in the Under-Market within 3 turns, or answer for it.	false
derpy_chd_ex_skv_dem_tithe_derpy_silver_title	The Council's Tithe: Silver	false
derpy_chd_ex_skv_dem_tithe_derpy_silver_primary	Silver is coin, plate and a blade-edge against the dead. Your ingots have been weighed twice. The Council wants 30, and wants them today. A small thing. The Council asks small things of everyone, and writes down who refused.	false
derpy_chd_ex_skv_dem_tithe_derpy_silver_secondary	Sacrifice 30 Silver in the Under-Market within 3 turns, or answer for it.	false
derpy_chd_ex_skv_dem_hunger_derpy_silver_title	The Council is Hungry: Silver	false
derpy_chd_ex_skv_dem_hunger_derpy_silver_primary	Silver is coin, plate and a blade-edge against the dead. Your ingots have been weighed twice. The Council wants 90, and wants them today. This is more than the Council usually takes. It has not been phrased as a question.	false
derpy_chd_ex_skv_dem_hunger_derpy_silver_secondary	Sacrifice 90 Silver in the Under-Market within 3 turns, or answer for it.	false
derpy_chd_ex_skv_dem_wrath_derpy_silver_title	The Thirteenth Demand: Silver	false
derpy_chd_ex_skv_dem_wrath_derpy_silver_primary	Silver is coin, plate and a blade-edge against the dead. Your ingots have been weighed twice. The Council wants 180, and wants them today. This is no tithe. The Grey Seers have seen the hoard, and the hoard is already spoken for.	false
derpy_chd_ex_skv_dem_wrath_derpy_silver_secondary	Sacrifice 180 Silver in the Under-Market within 3 turns, or answer for it.	false
derpy_chd_ex_skv_dem_tithe_derpy_starwood_title	The Council's Tithe: Starwood	false
derpy_chd_ex_skv_dem_tithe_derpy_starwood_primary	Starwood is given by the trees of Athel Loren and never cut. That you hold any at all has been noticed. The Council wants 30, and wants them today. A small thing. The Council asks small things of everyone, and writes down who refused.	false
derpy_chd_ex_skv_dem_tithe_derpy_starwood_secondary	Sacrifice 30 Starwood in the Under-Market within 3 turns, or answer for it.	false
derpy_chd_ex_skv_dem_hunger_derpy_starwood_title	The Council is Hungry: Starwood	false
derpy_chd_ex_skv_dem_hunger_derpy_starwood_primary	Starwood is given by the trees of Athel Loren and never cut. That you hold any at all has been noticed. The Council wants 90, and wants them today. This is more than the Council usually takes. It has not been phrased as a question.	false
derpy_chd_ex_skv_dem_hunger_derpy_starwood_secondary	Sacrifice 90 Starwood in the Under-Market within 3 turns, or answer for it.	false
derpy_chd_ex_skv_dem_wrath_derpy_starwood_title	The Thirteenth Demand: Starwood	false
derpy_chd_ex_skv_dem_wrath_derpy_starwood_primary	Starwood is given by the trees of Athel Loren and never cut. That you hold any at all has been noticed. The Council wants 180, and wants them today. This is no tithe. The Grey Seers have seen the hoard, and the hoard is already spoken for.	false
derpy_chd_ex_skv_dem_wrath_derpy_starwood_secondary	Sacrifice 180 Starwood in the Under-Market within 3 turns, or answer for it.	false
derpy_chd_ex_skv_dem_tithe_derpy_tea_title	The Council's Tithe: Tea	false
derpy_chd_ex_skv_dem_tithe_derpy_tea_primary	Tea is poured at every audience worth attending. Your chests of it have been weighed. The Council wants 30, and wants them today. A small thing. The Council asks small things of everyone, and writes down who refused.	false
derpy_chd_ex_skv_dem_tithe_derpy_tea_secondary	Sacrifice 30 Tea in the Under-Market within 3 turns, or answer for it.	false
derpy_chd_ex_skv_dem_hunger_derpy_tea_title	The Council is Hungry: Tea	false
derpy_chd_ex_skv_dem_hunger_derpy_tea_primary	Tea is poured at every audience worth attending. Your chests of it have been weighed. The Council wants 90, and wants them today. This is more than the Council usually takes. It has not been phrased as a question.	false
derpy_chd_ex_skv_dem_hunger_derpy_tea_secondary	Sacrifice 90 Tea in the Under-Market within 3 turns, or answer for it.	false
derpy_chd_ex_skv_dem_wrath_derpy_tea_title	The Thirteenth Demand: Tea	false
derpy_chd_ex_skv_dem_wrath_derpy_tea_primary	Tea is poured at every audience worth attending. Your chests of it have been weighed. The Council wants 180, and wants them today. This is no tithe. The Grey Seers have seen the hoard, and the hoard is already spoken for.	false
derpy_chd_ex_skv_dem_wrath_derpy_tea_secondary	Sacrifice 180 Tea in the Under-Market within 3 turns, or answer for it.	false
derpy_chd_ex_skv_dem_tithe_derpy_warhorses_title	The Council's Tithe: Warhorses	false
derpy_chd_ex_skv_dem_tithe_derpy_warhorses_primary	A warhorse eats every day it is not ridden. Your stables are full, and the count has been taken. The Council wants 30, and wants them today. A small thing. The Council asks small things of everyone, and writes down who refused.	false
derpy_chd_ex_skv_dem_tithe_derpy_warhorses_secondary	Sacrifice 30 Warhorses in the Under-Market within 3 turns, or answer for it.	false
derpy_chd_ex_skv_dem_hunger_derpy_warhorses_title	The Council is Hungry: Warhorses	false
derpy_chd_ex_skv_dem_hunger_derpy_warhorses_primary	A warhorse eats every day it is not ridden. Your stables are full, and the count has been taken. The Council wants 90, and wants them today. This is more than the Council usually takes. It has not been phrased as a question.	false
derpy_chd_ex_skv_dem_hunger_derpy_warhorses_secondary	Sacrifice 90 Warhorses in the Under-Market within 3 turns, or answer for it.	false
derpy_chd_ex_skv_dem_wrath_derpy_warhorses_title	The Thirteenth Demand: Warhorses	false
derpy_chd_ex_skv_dem_wrath_derpy_warhorses_primary	A warhorse eats every day it is not ridden. Your stables are full, and the count has been taken. The Council wants 180, and wants them today. This is no tithe. The Grey Seers have seen the hoard, and the hoard is already spoken for.	false
derpy_chd_ex_skv_dem_wrath_derpy_warhorses_secondary	Sacrifice 180 Warhorses in the Under-Market within 3 turns, or answer for it.	false
derpy_chd_ex_skv_dem_tithe_derpy_whale_oil_title	The Council's Tithe: Whale Oil	false
derpy_chd_ex_skv_dem_tithe_derpy_whale_oil_primary	Lamp oil burns in every hall that can afford the light. Yours is sitting in barrels in the dark. The Council wants 30, and wants them today. A small thing. The Council asks small things of everyone, and writes down who refused.	false
derpy_chd_ex_skv_dem_tithe_derpy_whale_oil_secondary	Sacrifice 30 Whale Oil in the Under-Market within 3 turns, or answer for it.	false
derpy_chd_ex_skv_dem_hunger_derpy_whale_oil_title	The Council is Hungry: Whale Oil	false
derpy_chd_ex_skv_dem_hunger_derpy_whale_oil_primary	Lamp oil burns in every hall that can afford the light. Yours is sitting in barrels in the dark. The Council wants 90, and wants them today. This is more than the Council usually takes. It has not been phrased as a question.	false
derpy_chd_ex_skv_dem_hunger_derpy_whale_oil_secondary	Sacrifice 90 Whale Oil in the Under-Market within 3 turns, or answer for it.	false
derpy_chd_ex_skv_dem_wrath_derpy_whale_oil_title	The Thirteenth Demand: Whale Oil	false
derpy_chd_ex_skv_dem_wrath_derpy_whale_oil_primary	Lamp oil burns in every hall that can afford the light. Yours is sitting in barrels in the dark. The Council wants 180, and wants them today. This is no tithe. The Grey Seers have seen the hoard, and the hoard is already spoken for.	false
derpy_chd_ex_skv_dem_wrath_derpy_whale_oil_secondary	Sacrifice 180 Whale Oil in the Under-Market within 3 turns, or answer for it.	false
derpy_chd_ex_skv_dem_tithe_derpy_wool_title	The Council's Tithe: Wool	false
derpy_chd_ex_skv_dem_tithe_derpy_wool_primary	Wool is spun and woven in every town. Your bales are stacked to the rafters and somebody has climbed up to count them. The Council wants 30, and wants them today. A small thing. The Council asks small things of everyone, and writes down who refused.	false
derpy_chd_ex_skv_dem_tithe_derpy_wool_secondary	Sacrifice 30 Wool in the Under-Market within 3 turns, or answer for it.	false
derpy_chd_ex_skv_dem_hunger_derpy_wool_title	The Council is Hungry: Wool	false
derpy_chd_ex_skv_dem_hunger_derpy_wool_primary	Wool is spun and woven in every town. Your bales are stacked to the rafters and somebody has climbed up to count them. The Council wants 90, and wants them today. This is more than the Council usually takes. It has not been phrased as a question.	false
derpy_chd_ex_skv_dem_hunger_derpy_wool_secondary	Sacrifice 90 Wool in the Under-Market within 3 turns, or answer for it.	false
derpy_chd_ex_skv_dem_wrath_derpy_wool_title	The Thirteenth Demand: Wool	false
derpy_chd_ex_skv_dem_wrath_derpy_wool_primary	Wool is spun and woven in every town. Your bales are stacked to the rafters and somebody has climbed up to count them. The Council wants 180, and wants them today. This is no tithe. The Grey Seers have seen the hoard, and the hoard is already spoken for.	false
derpy_chd_ex_skv_dem_wrath_derpy_wool_secondary	Sacrifice 180 Wool in the Under-Market within 3 turns, or answer for it.	false
derpy_chd_ex_skv_dem_tithe_derpy_wyvern_scales_title	The Council's Tithe: Wyvern Scales	false
derpy_chd_ex_skv_dem_tithe_derpy_wyvern_scales_primary	Wyvern scales are taken at great cost from the nesting peaks. Yours have been counted. The Council wants 30, and wants them today. A small thing. The Council asks small things of everyone, and writes down who refused.	false
derpy_chd_ex_skv_dem_tithe_derpy_wyvern_scales_secondary	Sacrifice 30 Wyvern Scales in the Under-Market within 3 turns, or answer for it.	false
derpy_chd_ex_skv_dem_hunger_derpy_wyvern_scales_title	The Council is Hungry: Wyvern Scales	false
derpy_chd_ex_skv_dem_hunger_derpy_wyvern_scales_primary	Wyvern scales are taken at great cost from the nesting peaks. Yours have been counted. The Council wants 90, and wants them today. This is more than the Council usually takes. It has not been phrased as a question.	false
derpy_chd_ex_skv_dem_hunger_derpy_wyvern_scales_secondary	Sacrifice 90 Wyvern Scales in the Under-Market within 3 turns, or answer for it.	false
derpy_chd_ex_skv_dem_wrath_derpy_wyvern_scales_title	The Thirteenth Demand: Wyvern Scales	false
derpy_chd_ex_skv_dem_wrath_derpy_wyvern_scales_primary	Wyvern scales are taken at great cost from the nesting peaks. Yours have been counted. The Council wants 180, and wants them today. This is no tithe. The Grey Seers have seen the hoard, and the hoard is already spoken for.	false
derpy_chd_ex_skv_dem_wrath_derpy_wyvern_scales_secondary	Sacrifice 180 Wyvern Scales in the Under-Market within 3 turns, or answer for it.	false
derpy_chd_ex_skv_dem_paid_title	The Tribute Taken	false
derpy_chd_ex_skv_dem_paid_primary	The crates went down the tunnel and did not come back, which is how the Council prefers to receive things.	false
derpy_chd_ex_skv_dem_paid_secondary	The Council is pleased, briefly, and says so to fewer clans than it might.	false
derpy_chd_ex_skv_dem_wrath_title	The Tribute Withheld	false
derpy_chd_ex_skv_dem_wrath_primary	Nothing went down the tunnel. Thirteen of the wrong sort were told, individually, by someone hoping to be rewarded for telling them.	false
derpy_chd_ex_skv_dem_wrath_secondary	The Council takes what it is owed by other arrangements.	false
derpy_chd_ex_dem_tithe_animals_title	The Tithe of Hashut: Exotic Animals	false
derpy_chd_ex_dem_tithe_animals_primary	The menageries are loud. The priests have suggested, at length, that they would sound better from the altar steps. The altar wants 30, and it wants them today. It is a small thing. The Bull God asks small things often, and remembers each one.	false
derpy_chd_ex_dem_tithe_animals_secondary	Sacrifice 30 Exotic Animals in the Zharr Exchange within 3 turns, or answer for it.	false
derpy_chd_ex_dem_hunger_animals_title	Hashut's Hunger: Exotic Animals	false
derpy_chd_ex_dem_hunger_animals_primary	The menageries are loud. The priests have suggested, at length, that they would sound better from the altar steps. The altar wants 90, and it wants them today. This is more than the altar usually takes. It is also not phrased as a request.	false
derpy_chd_ex_dem_hunger_animals_secondary	Sacrifice 90 Exotic Animals in the Zharr Exchange within 3 turns, or answer for it.	false
derpy_chd_ex_dem_wrath_animals_title	The Bull God is Greedy: Exotic Animals	false
derpy_chd_ex_dem_wrath_animals_primary	The menageries are loud. The priests have suggested, at length, that they would sound better from the altar steps. The altar wants 180, and it wants them today. This is not a tithe. Hashut has seen the hoard, and Hashut wants the hoard.	false
derpy_chd_ex_dem_wrath_animals_secondary	Sacrifice 180 Exotic Animals in the Zharr Exchange within 3 turns, or answer for it.	false
derpy_chd_ex_dem_tithe_dyes_title	The Tithe of Hashut: Dyes	false
derpy_chd_ex_dem_tithe_dyes_primary	The vestments have gone grey. The priests can name the crates that would fix it and the roof they are sitting under. The altar wants 30, and it wants them today. It is a small thing. The Bull God asks small things often, and remembers each one.	false
derpy_chd_ex_dem_tithe_dyes_secondary	Sacrifice 30 Dyes in the Zharr Exchange within 3 turns, or answer for it.	false
derpy_chd_ex_dem_hunger_dyes_title	Hashut's Hunger: Dyes	false
derpy_chd_ex_dem_hunger_dyes_primary	The vestments have gone grey. The priests can name the crates that would fix it and the roof they are sitting under. The altar wants 90, and it wants them today. This is more than the altar usually takes. It is also not phrased as a request.	false
derpy_chd_ex_dem_hunger_dyes_secondary	Sacrifice 90 Dyes in the Zharr Exchange within 3 turns, or answer for it.	false
derpy_chd_ex_dem_wrath_dyes_title	The Bull God is Greedy: Dyes	false
derpy_chd_ex_dem_wrath_dyes_primary	The vestments have gone grey. The priests can name the crates that would fix it and the roof they are sitting under. The altar wants 180, and it wants them today. This is not a tithe. Hashut has seen the hoard, and Hashut wants the hoard.	false
derpy_chd_ex_dem_wrath_dyes_secondary	Sacrifice 180 Dyes in the Zharr Exchange within 3 turns, or answer for it.	false
derpy_chd_ex_dem_tithe_gems_title	The Tithe of Hashut: Gemstones	false
derpy_chd_ex_dem_tithe_gems_primary	Gems are counted twice: once by the merchant and once by the Temple. The two numbers no longer agree. The altar wants 30, and it wants them today. It is a small thing. The Bull God asks small things often, and remembers each one.	false
derpy_chd_ex_dem_tithe_gems_secondary	Sacrifice 30 Gemstones in the Zharr Exchange within 3 turns, or answer for it.	false
derpy_chd_ex_dem_hunger_gems_title	Hashut's Hunger: Gemstones	false
derpy_chd_ex_dem_hunger_gems_primary	Gems are counted twice: once by the merchant and once by the Temple. The two numbers no longer agree. The altar wants 90, and it wants them today. This is more than the altar usually takes. It is also not phrased as a request.	false
derpy_chd_ex_dem_hunger_gems_secondary	Sacrifice 90 Gemstones in the Zharr Exchange within 3 turns, or answer for it.	false
derpy_chd_ex_dem_wrath_gems_title	The Bull God is Greedy: Gemstones	false
derpy_chd_ex_dem_wrath_gems_primary	Gems are counted twice: once by the merchant and once by the Temple. The two numbers no longer agree. The altar wants 180, and it wants them today. This is not a tithe. Hashut has seen the hoard, and Hashut wants the hoard.	false
derpy_chd_ex_dem_wrath_gems_secondary	Sacrifice 180 Gemstones in the Zharr Exchange within 3 turns, or answer for it.	false
derpy_chd_ex_dem_tithe_gold_idols_title	The Tithe of Hashut: Golden Idols	false
derpy_chd_ex_dem_tithe_gold_idols_primary	Idols are made to be melted. Yours are being kept, which the priests regard as a category error. The altar wants 30, and it wants them today. It is a small thing. The Bull God asks small things often, and remembers each one.	false
derpy_chd_ex_dem_tithe_gold_idols_secondary	Sacrifice 30 Golden Idols in the Zharr Exchange within 3 turns, or answer for it.	false
derpy_chd_ex_dem_hunger_gold_idols_title	Hashut's Hunger: Golden Idols	false
derpy_chd_ex_dem_hunger_gold_idols_primary	Idols are made to be melted. Yours are being kept, which the priests regard as a category error. The altar wants 90, and it wants them today. This is more than the altar usually takes. It is also not phrased as a request.	false
derpy_chd_ex_dem_hunger_gold_idols_secondary	Sacrifice 90 Golden Idols in the Zharr Exchange within 3 turns, or answer for it.	false
derpy_chd_ex_dem_wrath_gold_idols_title	The Bull God is Greedy: Golden Idols	false
derpy_chd_ex_dem_wrath_gold_idols_primary	Idols are made to be melted. Yours are being kept, which the priests regard as a category error. The altar wants 180, and it wants them today. This is not a tithe. Hashut has seen the hoard, and Hashut wants the hoard.	false
derpy_chd_ex_dem_wrath_gold_idols_secondary	Sacrifice 180 Golden Idols in the Zharr Exchange within 3 turns, or answer for it.	false
derpy_chd_ex_dem_tithe_ivory_title	The Tithe of Hashut: Tusks	false
derpy_chd_ex_dem_tithe_ivory_primary	Tusk and bone burn with a smell the Temple has not had in some time. Your stores could give it back to them. The altar wants 30, and it wants them today. It is a small thing. The Bull God asks small things often, and remembers each one.	false
derpy_chd_ex_dem_tithe_ivory_secondary	Sacrifice 30 Tusks in the Zharr Exchange within 3 turns, or answer for it.	false
derpy_chd_ex_dem_hunger_ivory_title	Hashut's Hunger: Tusks	false
derpy_chd_ex_dem_hunger_ivory_primary	Tusk and bone burn with a smell the Temple has not had in some time. Your stores could give it back to them. The altar wants 90, and it wants them today. This is more than the altar usually takes. It is also not phrased as a request.	false
derpy_chd_ex_dem_hunger_ivory_secondary	Sacrifice 90 Tusks in the Zharr Exchange within 3 turns, or answer for it.	false
derpy_chd_ex_dem_wrath_ivory_title	The Bull God is Greedy: Tusks	false
derpy_chd_ex_dem_wrath_ivory_primary	Tusk and bone burn with a smell the Temple has not had in some time. Your stores could give it back to them. The altar wants 180, and it wants them today. This is not a tithe. Hashut has seen the hoard, and Hashut wants the hoard.	false
derpy_chd_ex_dem_wrath_ivory_secondary	Sacrifice 180 Tusks in the Zharr Exchange within 3 turns, or answer for it.	false
derpy_chd_ex_dem_tithe_medicine_title	The Tithe of Hashut: Medicinal Plants	false
derpy_chd_ex_dem_tithe_medicine_primary	The infirmaries are full and the altar is empty. The Temple has views on which of those it would rather correct. The altar wants 30, and it wants them today. It is a small thing. The Bull God asks small things often, and remembers each one.	false
derpy_chd_ex_dem_tithe_medicine_secondary	Sacrifice 30 Medicinal Plants in the Zharr Exchange within 3 turns, or answer for it.	false
derpy_chd_ex_dem_hunger_medicine_title	Hashut's Hunger: Medicinal Plants	false
derpy_chd_ex_dem_hunger_medicine_primary	The infirmaries are full and the altar is empty. The Temple has views on which of those it would rather correct. The altar wants 90, and it wants them today. This is more than the altar usually takes. It is also not phrased as a request.	false
derpy_chd_ex_dem_hunger_medicine_secondary	Sacrifice 90 Medicinal Plants in the Zharr Exchange within 3 turns, or answer for it.	false
derpy_chd_ex_dem_wrath_medicine_title	The Bull God is Greedy: Medicinal Plants	false
derpy_chd_ex_dem_wrath_medicine_primary	The infirmaries are full and the altar is empty. The Temple has views on which of those it would rather correct. The altar wants 180, and it wants them today. This is not a tithe. Hashut has seen the hoard, and Hashut wants the hoard.	false
derpy_chd_ex_dem_wrath_medicine_secondary	Sacrifice 180 Medicinal Plants in the Zharr Exchange within 3 turns, or answer for it.	false
derpy_chd_ex_dem_tithe_obsidian_title	The Tithe of Hashut: Carved Obsidian	false
derpy_chd_ex_dem_tithe_obsidian_primary	Obsidian remembers what is burned near it. The Sorcerer-Prophets say the black glass in your vaults has been listening to nothing at all. The altar wants 30, and it wants them today. It is a small thing. The Bull God asks small things often, and remembers each one.	false
derpy_chd_ex_dem_tithe_obsidian_secondary	Sacrifice 30 Carved Obsidian in the Zharr Exchange within 3 turns, or answer for it.	false
derpy_chd_ex_dem_hunger_obsidian_title	Hashut's Hunger: Carved Obsidian	false
derpy_chd_ex_dem_hunger_obsidian_primary	Obsidian remembers what is burned near it. The Sorcerer-Prophets say the black glass in your vaults has been listening to nothing at all. The altar wants 90, and it wants them today. This is more than the altar usually takes. It is also not phrased as a request.	false
derpy_chd_ex_dem_hunger_obsidian_secondary	Sacrifice 90 Carved Obsidian in the Zharr Exchange within 3 turns, or answer for it.	false
derpy_chd_ex_dem_wrath_obsidian_title	The Bull God is Greedy: Carved Obsidian	false
derpy_chd_ex_dem_wrath_obsidian_primary	Obsidian remembers what is burned near it. The Sorcerer-Prophets say the black glass in your vaults has been listening to nothing at all. The altar wants 180, and it wants them today. This is not a tithe. Hashut has seen the hoard, and Hashut wants the hoard.	false
derpy_chd_ex_dem_wrath_obsidian_secondary	Sacrifice 180 Carved Obsidian in the Zharr Exchange within 3 turns, or answer for it.	false
derpy_chd_ex_dem_tithe_rom_furs_title	The Tithe of Hashut: Furs	false
derpy_chd_ex_dem_tithe_rom_furs_primary	Furs burn badly and smell worse, which the priests consider a virtue. They know how many bales you are sitting on. The altar wants 30, and it wants them today. It is a small thing. The Bull God asks small things often, and remembers each one.	false
derpy_chd_ex_dem_tithe_rom_furs_secondary	Sacrifice 30 Furs in the Zharr Exchange within 3 turns, or answer for it.	false
derpy_chd_ex_dem_hunger_rom_furs_title	Hashut's Hunger: Furs	false
derpy_chd_ex_dem_hunger_rom_furs_primary	Furs burn badly and smell worse, which the priests consider a virtue. They know how many bales you are sitting on. The altar wants 90, and it wants them today. This is more than the altar usually takes. It is also not phrased as a request.	false
derpy_chd_ex_dem_hunger_rom_furs_secondary	Sacrifice 90 Furs in the Zharr Exchange within 3 turns, or answer for it.	false
derpy_chd_ex_dem_wrath_rom_furs_title	The Bull God is Greedy: Furs	false
derpy_chd_ex_dem_wrath_rom_furs_primary	Furs burn badly and smell worse, which the priests consider a virtue. They know how many bales you are sitting on. The altar wants 180, and it wants them today. This is not a tithe. Hashut has seen the hoard, and Hashut wants the hoard.	false
derpy_chd_ex_dem_wrath_rom_furs_secondary	Sacrifice 180 Furs in the Zharr Exchange within 3 turns, or answer for it.	false
derpy_chd_ex_dem_tithe_rom_glass_title	The Tithe of Hashut: Dwarf Beer	false
derpy_chd_ex_dem_tithe_rom_glass_primary	Glass in the Temple windows cracked in the heat and was not replaced. Your warehouses were the first place anyone looked. The altar wants 30, and it wants them today. It is a small thing. The Bull God asks small things often, and remembers each one.	false
derpy_chd_ex_dem_tithe_rom_glass_secondary	Sacrifice 30 Dwarf Beer in the Zharr Exchange within 3 turns, or answer for it.	false
derpy_chd_ex_dem_hunger_rom_glass_title	Hashut's Hunger: Dwarf Beer	false
derpy_chd_ex_dem_hunger_rom_glass_primary	Glass in the Temple windows cracked in the heat and was not replaced. Your warehouses were the first place anyone looked. The altar wants 90, and it wants them today. This is more than the altar usually takes. It is also not phrased as a request.	false
derpy_chd_ex_dem_hunger_rom_glass_secondary	Sacrifice 90 Dwarf Beer in the Zharr Exchange within 3 turns, or answer for it.	false
derpy_chd_ex_dem_wrath_rom_glass_title	The Bull God is Greedy: Dwarf Beer	false
derpy_chd_ex_dem_wrath_rom_glass_primary	Glass in the Temple windows cracked in the heat and was not replaced. Your warehouses were the first place anyone looked. The altar wants 180, and it wants them today. This is not a tithe. Hashut has seen the hoard, and Hashut wants the hoard.	false
derpy_chd_ex_dem_wrath_rom_glass_secondary	Sacrifice 180 Dwarf Beer in the Zharr Exchange within 3 turns, or answer for it.	false
derpy_chd_ex_dem_tithe_rom_iron_title	The Tithe of Hashut: Iron	false
derpy_chd_ex_dem_tithe_rom_iron_primary	The forges are asked how much iron went in and how much came out. The difference is sitting in your stores, and the priests have the ledger. The altar wants 30, and it wants them today. It is a small thing. The Bull God asks small things often, and remembers each one.	false
derpy_chd_ex_dem_tithe_rom_iron_secondary	Sacrifice 30 Iron in the Zharr Exchange within 3 turns, or answer for it.	false
derpy_chd_ex_dem_hunger_rom_iron_title	Hashut's Hunger: Iron	false
derpy_chd_ex_dem_hunger_rom_iron_primary	The forges are asked how much iron went in and how much came out. The difference is sitting in your stores, and the priests have the ledger. The altar wants 90, and it wants them today. This is more than the altar usually takes. It is also not phrased as a request.	false
derpy_chd_ex_dem_hunger_rom_iron_secondary	Sacrifice 90 Iron in the Zharr Exchange within 3 turns, or answer for it.	false
derpy_chd_ex_dem_wrath_rom_iron_title	The Bull God is Greedy: Iron	false
derpy_chd_ex_dem_wrath_rom_iron_primary	The forges are asked how much iron went in and how much came out. The difference is sitting in your stores, and the priests have the ledger. The altar wants 180, and it wants them today. This is not a tithe. Hashut has seen the hoard, and Hashut wants the hoard.	false
derpy_chd_ex_dem_wrath_rom_iron_secondary	Sacrifice 180 Iron in the Zharr Exchange within 3 turns, or answer for it.	false
derpy_chd_ex_dem_tithe_rom_lead_title	The Tithe of Hashut: Salt	false
derpy_chd_ex_dem_tithe_rom_lead_primary	Salt keeps meat and keeps grudges. The Temple's cellars are low and yours are not, and both facts are written down. The altar wants 30, and it wants them today. It is a small thing. The Bull God asks small things often, and remembers each one.	false
derpy_chd_ex_dem_tithe_rom_lead_secondary	Sacrifice 30 Salt in the Zharr Exchange within 3 turns, or answer for it.	false
derpy_chd_ex_dem_hunger_rom_lead_title	Hashut's Hunger: Salt	false
derpy_chd_ex_dem_hunger_rom_lead_primary	Salt keeps meat and keeps grudges. The Temple's cellars are low and yours are not, and both facts are written down. The altar wants 90, and it wants them today. This is more than the altar usually takes. It is also not phrased as a request.	false
derpy_chd_ex_dem_hunger_rom_lead_secondary	Sacrifice 90 Salt in the Zharr Exchange within 3 turns, or answer for it.	false
derpy_chd_ex_dem_wrath_rom_lead_title	The Bull God is Greedy: Salt	false
derpy_chd_ex_dem_wrath_rom_lead_primary	Salt keeps meat and keeps grudges. The Temple's cellars are low and yours are not, and both facts are written down. The altar wants 180, and it wants them today. This is not a tithe. Hashut has seen the hoard, and Hashut wants the hoard.	false
derpy_chd_ex_dem_wrath_rom_lead_secondary	Sacrifice 180 Salt in the Zharr Exchange within 3 turns, or answer for it.	false
derpy_chd_ex_dem_tithe_rom_marble_title	The Tithe of Hashut: Marble	false
derpy_chd_ex_dem_tithe_rom_marble_primary	Marble was cut for the Temple and stopped somewhere on the way. The priests have walked the road and found where. The altar wants 30, and it wants them today. It is a small thing. The Bull God asks small things often, and remembers each one.	false
derpy_chd_ex_dem_tithe_rom_marble_secondary	Sacrifice 30 Marble in the Zharr Exchange within 3 turns, or answer for it.	false
derpy_chd_ex_dem_hunger_rom_marble_title	Hashut's Hunger: Marble	false
derpy_chd_ex_dem_hunger_rom_marble_primary	Marble was cut for the Temple and stopped somewhere on the way. The priests have walked the road and found where. The altar wants 90, and it wants them today. This is more than the altar usually takes. It is also not phrased as a request.	false
derpy_chd_ex_dem_hunger_rom_marble_secondary	Sacrifice 90 Marble in the Zharr Exchange within 3 turns, or answer for it.	false
derpy_chd_ex_dem_wrath_rom_marble_title	The Bull God is Greedy: Marble	false
derpy_chd_ex_dem_wrath_rom_marble_primary	Marble was cut for the Temple and stopped somewhere on the way. The priests have walked the road and found where. The altar wants 180, and it wants them today. This is not a tithe. Hashut has seen the hoard, and Hashut wants the hoard.	false
derpy_chd_ex_dem_wrath_rom_marble_secondary	Sacrifice 180 Marble in the Zharr Exchange within 3 turns, or answer for it.	false
derpy_chd_ex_dem_tithe_rom_textiles_title	The Tithe of Hashut: Pottery	false
derpy_chd_ex_dem_tithe_rom_textiles_primary	Cloth goes on the fire in one breath. The Temple has counted your bolts and found the number offensive. The altar wants 30, and it wants them today. It is a small thing. The Bull God asks small things often, and remembers each one.	false
derpy_chd_ex_dem_tithe_rom_textiles_secondary	Sacrifice 30 Pottery in the Zharr Exchange within 3 turns, or answer for it.	false
derpy_chd_ex_dem_hunger_rom_textiles_title	Hashut's Hunger: Pottery	false
derpy_chd_ex_dem_hunger_rom_textiles_primary	Cloth goes on the fire in one breath. The Temple has counted your bolts and found the number offensive. The altar wants 90, and it wants them today. This is more than the altar usually takes. It is also not phrased as a request.	false
derpy_chd_ex_dem_hunger_rom_textiles_secondary	Sacrifice 90 Pottery in the Zharr Exchange within 3 turns, or answer for it.	false
derpy_chd_ex_dem_wrath_rom_textiles_title	The Bull God is Greedy: Pottery	false
derpy_chd_ex_dem_wrath_rom_textiles_primary	Cloth goes on the fire in one breath. The Temple has counted your bolts and found the number offensive. The altar wants 180, and it wants them today. This is not a tithe. Hashut has seen the hoard, and Hashut wants the hoard.	false
derpy_chd_ex_dem_wrath_rom_textiles_secondary	Sacrifice 180 Pottery in the Zharr Exchange within 3 turns, or answer for it.	false
derpy_chd_ex_dem_tithe_rom_timber_title	The Tithe of Hashut: Timber	false
derpy_chd_ex_dem_tithe_rom_timber_primary	Good timber burns hot and burns fast, which is the point. Yours has been stacked and counted and stacked again. The altar wants 30, and it wants them today. It is a small thing. The Bull God asks small things often, and remembers each one.	false
derpy_chd_ex_dem_tithe_rom_timber_secondary	Sacrifice 30 Timber in the Zharr Exchange within 3 turns, or answer for it.	false
derpy_chd_ex_dem_hunger_rom_timber_title	Hashut's Hunger: Timber	false
derpy_chd_ex_dem_hunger_rom_timber_primary	Good timber burns hot and burns fast, which is the point. Yours has been stacked and counted and stacked again. The altar wants 90, and it wants them today. This is more than the altar usually takes. It is also not phrased as a request.	false
derpy_chd_ex_dem_hunger_rom_timber_secondary	Sacrifice 90 Timber in the Zharr Exchange within 3 turns, or answer for it.	false
derpy_chd_ex_dem_wrath_rom_timber_title	The Bull God is Greedy: Timber	false
derpy_chd_ex_dem_wrath_rom_timber_primary	Good timber burns hot and burns fast, which is the point. Yours has been stacked and counted and stacked again. The altar wants 180, and it wants them today. This is not a tithe. Hashut has seen the hoard, and Hashut wants the hoard.	false
derpy_chd_ex_dem_wrath_rom_timber_secondary	Sacrifice 180 Timber in the Zharr Exchange within 3 turns, or answer for it.	false
derpy_chd_ex_dem_tithe_rom_wine_title	The Tithe of Hashut: Wine	false
derpy_chd_ex_dem_tithe_rom_wine_primary	Wine is drunk at your table and not poured on the altar. The Temple has been keeping a list of the vintages. The altar wants 30, and it wants them today. It is a small thing. The Bull God asks small things often, and remembers each one.	false
derpy_chd_ex_dem_tithe_rom_wine_secondary	Sacrifice 30 Wine in the Zharr Exchange within 3 turns, or answer for it.	false
derpy_chd_ex_dem_hunger_rom_wine_title	Hashut's Hunger: Wine	false
derpy_chd_ex_dem_hunger_rom_wine_primary	Wine is drunk at your table and not poured on the altar. The Temple has been keeping a list of the vintages. The altar wants 90, and it wants them today. This is more than the altar usually takes. It is also not phrased as a request.	false
derpy_chd_ex_dem_hunger_rom_wine_secondary	Sacrifice 90 Wine in the Zharr Exchange within 3 turns, or answer for it.	false
derpy_chd_ex_dem_wrath_rom_wine_title	The Bull God is Greedy: Wine	false
derpy_chd_ex_dem_wrath_rom_wine_primary	Wine is drunk at your table and not poured on the altar. The Temple has been keeping a list of the vintages. The altar wants 180, and it wants them today. This is not a tithe. Hashut has seen the hoard, and Hashut wants the hoard.	false
derpy_chd_ex_dem_wrath_rom_wine_secondary	Sacrifice 180 Wine in the Zharr Exchange within 3 turns, or answer for it.	false
derpy_chd_ex_dem_tithe_spices_title	The Tithe of Hashut: Spices	false
derpy_chd_ex_dem_tithe_spices_primary	The smoke of the altar has been thin lately. The priests know exactly what would fix that and exactly where it is stored. The altar wants 30, and it wants them today. It is a small thing. The Bull God asks small things often, and remembers each one.	false
derpy_chd_ex_dem_tithe_spices_secondary	Sacrifice 30 Spices in the Zharr Exchange within 3 turns, or answer for it.	false
derpy_chd_ex_dem_hunger_spices_title	Hashut's Hunger: Spices	false
derpy_chd_ex_dem_hunger_spices_primary	The smoke of the altar has been thin lately. The priests know exactly what would fix that and exactly where it is stored. The altar wants 90, and it wants them today. This is more than the altar usually takes. It is also not phrased as a request.	false
derpy_chd_ex_dem_hunger_spices_secondary	Sacrifice 90 Spices in the Zharr Exchange within 3 turns, or answer for it.	false
derpy_chd_ex_dem_wrath_spices_title	The Bull God is Greedy: Spices	false
derpy_chd_ex_dem_wrath_spices_primary	The smoke of the altar has been thin lately. The priests know exactly what would fix that and exactly where it is stored. The altar wants 180, and it wants them today. This is not a tithe. Hashut has seen the hoard, and Hashut wants the hoard.	false
derpy_chd_ex_dem_wrath_spices_secondary	Sacrifice 180 Spices in the Zharr Exchange within 3 turns, or answer for it.	false
derpy_chd_ex_dem_tithe_trinkets_title	The Tithe of Hashut: Elven Trinkets	false
derpy_chd_ex_dem_tithe_trinkets_primary	Small worked things please Hashut, who does not care that they are small. You have a great many small worked things. The altar wants 30, and it wants them today. It is a small thing. The Bull God asks small things often, and remembers each one.	false
derpy_chd_ex_dem_tithe_trinkets_secondary	Sacrifice 30 Elven Trinkets in the Zharr Exchange within 3 turns, or answer for it.	false
derpy_chd_ex_dem_hunger_trinkets_title	Hashut's Hunger: Elven Trinkets	false
derpy_chd_ex_dem_hunger_trinkets_primary	Small worked things please Hashut, who does not care that they are small. You have a great many small worked things. The altar wants 90, and it wants them today. This is more than the altar usually takes. It is also not phrased as a request.	false
derpy_chd_ex_dem_hunger_trinkets_secondary	Sacrifice 90 Elven Trinkets in the Zharr Exchange within 3 turns, or answer for it.	false
derpy_chd_ex_dem_wrath_trinkets_title	The Bull God is Greedy: Elven Trinkets	false
derpy_chd_ex_dem_wrath_trinkets_primary	Small worked things please Hashut, who does not care that they are small. You have a great many small worked things. The altar wants 180, and it wants them today. This is not a tithe. Hashut has seen the hoard, and Hashut wants the hoard.	false
derpy_chd_ex_dem_wrath_trinkets_secondary	Sacrifice 180 Elven Trinkets in the Zharr Exchange within 3 turns, or answer for it.	false
derpy_chd_ex_dem_tithe_derpy_amber_title	The Tithe of Hashut: Amber	false
derpy_chd_ex_dem_tithe_derpy_amber_primary	Amber is prized by jewellers and wizards alike. Your chests of it have not gone unremarked. The altar wants 30, and it wants them today. It is a small thing. The Bull God asks small things often, and remembers each one.	false
derpy_chd_ex_dem_tithe_derpy_amber_secondary	Sacrifice 30 Amber in the Zharr Exchange within 3 turns, or answer for it.	false
derpy_chd_ex_dem_hunger_derpy_amber_title	Hashut's Hunger: Amber	false
derpy_chd_ex_dem_hunger_derpy_amber_primary	Amber is prized by jewellers and wizards alike. Your chests of it have not gone unremarked. The altar wants 90, and it wants them today. This is more than the altar usually takes. It is also not phrased as a request.	false
derpy_chd_ex_dem_hunger_derpy_amber_secondary	Sacrifice 90 Amber in the Zharr Exchange within 3 turns, or answer for it.	false
derpy_chd_ex_dem_wrath_derpy_amber_title	The Bull God is Greedy: Amber	false
derpy_chd_ex_dem_wrath_derpy_amber_primary	Amber is prized by jewellers and wizards alike. Your chests of it have not gone unremarked. The altar wants 180, and it wants them today. This is not a tithe. Hashut has seen the hoard, and Hashut wants the hoard.	false
derpy_chd_ex_dem_wrath_derpy_amber_secondary	Sacrifice 180 Amber in the Zharr Exchange within 3 turns, or answer for it.	false
derpy_chd_ex_dem_tithe_derpy_black_lotus_title	The Tithe of Hashut: Black Lotus	false
derpy_chd_ex_dem_tithe_derpy_black_lotus_primary	Black lotus is sought by assassins and healers alike. Somebody knows exactly how many ounces you hold. The altar wants 30, and it wants them today. It is a small thing. The Bull God asks small things often, and remembers each one.	false
derpy_chd_ex_dem_tithe_derpy_black_lotus_secondary	Sacrifice 30 Black Lotus in the Zharr Exchange within 3 turns, or answer for it.	false
derpy_chd_ex_dem_hunger_derpy_black_lotus_title	Hashut's Hunger: Black Lotus	false
derpy_chd_ex_dem_hunger_derpy_black_lotus_primary	Black lotus is sought by assassins and healers alike. Somebody knows exactly how many ounces you hold. The altar wants 90, and it wants them today. This is more than the altar usually takes. It is also not phrased as a request.	false
derpy_chd_ex_dem_hunger_derpy_black_lotus_secondary	Sacrifice 90 Black Lotus in the Zharr Exchange within 3 turns, or answer for it.	false
derpy_chd_ex_dem_wrath_derpy_black_lotus_title	The Bull God is Greedy: Black Lotus	false
derpy_chd_ex_dem_wrath_derpy_black_lotus_primary	Black lotus is sought by assassins and healers alike. Somebody knows exactly how many ounces you hold. The altar wants 180, and it wants them today. This is not a tithe. Hashut has seen the hoard, and Hashut wants the hoard.	false
derpy_chd_ex_dem_wrath_derpy_black_lotus_secondary	Sacrifice 180 Black Lotus in the Zharr Exchange within 3 turns, or answer for it.	false
derpy_chd_ex_dem_tithe_derpy_blackpowder_title	The Tithe of Hashut: Blackpowder	false
derpy_chd_ex_dem_tithe_derpy_blackpowder_primary	Blackpowder is the cannon's bread. Your kegs are known, and so is how dry you are keeping them. The altar wants 30, and it wants them today. It is a small thing. The Bull God asks small things often, and remembers each one.	false
derpy_chd_ex_dem_tithe_derpy_blackpowder_secondary	Sacrifice 30 Blackpowder in the Zharr Exchange within 3 turns, or answer for it.	false
derpy_chd_ex_dem_hunger_derpy_blackpowder_title	Hashut's Hunger: Blackpowder	false
derpy_chd_ex_dem_hunger_derpy_blackpowder_primary	Blackpowder is the cannon's bread. Your kegs are known, and so is how dry you are keeping them. The altar wants 90, and it wants them today. This is more than the altar usually takes. It is also not phrased as a request.	false
derpy_chd_ex_dem_hunger_derpy_blackpowder_secondary	Sacrifice 90 Blackpowder in the Zharr Exchange within 3 turns, or answer for it.	false
derpy_chd_ex_dem_wrath_derpy_blackpowder_title	The Bull God is Greedy: Blackpowder	false
derpy_chd_ex_dem_wrath_derpy_blackpowder_primary	Blackpowder is the cannon's bread. Your kegs are known, and so is how dry you are keeping them. The altar wants 180, and it wants them today. This is not a tithe. Hashut has seen the hoard, and Hashut wants the hoard.	false
derpy_chd_ex_dem_wrath_derpy_blackpowder_secondary	Sacrifice 180 Blackpowder in the Zharr Exchange within 3 turns, or answer for it.	false
derpy_chd_ex_dem_tithe_derpy_books_title	The Tithe of Hashut: Books	false
derpy_chd_ex_dem_tithe_derpy_books_primary	Books are knowledge, and knowledge is owed. Your crates of them have been catalogued by somebody else. The altar wants 30, and it wants them today. It is a small thing. The Bull God asks small things often, and remembers each one.	false
derpy_chd_ex_dem_tithe_derpy_books_secondary	Sacrifice 30 Books in the Zharr Exchange within 3 turns, or answer for it.	false
derpy_chd_ex_dem_hunger_derpy_books_title	Hashut's Hunger: Books	false
derpy_chd_ex_dem_hunger_derpy_books_primary	Books are knowledge, and knowledge is owed. Your crates of them have been catalogued by somebody else. The altar wants 90, and it wants them today. This is more than the altar usually takes. It is also not phrased as a request.	false
derpy_chd_ex_dem_hunger_derpy_books_secondary	Sacrifice 90 Books in the Zharr Exchange within 3 turns, or answer for it.	false
derpy_chd_ex_dem_wrath_derpy_books_title	The Bull God is Greedy: Books	false
derpy_chd_ex_dem_wrath_derpy_books_primary	Books are knowledge, and knowledge is owed. Your crates of them have been catalogued by somebody else. The altar wants 180, and it wants them today. This is not a tithe. Hashut has seen the hoard, and Hashut wants the hoard.	false
derpy_chd_ex_dem_wrath_derpy_books_secondary	Sacrifice 180 Books in the Zharr Exchange within 3 turns, or answer for it.	false
derpy_chd_ex_dem_tithe_derpy_brass_title	The Tithe of Hashut: Brass	false
derpy_chd_ex_dem_tithe_derpy_brass_primary	Brass is cast for gears, guns and idols. Your ingots are written into a ledger that is not yours. The altar wants 30, and it wants them today. It is a small thing. The Bull God asks small things often, and remembers each one.	false
derpy_chd_ex_dem_tithe_derpy_brass_secondary	Sacrifice 30 Brass in the Zharr Exchange within 3 turns, or answer for it.	false
derpy_chd_ex_dem_hunger_derpy_brass_title	Hashut's Hunger: Brass	false
derpy_chd_ex_dem_hunger_derpy_brass_primary	Brass is cast for gears, guns and idols. Your ingots are written into a ledger that is not yours. The altar wants 90, and it wants them today. This is more than the altar usually takes. It is also not phrased as a request.	false
derpy_chd_ex_dem_hunger_derpy_brass_secondary	Sacrifice 90 Brass in the Zharr Exchange within 3 turns, or answer for it.	false
derpy_chd_ex_dem_wrath_derpy_brass_title	The Bull God is Greedy: Brass	false
derpy_chd_ex_dem_wrath_derpy_brass_primary	Brass is cast for gears, guns and idols. Your ingots are written into a ledger that is not yours. The altar wants 180, and it wants them today. This is not a tithe. Hashut has seen the hoard, and Hashut wants the hoard.	false
derpy_chd_ex_dem_wrath_derpy_brass_secondary	Sacrifice 180 Brass in the Zharr Exchange within 3 turns, or answer for it.	false
derpy_chd_ex_dem_tithe_derpy_brimstone_title	The Tithe of Hashut: Brimstone	false
derpy_chd_ex_dem_tithe_derpy_brimstone_primary	Brimstone feeds the furnace and the powder mill both. Your sacks of it have not gone unnoticed. The altar wants 30, and it wants them today. It is a small thing. The Bull God asks small things often, and remembers each one.	false
derpy_chd_ex_dem_tithe_derpy_brimstone_secondary	Sacrifice 30 Brimstone in the Zharr Exchange within 3 turns, or answer for it.	false
derpy_chd_ex_dem_hunger_derpy_brimstone_title	Hashut's Hunger: Brimstone	false
derpy_chd_ex_dem_hunger_derpy_brimstone_primary	Brimstone feeds the furnace and the powder mill both. Your sacks of it have not gone unnoticed. The altar wants 90, and it wants them today. This is more than the altar usually takes. It is also not phrased as a request.	false
derpy_chd_ex_dem_hunger_derpy_brimstone_secondary	Sacrifice 90 Brimstone in the Zharr Exchange within 3 turns, or answer for it.	false
derpy_chd_ex_dem_wrath_derpy_brimstone_title	The Bull God is Greedy: Brimstone	false
derpy_chd_ex_dem_wrath_derpy_brimstone_primary	Brimstone feeds the furnace and the powder mill both. Your sacks of it have not gone unnoticed. The altar wants 180, and it wants them today. This is not a tithe. Hashut has seen the hoard, and Hashut wants the hoard.	false
derpy_chd_ex_dem_wrath_derpy_brimstone_secondary	Sacrifice 180 Brimstone in the Zharr Exchange within 3 turns, or answer for it.	false
derpy_chd_ex_dem_tithe_derpy_carpets_title	The Tithe of Hashut: Arabyan Carpets	false
derpy_chd_ex_dem_tithe_derpy_carpets_primary	Arabyan carpets are knotted in patterns older than the Empire. Your rolls have been unrolled and priced. The altar wants 30, and it wants them today. It is a small thing. The Bull God asks small things often, and remembers each one.	false
derpy_chd_ex_dem_tithe_derpy_carpets_secondary	Sacrifice 30 Arabyan Carpets in the Zharr Exchange within 3 turns, or answer for it.	false
derpy_chd_ex_dem_hunger_derpy_carpets_title	Hashut's Hunger: Arabyan Carpets	false
derpy_chd_ex_dem_hunger_derpy_carpets_primary	Arabyan carpets are knotted in patterns older than the Empire. Your rolls have been unrolled and priced. The altar wants 90, and it wants them today. This is more than the altar usually takes. It is also not phrased as a request.	false
derpy_chd_ex_dem_hunger_derpy_carpets_secondary	Sacrifice 90 Arabyan Carpets in the Zharr Exchange within 3 turns, or answer for it.	false
derpy_chd_ex_dem_wrath_derpy_carpets_title	The Bull God is Greedy: Arabyan Carpets	false
derpy_chd_ex_dem_wrath_derpy_carpets_primary	Arabyan carpets are knotted in patterns older than the Empire. Your rolls have been unrolled and priced. The altar wants 180, and it wants them today. This is not a tithe. Hashut has seen the hoard, and Hashut wants the hoard.	false
derpy_chd_ex_dem_wrath_derpy_carpets_secondary	Sacrifice 180 Arabyan Carpets in the Zharr Exchange within 3 turns, or answer for it.	false
derpy_chd_ex_dem_tithe_derpy_coal_title	The Tithe of Hashut: Coal	false
derpy_chd_ex_dem_tithe_derpy_coal_primary	Every forge and furnace burns coal. Yours is stacked in sacks while other fires go hungry. The altar wants 30, and it wants them today. It is a small thing. The Bull God asks small things often, and remembers each one.	false
derpy_chd_ex_dem_tithe_derpy_coal_secondary	Sacrifice 30 Coal in the Zharr Exchange within 3 turns, or answer for it.	false
derpy_chd_ex_dem_hunger_derpy_coal_title	Hashut's Hunger: Coal	false
derpy_chd_ex_dem_hunger_derpy_coal_primary	Every forge and furnace burns coal. Yours is stacked in sacks while other fires go hungry. The altar wants 90, and it wants them today. This is more than the altar usually takes. It is also not phrased as a request.	false
derpy_chd_ex_dem_hunger_derpy_coal_secondary	Sacrifice 90 Coal in the Zharr Exchange within 3 turns, or answer for it.	false
derpy_chd_ex_dem_wrath_derpy_coal_title	The Bull God is Greedy: Coal	false
derpy_chd_ex_dem_wrath_derpy_coal_primary	Every forge and furnace burns coal. Yours is stacked in sacks while other fires go hungry. The altar wants 180, and it wants them today. This is not a tithe. Hashut has seen the hoard, and Hashut wants the hoard.	false
derpy_chd_ex_dem_wrath_derpy_coal_secondary	Sacrifice 180 Coal in the Zharr Exchange within 3 turns, or answer for it.	false
derpy_chd_ex_dem_tithe_derpy_dragon_bone_title	The Tithe of Hashut: Dragon Bone	false
derpy_chd_ex_dem_tithe_derpy_dragon_bone_primary	Dragon bone grows rarer every century. Your crates of it are a matter of record. The altar wants 30, and it wants them today. It is a small thing. The Bull God asks small things often, and remembers each one.	false
derpy_chd_ex_dem_tithe_derpy_dragon_bone_secondary	Sacrifice 30 Dragon Bone in the Zharr Exchange within 3 turns, or answer for it.	false
derpy_chd_ex_dem_hunger_derpy_dragon_bone_title	Hashut's Hunger: Dragon Bone	false
derpy_chd_ex_dem_hunger_derpy_dragon_bone_primary	Dragon bone grows rarer every century. Your crates of it are a matter of record. The altar wants 90, and it wants them today. This is more than the altar usually takes. It is also not phrased as a request.	false
derpy_chd_ex_dem_hunger_derpy_dragon_bone_secondary	Sacrifice 90 Dragon Bone in the Zharr Exchange within 3 turns, or answer for it.	false
derpy_chd_ex_dem_wrath_derpy_dragon_bone_title	The Bull God is Greedy: Dragon Bone	false
derpy_chd_ex_dem_wrath_derpy_dragon_bone_primary	Dragon bone grows rarer every century. Your crates of it are a matter of record. The altar wants 180, and it wants them today. This is not a tithe. Hashut has seen the hoard, and Hashut wants the hoard.	false
derpy_chd_ex_dem_wrath_derpy_dragon_bone_secondary	Sacrifice 180 Dragon Bone in the Zharr Exchange within 3 turns, or answer for it.	false
derpy_chd_ex_dem_tithe_derpy_feathers_title	The Tithe of Hashut: Griffon and Pegasus Feathers	false
derpy_chd_ex_dem_tithe_derpy_feathers_primary	Griffon and pegasus feathers are gathered from the high eyries at some risk. Your bundles have been counted. The altar wants 30, and it wants them today. It is a small thing. The Bull God asks small things often, and remembers each one.	false
derpy_chd_ex_dem_tithe_derpy_feathers_secondary	Sacrifice 30 Griffon and Pegasus Feathers in the Zharr Exchange within 3 turns, or answer for it.	false
derpy_chd_ex_dem_hunger_derpy_feathers_title	Hashut's Hunger: Griffon and Pegasus Feathers	false
derpy_chd_ex_dem_hunger_derpy_feathers_primary	Griffon and pegasus feathers are gathered from the high eyries at some risk. Your bundles have been counted. The altar wants 90, and it wants them today. This is more than the altar usually takes. It is also not phrased as a request.	false
derpy_chd_ex_dem_hunger_derpy_feathers_secondary	Sacrifice 90 Griffon and Pegasus Feathers in the Zharr Exchange within 3 turns, or answer for it.	false
derpy_chd_ex_dem_wrath_derpy_feathers_title	The Bull God is Greedy: Griffon and Pegasus Feathers	false
derpy_chd_ex_dem_wrath_derpy_feathers_primary	Griffon and pegasus feathers are gathered from the high eyries at some risk. Your bundles have been counted. The altar wants 180, and it wants them today. This is not a tithe. Hashut has seen the hoard, and Hashut wants the hoard.	false
derpy_chd_ex_dem_wrath_derpy_feathers_secondary	Sacrifice 180 Griffon and Pegasus Feathers in the Zharr Exchange within 3 turns, or answer for it.	false
derpy_chd_ex_dem_tithe_derpy_glassware_title	The Tithe of Hashut: Glassware	false
derpy_chd_ex_dem_tithe_derpy_glassware_primary	Fine glass is easily broken and dearly bought. Your crates of it have been counted, carefully. The altar wants 30, and it wants them today. It is a small thing. The Bull God asks small things often, and remembers each one.	false
derpy_chd_ex_dem_tithe_derpy_glassware_secondary	Sacrifice 30 Glassware in the Zharr Exchange within 3 turns, or answer for it.	false
derpy_chd_ex_dem_hunger_derpy_glassware_title	Hashut's Hunger: Glassware	false
derpy_chd_ex_dem_hunger_derpy_glassware_primary	Fine glass is easily broken and dearly bought. Your crates of it have been counted, carefully. The altar wants 90, and it wants them today. This is more than the altar usually takes. It is also not phrased as a request.	false
derpy_chd_ex_dem_hunger_derpy_glassware_secondary	Sacrifice 90 Glassware in the Zharr Exchange within 3 turns, or answer for it.	false
derpy_chd_ex_dem_wrath_derpy_glassware_title	The Bull God is Greedy: Glassware	false
derpy_chd_ex_dem_wrath_derpy_glassware_primary	Fine glass is easily broken and dearly bought. Your crates of it have been counted, carefully. The altar wants 180, and it wants them today. This is not a tithe. Hashut has seen the hoard, and Hashut wants the hoard.	false
derpy_chd_ex_dem_wrath_derpy_glassware_secondary	Sacrifice 180 Glassware in the Zharr Exchange within 3 turns, or answer for it.	false
derpy_chd_ex_dem_tithe_derpy_grain_title	The Tithe of Hashut: Grain	false
derpy_chd_ex_dem_tithe_derpy_grain_primary	Grain is bread for the cities and fodder for the armies. Your granaries are full while others are not. The altar wants 30, and it wants them today. It is a small thing. The Bull God asks small things often, and remembers each one.	false
derpy_chd_ex_dem_tithe_derpy_grain_secondary	Sacrifice 30 Grain in the Zharr Exchange within 3 turns, or answer for it.	false
derpy_chd_ex_dem_hunger_derpy_grain_title	Hashut's Hunger: Grain	false
derpy_chd_ex_dem_hunger_derpy_grain_primary	Grain is bread for the cities and fodder for the armies. Your granaries are full while others are not. The altar wants 90, and it wants them today. This is more than the altar usually takes. It is also not phrased as a request.	false
derpy_chd_ex_dem_hunger_derpy_grain_secondary	Sacrifice 90 Grain in the Zharr Exchange within 3 turns, or answer for it.	false
derpy_chd_ex_dem_wrath_derpy_grain_title	The Bull God is Greedy: Grain	false
derpy_chd_ex_dem_wrath_derpy_grain_primary	Grain is bread for the cities and fodder for the armies. Your granaries are full while others are not. The altar wants 180, and it wants them today. This is not a tithe. Hashut has seen the hoard, and Hashut wants the hoard.	false
derpy_chd_ex_dem_wrath_derpy_grain_secondary	Sacrifice 180 Grain in the Zharr Exchange within 3 turns, or answer for it.	false
derpy_chd_ex_dem_tithe_derpy_gromril_title	The Tithe of Hashut: Gromril	false
derpy_chd_ex_dem_tithe_derpy_gromril_primary	Gromril is the hardest metal there is and the scarcest. Nobody has forgotten that you hold some. The altar wants 30, and it wants them today. It is a small thing. The Bull God asks small things often, and remembers each one.	false
derpy_chd_ex_dem_tithe_derpy_gromril_secondary	Sacrifice 30 Gromril in the Zharr Exchange within 3 turns, or answer for it.	false
derpy_chd_ex_dem_hunger_derpy_gromril_title	Hashut's Hunger: Gromril	false
derpy_chd_ex_dem_hunger_derpy_gromril_primary	Gromril is the hardest metal there is and the scarcest. Nobody has forgotten that you hold some. The altar wants 90, and it wants them today. This is more than the altar usually takes. It is also not phrased as a request.	false
derpy_chd_ex_dem_hunger_derpy_gromril_secondary	Sacrifice 90 Gromril in the Zharr Exchange within 3 turns, or answer for it.	false
derpy_chd_ex_dem_wrath_derpy_gromril_title	The Bull God is Greedy: Gromril	false
derpy_chd_ex_dem_wrath_derpy_gromril_primary	Gromril is the hardest metal there is and the scarcest. Nobody has forgotten that you hold some. The altar wants 180, and it wants them today. This is not a tithe. Hashut has seen the hoard, and Hashut wants the hoard.	false
derpy_chd_ex_dem_wrath_derpy_gromril_secondary	Sacrifice 180 Gromril in the Zharr Exchange within 3 turns, or answer for it.	false
derpy_chd_ex_dem_tithe_derpy_incense_title	The Tithe of Hashut: Incense	false
derpy_chd_ex_dem_tithe_derpy_incense_primary	Incense burns in every temple and every tomb. Your sacks of it can be smelled from the street. The altar wants 30, and it wants them today. It is a small thing. The Bull God asks small things often, and remembers each one.	false
derpy_chd_ex_dem_tithe_derpy_incense_secondary	Sacrifice 30 Incense in the Zharr Exchange within 3 turns, or answer for it.	false
derpy_chd_ex_dem_hunger_derpy_incense_title	Hashut's Hunger: Incense	false
derpy_chd_ex_dem_hunger_derpy_incense_primary	Incense burns in every temple and every tomb. Your sacks of it can be smelled from the street. The altar wants 90, and it wants them today. This is more than the altar usually takes. It is also not phrased as a request.	false
derpy_chd_ex_dem_hunger_derpy_incense_secondary	Sacrifice 90 Incense in the Zharr Exchange within 3 turns, or answer for it.	false
derpy_chd_ex_dem_wrath_derpy_incense_title	The Bull God is Greedy: Incense	false
derpy_chd_ex_dem_wrath_derpy_incense_primary	Incense burns in every temple and every tomb. Your sacks of it can be smelled from the street. The altar wants 180, and it wants them today. This is not a tithe. Hashut has seen the hoard, and Hashut wants the hoard.	false
derpy_chd_ex_dem_wrath_derpy_incense_secondary	Sacrifice 180 Incense in the Zharr Exchange within 3 turns, or answer for it.	false
derpy_chd_ex_dem_tithe_derpy_ithilmar_title	The Tithe of Hashut: Ithilmar	false
derpy_chd_ex_dem_tithe_derpy_ithilmar_primary	Ithilmar is found in one land only, and every ingot outside it is accounted for. Yours included. The altar wants 30, and it wants them today. It is a small thing. The Bull God asks small things often, and remembers each one.	false
derpy_chd_ex_dem_tithe_derpy_ithilmar_secondary	Sacrifice 30 Ithilmar in the Zharr Exchange within 3 turns, or answer for it.	false
derpy_chd_ex_dem_hunger_derpy_ithilmar_title	Hashut's Hunger: Ithilmar	false
derpy_chd_ex_dem_hunger_derpy_ithilmar_primary	Ithilmar is found in one land only, and every ingot outside it is accounted for. Yours included. The altar wants 90, and it wants them today. This is more than the altar usually takes. It is also not phrased as a request.	false
derpy_chd_ex_dem_hunger_derpy_ithilmar_secondary	Sacrifice 90 Ithilmar in the Zharr Exchange within 3 turns, or answer for it.	false
derpy_chd_ex_dem_wrath_derpy_ithilmar_title	The Bull God is Greedy: Ithilmar	false
derpy_chd_ex_dem_wrath_derpy_ithilmar_primary	Ithilmar is found in one land only, and every ingot outside it is accounted for. Yours included. The altar wants 180, and it wants them today. This is not a tithe. Hashut has seen the hoard, and Hashut wants the hoard.	false
derpy_chd_ex_dem_wrath_derpy_ithilmar_secondary	Sacrifice 180 Ithilmar in the Zharr Exchange within 3 turns, or answer for it.	false
derpy_chd_ex_dem_tithe_derpy_jade_title	The Tithe of Hashut: Jade	false
derpy_chd_ex_dem_tithe_derpy_jade_primary	Jade is carved into charms, seals and statues. Your slabs of it are on a list. The altar wants 30, and it wants them today. It is a small thing. The Bull God asks small things often, and remembers each one.	false
derpy_chd_ex_dem_tithe_derpy_jade_secondary	Sacrifice 30 Jade in the Zharr Exchange within 3 turns, or answer for it.	false
derpy_chd_ex_dem_hunger_derpy_jade_title	Hashut's Hunger: Jade	false
derpy_chd_ex_dem_hunger_derpy_jade_primary	Jade is carved into charms, seals and statues. Your slabs of it are on a list. The altar wants 90, and it wants them today. This is more than the altar usually takes. It is also not phrased as a request.	false
derpy_chd_ex_dem_hunger_derpy_jade_secondary	Sacrifice 90 Jade in the Zharr Exchange within 3 turns, or answer for it.	false
derpy_chd_ex_dem_wrath_derpy_jade_title	The Bull God is Greedy: Jade	false
derpy_chd_ex_dem_wrath_derpy_jade_primary	Jade is carved into charms, seals and statues. Your slabs of it are on a list. The altar wants 180, and it wants them today. This is not a tithe. Hashut has seen the hoard, and Hashut wants the hoard.	false
derpy_chd_ex_dem_wrath_derpy_jade_secondary	Sacrifice 180 Jade in the Zharr Exchange within 3 turns, or answer for it.	false
derpy_chd_ex_dem_tithe_derpy_kvas_title	The Tithe of Hashut: Kvas	false
derpy_chd_ex_dem_tithe_derpy_kvas_primary	Every stanitsa keeps a barrel of kvas. Yours are fuller than most, and that has been noticed. The altar wants 30, and it wants them today. It is a small thing. The Bull God asks small things often, and remembers each one.	false
derpy_chd_ex_dem_tithe_derpy_kvas_secondary	Sacrifice 30 Kvas in the Zharr Exchange within 3 turns, or answer for it.	false
derpy_chd_ex_dem_hunger_derpy_kvas_title	Hashut's Hunger: Kvas	false
derpy_chd_ex_dem_hunger_derpy_kvas_primary	Every stanitsa keeps a barrel of kvas. Yours are fuller than most, and that has been noticed. The altar wants 90, and it wants them today. This is more than the altar usually takes. It is also not phrased as a request.	false
derpy_chd_ex_dem_hunger_derpy_kvas_secondary	Sacrifice 90 Kvas in the Zharr Exchange within 3 turns, or answer for it.	false
derpy_chd_ex_dem_wrath_derpy_kvas_title	The Bull God is Greedy: Kvas	false
derpy_chd_ex_dem_wrath_derpy_kvas_primary	Every stanitsa keeps a barrel of kvas. Yours are fuller than most, and that has been noticed. The altar wants 180, and it wants them today. This is not a tithe. Hashut has seen the hoard, and Hashut wants the hoard.	false
derpy_chd_ex_dem_wrath_derpy_kvas_secondary	Sacrifice 180 Kvas in the Zharr Exchange within 3 turns, or answer for it.	false
derpy_chd_ex_dem_tithe_derpy_lustrian_plumes_title	The Tithe of Hashut: Lustrian Plumes	false
derpy_chd_ex_dem_tithe_derpy_lustrian_plumes_primary	Lustrian plumes are worth their weight in gold at court. Yours have been counted feather by feather. The altar wants 30, and it wants them today. It is a small thing. The Bull God asks small things often, and remembers each one.	false
derpy_chd_ex_dem_tithe_derpy_lustrian_plumes_secondary	Sacrifice 30 Lustrian Plumes in the Zharr Exchange within 3 turns, or answer for it.	false
derpy_chd_ex_dem_hunger_derpy_lustrian_plumes_title	Hashut's Hunger: Lustrian Plumes	false
derpy_chd_ex_dem_hunger_derpy_lustrian_plumes_primary	Lustrian plumes are worth their weight in gold at court. Yours have been counted feather by feather. The altar wants 90, and it wants them today. This is more than the altar usually takes. It is also not phrased as a request.	false
derpy_chd_ex_dem_hunger_derpy_lustrian_plumes_secondary	Sacrifice 90 Lustrian Plumes in the Zharr Exchange within 3 turns, or answer for it.	false
derpy_chd_ex_dem_wrath_derpy_lustrian_plumes_title	The Bull God is Greedy: Lustrian Plumes	false
derpy_chd_ex_dem_wrath_derpy_lustrian_plumes_primary	Lustrian plumes are worth their weight in gold at court. Yours have been counted feather by feather. The altar wants 180, and it wants them today. This is not a tithe. Hashut has seen the hoard, and Hashut wants the hoard.	false
derpy_chd_ex_dem_wrath_derpy_lustrian_plumes_secondary	Sacrifice 180 Lustrian Plumes in the Zharr Exchange within 3 turns, or answer for it.	false
derpy_chd_ex_dem_tithe_derpy_mead_title	The Tithe of Hashut: Mead	false
derpy_chd_ex_dem_tithe_derpy_mead_primary	Mead is drunk from horns before every raid. Your kegs have been counted by thirsty men. The altar wants 30, and it wants them today. It is a small thing. The Bull God asks small things often, and remembers each one.	false
derpy_chd_ex_dem_tithe_derpy_mead_secondary	Sacrifice 30 Mead in the Zharr Exchange within 3 turns, or answer for it.	false
derpy_chd_ex_dem_hunger_derpy_mead_title	Hashut's Hunger: Mead	false
derpy_chd_ex_dem_hunger_derpy_mead_primary	Mead is drunk from horns before every raid. Your kegs have been counted by thirsty men. The altar wants 90, and it wants them today. This is more than the altar usually takes. It is also not phrased as a request.	false
derpy_chd_ex_dem_hunger_derpy_mead_secondary	Sacrifice 90 Mead in the Zharr Exchange within 3 turns, or answer for it.	false
derpy_chd_ex_dem_wrath_derpy_mead_title	The Bull God is Greedy: Mead	false
derpy_chd_ex_dem_wrath_derpy_mead_primary	Mead is drunk from horns before every raid. Your kegs have been counted by thirsty men. The altar wants 180, and it wants them today. This is not a tithe. Hashut has seen the hoard, and Hashut wants the hoard.	false
derpy_chd_ex_dem_wrath_derpy_mead_secondary	Sacrifice 180 Mead in the Zharr Exchange within 3 turns, or answer for it.	false
derpy_chd_ex_dem_tithe_derpy_olive_oil_title	The Tithe of Hashut: Olive Oil	false
derpy_chd_ex_dem_tithe_derpy_olive_oil_primary	Olive oil lights the lamps and dresses the bread of the Middle Sea. Your barrels have been tallied. The altar wants 30, and it wants them today. It is a small thing. The Bull God asks small things often, and remembers each one.	false
derpy_chd_ex_dem_tithe_derpy_olive_oil_secondary	Sacrifice 30 Olive Oil in the Zharr Exchange within 3 turns, or answer for it.	false
derpy_chd_ex_dem_hunger_derpy_olive_oil_title	Hashut's Hunger: Olive Oil	false
derpy_chd_ex_dem_hunger_derpy_olive_oil_primary	Olive oil lights the lamps and dresses the bread of the Middle Sea. Your barrels have been tallied. The altar wants 90, and it wants them today. This is more than the altar usually takes. It is also not phrased as a request.	false
derpy_chd_ex_dem_hunger_derpy_olive_oil_secondary	Sacrifice 90 Olive Oil in the Zharr Exchange within 3 turns, or answer for it.	false
derpy_chd_ex_dem_wrath_derpy_olive_oil_title	The Bull God is Greedy: Olive Oil	false
derpy_chd_ex_dem_wrath_derpy_olive_oil_primary	Olive oil lights the lamps and dresses the bread of the Middle Sea. Your barrels have been tallied. The altar wants 180, and it wants them today. This is not a tithe. Hashut has seen the hoard, and Hashut wants the hoard.	false
derpy_chd_ex_dem_wrath_derpy_olive_oil_secondary	Sacrifice 180 Olive Oil in the Zharr Exchange within 3 turns, or answer for it.	false
derpy_chd_ex_dem_tithe_derpy_pearls_title	The Tithe of Hashut: Pearls	false
derpy_chd_ex_dem_tithe_derpy_pearls_primary	Pearls come up from the warm seas and go round the neck of anyone who can pay. Yours have been counted. The altar wants 30, and it wants them today. It is a small thing. The Bull God asks small things often, and remembers each one.	false
derpy_chd_ex_dem_tithe_derpy_pearls_secondary	Sacrifice 30 Pearls in the Zharr Exchange within 3 turns, or answer for it.	false
derpy_chd_ex_dem_hunger_derpy_pearls_title	Hashut's Hunger: Pearls	false
derpy_chd_ex_dem_hunger_derpy_pearls_primary	Pearls come up from the warm seas and go round the neck of anyone who can pay. Yours have been counted. The altar wants 90, and it wants them today. This is more than the altar usually takes. It is also not phrased as a request.	false
derpy_chd_ex_dem_hunger_derpy_pearls_secondary	Sacrifice 90 Pearls in the Zharr Exchange within 3 turns, or answer for it.	false
derpy_chd_ex_dem_wrath_derpy_pearls_title	The Bull God is Greedy: Pearls	false
derpy_chd_ex_dem_wrath_derpy_pearls_primary	Pearls come up from the warm seas and go round the neck of anyone who can pay. Yours have been counted. The altar wants 180, and it wants them today. This is not a tithe. Hashut has seen the hoard, and Hashut wants the hoard.	false
derpy_chd_ex_dem_wrath_derpy_pearls_secondary	Sacrifice 180 Pearls in the Zharr Exchange within 3 turns, or answer for it.	false
derpy_chd_ex_dem_tithe_derpy_pipeweed_title	The Tithe of Hashut: Pipeweed	false
derpy_chd_ex_dem_tithe_derpy_pipeweed_primary	Pipeweed is smoked in every tavern from Altdorf to Marienburg. Your bales are known to more than the tax-man. The altar wants 30, and it wants them today. It is a small thing. The Bull God asks small things often, and remembers each one.	false
derpy_chd_ex_dem_tithe_derpy_pipeweed_secondary	Sacrifice 30 Pipeweed in the Zharr Exchange within 3 turns, or answer for it.	false
derpy_chd_ex_dem_hunger_derpy_pipeweed_title	Hashut's Hunger: Pipeweed	false
derpy_chd_ex_dem_hunger_derpy_pipeweed_primary	Pipeweed is smoked in every tavern from Altdorf to Marienburg. Your bales are known to more than the tax-man. The altar wants 90, and it wants them today. This is more than the altar usually takes. It is also not phrased as a request.	false
derpy_chd_ex_dem_hunger_derpy_pipeweed_secondary	Sacrifice 90 Pipeweed in the Zharr Exchange within 3 turns, or answer for it.	false
derpy_chd_ex_dem_wrath_derpy_pipeweed_title	The Bull God is Greedy: Pipeweed	false
derpy_chd_ex_dem_wrath_derpy_pipeweed_primary	Pipeweed is smoked in every tavern from Altdorf to Marienburg. Your bales are known to more than the tax-man. The altar wants 180, and it wants them today. This is not a tithe. Hashut has seen the hoard, and Hashut wants the hoard.	false
derpy_chd_ex_dem_wrath_derpy_pipeweed_secondary	Sacrifice 180 Pipeweed in the Zharr Exchange within 3 turns, or answer for it.	false
derpy_chd_ex_dem_tithe_derpy_porcelain_title	The Tithe of Hashut: Porcelain	false
derpy_chd_ex_dem_tithe_derpy_porcelain_primary	Porcelain is fired in Cathay and treasured everywhere else. Your crates of it are on a list. The altar wants 30, and it wants them today. It is a small thing. The Bull God asks small things often, and remembers each one.	false
derpy_chd_ex_dem_tithe_derpy_porcelain_secondary	Sacrifice 30 Porcelain in the Zharr Exchange within 3 turns, or answer for it.	false
derpy_chd_ex_dem_hunger_derpy_porcelain_title	Hashut's Hunger: Porcelain	false
derpy_chd_ex_dem_hunger_derpy_porcelain_primary	Porcelain is fired in Cathay and treasured everywhere else. Your crates of it are on a list. The altar wants 90, and it wants them today. This is more than the altar usually takes. It is also not phrased as a request.	false
derpy_chd_ex_dem_hunger_derpy_porcelain_secondary	Sacrifice 90 Porcelain in the Zharr Exchange within 3 turns, or answer for it.	false
derpy_chd_ex_dem_wrath_derpy_porcelain_title	The Bull God is Greedy: Porcelain	false
derpy_chd_ex_dem_wrath_derpy_porcelain_primary	Porcelain is fired in Cathay and treasured everywhere else. Your crates of it are on a list. The altar wants 180, and it wants them today. This is not a tithe. Hashut has seen the hoard, and Hashut wants the hoard.	false
derpy_chd_ex_dem_wrath_derpy_porcelain_secondary	Sacrifice 180 Porcelain in the Zharr Exchange within 3 turns, or answer for it.	false
derpy_chd_ex_dem_tithe_derpy_quicksilver_title	The Tithe of Hashut: Quicksilver	false
derpy_chd_ex_dem_tithe_derpy_quicksilver_primary	Every alchemist and engineer wants quicksilver. Your flasks have been counted. The altar wants 30, and it wants them today. It is a small thing. The Bull God asks small things often, and remembers each one.	false
derpy_chd_ex_dem_tithe_derpy_quicksilver_secondary	Sacrifice 30 Quicksilver in the Zharr Exchange within 3 turns, or answer for it.	false
derpy_chd_ex_dem_hunger_derpy_quicksilver_title	Hashut's Hunger: Quicksilver	false
derpy_chd_ex_dem_hunger_derpy_quicksilver_primary	Every alchemist and engineer wants quicksilver. Your flasks have been counted. The altar wants 90, and it wants them today. This is more than the altar usually takes. It is also not phrased as a request.	false
derpy_chd_ex_dem_hunger_derpy_quicksilver_secondary	Sacrifice 90 Quicksilver in the Zharr Exchange within 3 turns, or answer for it.	false
derpy_chd_ex_dem_wrath_derpy_quicksilver_title	The Bull God is Greedy: Quicksilver	false
derpy_chd_ex_dem_wrath_derpy_quicksilver_primary	Every alchemist and engineer wants quicksilver. Your flasks have been counted. The altar wants 180, and it wants them today. This is not a tithe. Hashut has seen the hoard, and Hashut wants the hoard.	false
derpy_chd_ex_dem_wrath_derpy_quicksilver_secondary	Sacrifice 180 Quicksilver in the Zharr Exchange within 3 turns, or answer for it.	false
derpy_chd_ex_dem_tithe_derpy_rhinox_hides_title	The Tithe of Hashut: Rhinox Hides	false
derpy_chd_ex_dem_tithe_derpy_rhinox_hides_primary	Rhinox hide is tough enough to make armour of. Your stacks of it have been counted. The altar wants 30, and it wants them today. It is a small thing. The Bull God asks small things often, and remembers each one.	false
derpy_chd_ex_dem_tithe_derpy_rhinox_hides_secondary	Sacrifice 30 Rhinox Hides in the Zharr Exchange within 3 turns, or answer for it.	false
derpy_chd_ex_dem_hunger_derpy_rhinox_hides_title	Hashut's Hunger: Rhinox Hides	false
derpy_chd_ex_dem_hunger_derpy_rhinox_hides_primary	Rhinox hide is tough enough to make armour of. Your stacks of it have been counted. The altar wants 90, and it wants them today. This is more than the altar usually takes. It is also not phrased as a request.	false
derpy_chd_ex_dem_hunger_derpy_rhinox_hides_secondary	Sacrifice 90 Rhinox Hides in the Zharr Exchange within 3 turns, or answer for it.	false
derpy_chd_ex_dem_wrath_derpy_rhinox_hides_title	The Bull God is Greedy: Rhinox Hides	false
derpy_chd_ex_dem_wrath_derpy_rhinox_hides_primary	Rhinox hide is tough enough to make armour of. Your stacks of it have been counted. The altar wants 180, and it wants them today. This is not a tithe. Hashut has seen the hoard, and Hashut wants the hoard.	false
derpy_chd_ex_dem_wrath_derpy_rhinox_hides_secondary	Sacrifice 180 Rhinox Hides in the Zharr Exchange within 3 turns, or answer for it.	false
derpy_chd_ex_dem_tithe_derpy_rum_title	The Tithe of Hashut: Rum	false
derpy_chd_ex_dem_tithe_derpy_rum_primary	Rum keeps crews at sea and quiet ashore. Your kegs have been noticed by people who keep lists. The altar wants 30, and it wants them today. It is a small thing. The Bull God asks small things often, and remembers each one.	false
derpy_chd_ex_dem_tithe_derpy_rum_secondary	Sacrifice 30 Rum in the Zharr Exchange within 3 turns, or answer for it.	false
derpy_chd_ex_dem_hunger_derpy_rum_title	Hashut's Hunger: Rum	false
derpy_chd_ex_dem_hunger_derpy_rum_primary	Rum keeps crews at sea and quiet ashore. Your kegs have been noticed by people who keep lists. The altar wants 90, and it wants them today. This is more than the altar usually takes. It is also not phrased as a request.	false
derpy_chd_ex_dem_hunger_derpy_rum_secondary	Sacrifice 90 Rum in the Zharr Exchange within 3 turns, or answer for it.	false
derpy_chd_ex_dem_wrath_derpy_rum_title	The Bull God is Greedy: Rum	false
derpy_chd_ex_dem_wrath_derpy_rum_primary	Rum keeps crews at sea and quiet ashore. Your kegs have been noticed by people who keep lists. The altar wants 180, and it wants them today. This is not a tithe. Hashut has seen the hoard, and Hashut wants the hoard.	false
derpy_chd_ex_dem_wrath_derpy_rum_secondary	Sacrifice 180 Rum in the Zharr Exchange within 3 turns, or answer for it.	false
derpy_chd_ex_dem_tithe_derpy_salted_fish_title	The Tithe of Hashut: Salted Fish	false
derpy_chd_ex_dem_tithe_derpy_salted_fish_primary	Salted fish feeds sailors, soldiers and the poor through the lean months. Your barrels have been counted. The altar wants 30, and it wants them today. It is a small thing. The Bull God asks small things often, and remembers each one.	false
derpy_chd_ex_dem_tithe_derpy_salted_fish_secondary	Sacrifice 30 Salted Fish in the Zharr Exchange within 3 turns, or answer for it.	false
derpy_chd_ex_dem_hunger_derpy_salted_fish_title	Hashut's Hunger: Salted Fish	false
derpy_chd_ex_dem_hunger_derpy_salted_fish_primary	Salted fish feeds sailors, soldiers and the poor through the lean months. Your barrels have been counted. The altar wants 90, and it wants them today. This is more than the altar usually takes. It is also not phrased as a request.	false
derpy_chd_ex_dem_hunger_derpy_salted_fish_secondary	Sacrifice 90 Salted Fish in the Zharr Exchange within 3 turns, or answer for it.	false
derpy_chd_ex_dem_wrath_derpy_salted_fish_title	The Bull God is Greedy: Salted Fish	false
derpy_chd_ex_dem_wrath_derpy_salted_fish_primary	Salted fish feeds sailors, soldiers and the poor through the lean months. Your barrels have been counted. The altar wants 180, and it wants them today. This is not a tithe. Hashut has seen the hoard, and Hashut wants the hoard.	false
derpy_chd_ex_dem_wrath_derpy_salted_fish_secondary	Sacrifice 180 Salted Fish in the Zharr Exchange within 3 turns, or answer for it.	false
derpy_chd_ex_dem_tithe_derpy_salted_meat_title	The Tithe of Hashut: Salted Meat	false
derpy_chd_ex_dem_tithe_derpy_salted_meat_primary	Salted meat keeps, and armies march on it. Your barrels have been counted. The altar wants 30, and it wants them today. It is a small thing. The Bull God asks small things often, and remembers each one.	false
derpy_chd_ex_dem_tithe_derpy_salted_meat_secondary	Sacrifice 30 Salted Meat in the Zharr Exchange within 3 turns, or answer for it.	false
derpy_chd_ex_dem_hunger_derpy_salted_meat_title	Hashut's Hunger: Salted Meat	false
derpy_chd_ex_dem_hunger_derpy_salted_meat_primary	Salted meat keeps, and armies march on it. Your barrels have been counted. The altar wants 90, and it wants them today. This is more than the altar usually takes. It is also not phrased as a request.	false
derpy_chd_ex_dem_hunger_derpy_salted_meat_secondary	Sacrifice 90 Salted Meat in the Zharr Exchange within 3 turns, or answer for it.	false
derpy_chd_ex_dem_wrath_derpy_salted_meat_title	The Bull God is Greedy: Salted Meat	false
derpy_chd_ex_dem_wrath_derpy_salted_meat_primary	Salted meat keeps, and armies march on it. Your barrels have been counted. The altar wants 180, and it wants them today. This is not a tithe. Hashut has seen the hoard, and Hashut wants the hoard.	false
derpy_chd_ex_dem_wrath_derpy_salted_meat_secondary	Sacrifice 180 Salted Meat in the Zharr Exchange within 3 turns, or answer for it.	false
derpy_chd_ex_dem_tithe_derpy_sea_dragon_hide_title	The Tithe of Hashut: Sea Dragon Hide	false
derpy_chd_ex_dem_tithe_derpy_sea_dragon_hide_primary	Sea dragon hide turns a blade, and there is less of it every year. Somebody knows how much of it you hold. The altar wants 30, and it wants them today. It is a small thing. The Bull God asks small things often, and remembers each one.	false
derpy_chd_ex_dem_tithe_derpy_sea_dragon_hide_secondary	Sacrifice 30 Sea Dragon Hide in the Zharr Exchange within 3 turns, or answer for it.	false
derpy_chd_ex_dem_hunger_derpy_sea_dragon_hide_title	Hashut's Hunger: Sea Dragon Hide	false
derpy_chd_ex_dem_hunger_derpy_sea_dragon_hide_primary	Sea dragon hide turns a blade, and there is less of it every year. Somebody knows how much of it you hold. The altar wants 90, and it wants them today. This is more than the altar usually takes. It is also not phrased as a request.	false
derpy_chd_ex_dem_hunger_derpy_sea_dragon_hide_secondary	Sacrifice 90 Sea Dragon Hide in the Zharr Exchange within 3 turns, or answer for it.	false
derpy_chd_ex_dem_wrath_derpy_sea_dragon_hide_title	The Bull God is Greedy: Sea Dragon Hide	false
derpy_chd_ex_dem_wrath_derpy_sea_dragon_hide_primary	Sea dragon hide turns a blade, and there is less of it every year. Somebody knows how much of it you hold. The altar wants 180, and it wants them today. This is not a tithe. Hashut has seen the hoard, and Hashut wants the hoard.	false
derpy_chd_ex_dem_wrath_derpy_sea_dragon_hide_secondary	Sacrifice 180 Sea Dragon Hide in the Zharr Exchange within 3 turns, or answer for it.	false
derpy_chd_ex_dem_tithe_derpy_silk_title	The Tithe of Hashut: Silk	false
derpy_chd_ex_dem_tithe_derpy_silk_primary	Silk is what the Ivory Road carries west. Your bolts have been measured by somebody other than your factor. The altar wants 30, and it wants them today. It is a small thing. The Bull God asks small things often, and remembers each one.	false
derpy_chd_ex_dem_tithe_derpy_silk_secondary	Sacrifice 30 Silk in the Zharr Exchange within 3 turns, or answer for it.	false
derpy_chd_ex_dem_hunger_derpy_silk_title	Hashut's Hunger: Silk	false
derpy_chd_ex_dem_hunger_derpy_silk_primary	Silk is what the Ivory Road carries west. Your bolts have been measured by somebody other than your factor. The altar wants 90, and it wants them today. This is more than the altar usually takes. It is also not phrased as a request.	false
derpy_chd_ex_dem_hunger_derpy_silk_secondary	Sacrifice 90 Silk in the Zharr Exchange within 3 turns, or answer for it.	false
derpy_chd_ex_dem_wrath_derpy_silk_title	The Bull God is Greedy: Silk	false
derpy_chd_ex_dem_wrath_derpy_silk_primary	Silk is what the Ivory Road carries west. Your bolts have been measured by somebody other than your factor. The altar wants 180, and it wants them today. This is not a tithe. Hashut has seen the hoard, and Hashut wants the hoard.	false
derpy_chd_ex_dem_wrath_derpy_silk_secondary	Sacrifice 180 Silk in the Zharr Exchange within 3 turns, or answer for it.	false
derpy_chd_ex_dem_tithe_derpy_silver_title	The Tithe of Hashut: Silver	false
derpy_chd_ex_dem_tithe_derpy_silver_primary	Silver is coin, plate and a blade-edge against the dead. Your ingots have been weighed twice. The altar wants 30, and it wants them today. It is a small thing. The Bull God asks small things often, and remembers each one.	false
derpy_chd_ex_dem_tithe_derpy_silver_secondary	Sacrifice 30 Silver in the Zharr Exchange within 3 turns, or answer for it.	false
derpy_chd_ex_dem_hunger_derpy_silver_title	Hashut's Hunger: Silver	false
derpy_chd_ex_dem_hunger_derpy_silver_primary	Silver is coin, plate and a blade-edge against the dead. Your ingots have been weighed twice. The altar wants 90, and it wants them today. This is more than the altar usually takes. It is also not phrased as a request.	false
derpy_chd_ex_dem_hunger_derpy_silver_secondary	Sacrifice 90 Silver in the Zharr Exchange within 3 turns, or answer for it.	false
derpy_chd_ex_dem_wrath_derpy_silver_title	The Bull God is Greedy: Silver	false
derpy_chd_ex_dem_wrath_derpy_silver_primary	Silver is coin, plate and a blade-edge against the dead. Your ingots have been weighed twice. The altar wants 180, and it wants them today. This is not a tithe. Hashut has seen the hoard, and Hashut wants the hoard.	false
derpy_chd_ex_dem_wrath_derpy_silver_secondary	Sacrifice 180 Silver in the Zharr Exchange within 3 turns, or answer for it.	false
derpy_chd_ex_dem_tithe_derpy_starwood_title	The Tithe of Hashut: Starwood	false
derpy_chd_ex_dem_tithe_derpy_starwood_primary	Starwood is given by the trees of Athel Loren and never cut. That you hold any at all has been noticed. The altar wants 30, and it wants them today. It is a small thing. The Bull God asks small things often, and remembers each one.	false
derpy_chd_ex_dem_tithe_derpy_starwood_secondary	Sacrifice 30 Starwood in the Zharr Exchange within 3 turns, or answer for it.	false
derpy_chd_ex_dem_hunger_derpy_starwood_title	Hashut's Hunger: Starwood	false
derpy_chd_ex_dem_hunger_derpy_starwood_primary	Starwood is given by the trees of Athel Loren and never cut. That you hold any at all has been noticed. The altar wants 90, and it wants them today. This is more than the altar usually takes. It is also not phrased as a request.	false
derpy_chd_ex_dem_hunger_derpy_starwood_secondary	Sacrifice 90 Starwood in the Zharr Exchange within 3 turns, or answer for it.	false
derpy_chd_ex_dem_wrath_derpy_starwood_title	The Bull God is Greedy: Starwood	false
derpy_chd_ex_dem_wrath_derpy_starwood_primary	Starwood is given by the trees of Athel Loren and never cut. That you hold any at all has been noticed. The altar wants 180, and it wants them today. This is not a tithe. Hashut has seen the hoard, and Hashut wants the hoard.	false
derpy_chd_ex_dem_wrath_derpy_starwood_secondary	Sacrifice 180 Starwood in the Zharr Exchange within 3 turns, or answer for it.	false
derpy_chd_ex_dem_tithe_derpy_tea_title	The Tithe of Hashut: Tea	false
derpy_chd_ex_dem_tithe_derpy_tea_primary	Tea is poured at every audience worth attending. Your chests of it have been weighed. The altar wants 30, and it wants them today. It is a small thing. The Bull God asks small things often, and remembers each one.	false
derpy_chd_ex_dem_tithe_derpy_tea_secondary	Sacrifice 30 Tea in the Zharr Exchange within 3 turns, or answer for it.	false
derpy_chd_ex_dem_hunger_derpy_tea_title	Hashut's Hunger: Tea	false
derpy_chd_ex_dem_hunger_derpy_tea_primary	Tea is poured at every audience worth attending. Your chests of it have been weighed. The altar wants 90, and it wants them today. This is more than the altar usually takes. It is also not phrased as a request.	false
derpy_chd_ex_dem_hunger_derpy_tea_secondary	Sacrifice 90 Tea in the Zharr Exchange within 3 turns, or answer for it.	false
derpy_chd_ex_dem_wrath_derpy_tea_title	The Bull God is Greedy: Tea	false
derpy_chd_ex_dem_wrath_derpy_tea_primary	Tea is poured at every audience worth attending. Your chests of it have been weighed. The altar wants 180, and it wants them today. This is not a tithe. Hashut has seen the hoard, and Hashut wants the hoard.	false
derpy_chd_ex_dem_wrath_derpy_tea_secondary	Sacrifice 180 Tea in the Zharr Exchange within 3 turns, or answer for it.	false
derpy_chd_ex_dem_tithe_derpy_warhorses_title	The Tithe of Hashut: Warhorses	false
derpy_chd_ex_dem_tithe_derpy_warhorses_primary	A warhorse eats every day it is not ridden. Your stables are full, and the count has been taken. The altar wants 30, and it wants them today. It is a small thing. The Bull God asks small things often, and remembers each one.	false
derpy_chd_ex_dem_tithe_derpy_warhorses_secondary	Sacrifice 30 Warhorses in the Zharr Exchange within 3 turns, or answer for it.	false
derpy_chd_ex_dem_hunger_derpy_warhorses_title	Hashut's Hunger: Warhorses	false
derpy_chd_ex_dem_hunger_derpy_warhorses_primary	A warhorse eats every day it is not ridden. Your stables are full, and the count has been taken. The altar wants 90, and it wants them today. This is more than the altar usually takes. It is also not phrased as a request.	false
derpy_chd_ex_dem_hunger_derpy_warhorses_secondary	Sacrifice 90 Warhorses in the Zharr Exchange within 3 turns, or answer for it.	false
derpy_chd_ex_dem_wrath_derpy_warhorses_title	The Bull God is Greedy: Warhorses	false
derpy_chd_ex_dem_wrath_derpy_warhorses_primary	A warhorse eats every day it is not ridden. Your stables are full, and the count has been taken. The altar wants 180, and it wants them today. This is not a tithe. Hashut has seen the hoard, and Hashut wants the hoard.	false
derpy_chd_ex_dem_wrath_derpy_warhorses_secondary	Sacrifice 180 Warhorses in the Zharr Exchange within 3 turns, or answer for it.	false
derpy_chd_ex_dem_tithe_derpy_whale_oil_title	The Tithe of Hashut: Whale Oil	false
derpy_chd_ex_dem_tithe_derpy_whale_oil_primary	Lamp oil burns in every hall that can afford the light. Yours is sitting in barrels in the dark. The altar wants 30, and it wants them today. It is a small thing. The Bull God asks small things often, and remembers each one.	false
derpy_chd_ex_dem_tithe_derpy_whale_oil_secondary	Sacrifice 30 Whale Oil in the Zharr Exchange within 3 turns, or answer for it.	false
derpy_chd_ex_dem_hunger_derpy_whale_oil_title	Hashut's Hunger: Whale Oil	false
derpy_chd_ex_dem_hunger_derpy_whale_oil_primary	Lamp oil burns in every hall that can afford the light. Yours is sitting in barrels in the dark. The altar wants 90, and it wants them today. This is more than the altar usually takes. It is also not phrased as a request.	false
derpy_chd_ex_dem_hunger_derpy_whale_oil_secondary	Sacrifice 90 Whale Oil in the Zharr Exchange within 3 turns, or answer for it.	false
derpy_chd_ex_dem_wrath_derpy_whale_oil_title	The Bull God is Greedy: Whale Oil	false
derpy_chd_ex_dem_wrath_derpy_whale_oil_primary	Lamp oil burns in every hall that can afford the light. Yours is sitting in barrels in the dark. The altar wants 180, and it wants them today. This is not a tithe. Hashut has seen the hoard, and Hashut wants the hoard.	false
derpy_chd_ex_dem_wrath_derpy_whale_oil_secondary	Sacrifice 180 Whale Oil in the Zharr Exchange within 3 turns, or answer for it.	false
derpy_chd_ex_dem_tithe_derpy_wool_title	The Tithe of Hashut: Wool	false
derpy_chd_ex_dem_tithe_derpy_wool_primary	Wool is spun and woven in every town. Your bales are stacked to the rafters and somebody has climbed up to count them. The altar wants 30, and it wants them today. It is a small thing. The Bull God asks small things often, and remembers each one.	false
derpy_chd_ex_dem_tithe_derpy_wool_secondary	Sacrifice 30 Wool in the Zharr Exchange within 3 turns, or answer for it.	false
derpy_chd_ex_dem_hunger_derpy_wool_title	Hashut's Hunger: Wool	false
derpy_chd_ex_dem_hunger_derpy_wool_primary	Wool is spun and woven in every town. Your bales are stacked to the rafters and somebody has climbed up to count them. The altar wants 90, and it wants them today. This is more than the altar usually takes. It is also not phrased as a request.	false
derpy_chd_ex_dem_hunger_derpy_wool_secondary	Sacrifice 90 Wool in the Zharr Exchange within 3 turns, or answer for it.	false
derpy_chd_ex_dem_wrath_derpy_wool_title	The Bull God is Greedy: Wool	false
derpy_chd_ex_dem_wrath_derpy_wool_primary	Wool is spun and woven in every town. Your bales are stacked to the rafters and somebody has climbed up to count them. The altar wants 180, and it wants them today. This is not a tithe. Hashut has seen the hoard, and Hashut wants the hoard.	false
derpy_chd_ex_dem_wrath_derpy_wool_secondary	Sacrifice 180 Wool in the Zharr Exchange within 3 turns, or answer for it.	false
derpy_chd_ex_dem_tithe_derpy_wyvern_scales_title	The Tithe of Hashut: Wyvern Scales	false
derpy_chd_ex_dem_tithe_derpy_wyvern_scales_primary	Wyvern scales are taken at great cost from the nesting peaks. Yours have been counted. The altar wants 30, and it wants them today. It is a small thing. The Bull God asks small things often, and remembers each one.	false
derpy_chd_ex_dem_tithe_derpy_wyvern_scales_secondary	Sacrifice 30 Wyvern Scales in the Zharr Exchange within 3 turns, or answer for it.	false
derpy_chd_ex_dem_hunger_derpy_wyvern_scales_title	Hashut's Hunger: Wyvern Scales	false
derpy_chd_ex_dem_hunger_derpy_wyvern_scales_primary	Wyvern scales are taken at great cost from the nesting peaks. Yours have been counted. The altar wants 90, and it wants them today. This is more than the altar usually takes. It is also not phrased as a request.	false
derpy_chd_ex_dem_hunger_derpy_wyvern_scales_secondary	Sacrifice 90 Wyvern Scales in the Zharr Exchange within 3 turns, or answer for it.	false
derpy_chd_ex_dem_wrath_derpy_wyvern_scales_title	The Bull God is Greedy: Wyvern Scales	false
derpy_chd_ex_dem_wrath_derpy_wyvern_scales_primary	Wyvern scales are taken at great cost from the nesting peaks. Yours have been counted. The altar wants 180, and it wants them today. This is not a tithe. Hashut has seen the hoard, and Hashut wants the hoard.	false
derpy_chd_ex_dem_wrath_derpy_wyvern_scales_secondary	Sacrifice 180 Wyvern Scales in the Zharr Exchange within 3 turns, or answer for it.	false
derpy_chd_ex_dem_paid_title	The Offering Accepted	false
derpy_chd_ex_dem_paid_primary	The goods went into the altar fires before the priests had finished counting.	false
derpy_chd_ex_dem_paid_secondary	Hashut is content, for a while.	false
derpy_chd_ex_dem_wrath_title	The Tithe Unpaid	false
derpy_chd_ex_dem_wrath_primary	The altar stayed cold. The priests closed their ledgers and went to report it.	false
derpy_chd_ex_dem_wrath_secondary	Hashut takes what he is owed in other coin.	false
derpy_chd_ex_cth_dem_tithe_animals_title	The Assessment: Exotic Animals	false
derpy_chd_ex_cth_dem_tithe_animals_primary	Beasts crossing the Wall require a permit for each animal. The Court holds your permits, or rather, the Court holds the absence of them. The Court requires 30, and requires them today. A small levy, correctly filed. The Bureaucracy files everything and forgets nothing.	false
derpy_chd_ex_cth_dem_tithe_animals_secondary	Sacrifice 30 Exotic Animals in the Ivory Road within 3 turns, or answer for it.	false
derpy_chd_ex_cth_dem_hunger_animals_title	Revised Assessment: Exotic Animals	false
derpy_chd_ex_cth_dem_hunger_animals_primary	Beasts crossing the Wall require a permit for each animal. The Court holds your permits, or rather, the Court holds the absence of them. The Court requires 90, and requires them today. The assessment has been adjusted upward. You were not consulted, as is proper.	false
derpy_chd_ex_cth_dem_hunger_animals_secondary	Sacrifice 90 Exotic Animals in the Ivory Road within 3 turns, or answer for it.	false
derpy_chd_ex_cth_dem_wrath_animals_title	Court Requisition: Exotic Animals	false
derpy_chd_ex_cth_dem_wrath_animals_primary	Beasts crossing the Wall require a permit for each animal. The Court holds your permits, or rather, the Court holds the absence of them. The Court requires 180, and requires them today. This is no longer an assessment. The Court has read your ledgers and finds them out of harmony.	false
derpy_chd_ex_cth_dem_wrath_animals_secondary	Sacrifice 180 Exotic Animals in the Ivory Road within 3 turns, or answer for it.	false
derpy_chd_ex_cth_dem_tithe_dyes_title	The Assessment: Dyes	false
derpy_chd_ex_cth_dem_tithe_dyes_primary	The Court's silks are dyed to a standard set four hundred years ago. The standard has not moved. Your dyes have. The Court requires 30, and requires them today. A small levy, correctly filed. The Bureaucracy files everything and forgets nothing.	false
derpy_chd_ex_cth_dem_tithe_dyes_secondary	Sacrifice 30 Dyes in the Ivory Road within 3 turns, or answer for it.	false
derpy_chd_ex_cth_dem_hunger_dyes_title	Revised Assessment: Dyes	false
derpy_chd_ex_cth_dem_hunger_dyes_primary	The Court's silks are dyed to a standard set four hundred years ago. The standard has not moved. Your dyes have. The Court requires 90, and requires them today. The assessment has been adjusted upward. You were not consulted, as is proper.	false
derpy_chd_ex_cth_dem_hunger_dyes_secondary	Sacrifice 90 Dyes in the Ivory Road within 3 turns, or answer for it.	false
derpy_chd_ex_cth_dem_wrath_dyes_title	Court Requisition: Dyes	false
derpy_chd_ex_cth_dem_wrath_dyes_primary	The Court's silks are dyed to a standard set four hundred years ago. The standard has not moved. Your dyes have. The Court requires 180, and requires them today. This is no longer an assessment. The Court has read your ledgers and finds them out of harmony.	false
derpy_chd_ex_cth_dem_wrath_dyes_secondary	Sacrifice 180 Dyes in the Ivory Road within 3 turns, or answer for it.	false
derpy_chd_ex_cth_dem_tithe_gems_title	The Assessment: Gemstones	false
derpy_chd_ex_cth_dem_tithe_gems_primary	Jade is counted by the Court, and everything that is not jade is counted twice as a precaution. Your gemstones have been counted twice. The Court requires 30, and requires them today. A small levy, correctly filed. The Bureaucracy files everything and forgets nothing.	false
derpy_chd_ex_cth_dem_tithe_gems_secondary	Sacrifice 30 Gemstones in the Ivory Road within 3 turns, or answer for it.	false
derpy_chd_ex_cth_dem_hunger_gems_title	Revised Assessment: Gemstones	false
derpy_chd_ex_cth_dem_hunger_gems_primary	Jade is counted by the Court, and everything that is not jade is counted twice as a precaution. Your gemstones have been counted twice. The Court requires 90, and requires them today. The assessment has been adjusted upward. You were not consulted, as is proper.	false
derpy_chd_ex_cth_dem_hunger_gems_secondary	Sacrifice 90 Gemstones in the Ivory Road within 3 turns, or answer for it.	false
derpy_chd_ex_cth_dem_wrath_gems_title	Court Requisition: Gemstones	false
derpy_chd_ex_cth_dem_wrath_gems_primary	Jade is counted by the Court, and everything that is not jade is counted twice as a precaution. Your gemstones have been counted twice. The Court requires 180, and requires them today. This is no longer an assessment. The Court has read your ledgers and finds them out of harmony.	false
derpy_chd_ex_cth_dem_wrath_gems_secondary	Sacrifice 180 Gemstones in the Ivory Road within 3 turns, or answer for it.	false
derpy_chd_ex_cth_dem_tithe_gold_idols_title	The Assessment: Golden Idols	false
derpy_chd_ex_cth_dem_tithe_gold_idols_primary	Foreign idols are permitted for study and not for storage. The distinction is subtle, and the Court has made it in writing. The Court requires 30, and requires them today. A small levy, correctly filed. The Bureaucracy files everything and forgets nothing.	false
derpy_chd_ex_cth_dem_tithe_gold_idols_secondary	Sacrifice 30 Golden Idols in the Ivory Road within 3 turns, or answer for it.	false
derpy_chd_ex_cth_dem_hunger_gold_idols_title	Revised Assessment: Golden Idols	false
derpy_chd_ex_cth_dem_hunger_gold_idols_primary	Foreign idols are permitted for study and not for storage. The distinction is subtle, and the Court has made it in writing. The Court requires 90, and requires them today. The assessment has been adjusted upward. You were not consulted, as is proper.	false
derpy_chd_ex_cth_dem_hunger_gold_idols_secondary	Sacrifice 90 Golden Idols in the Ivory Road within 3 turns, or answer for it.	false
derpy_chd_ex_cth_dem_wrath_gold_idols_title	Court Requisition: Golden Idols	false
derpy_chd_ex_cth_dem_wrath_gold_idols_primary	Foreign idols are permitted for study and not for storage. The distinction is subtle, and the Court has made it in writing. The Court requires 180, and requires them today. This is no longer an assessment. The Court has read your ledgers and finds them out of harmony.	false
derpy_chd_ex_cth_dem_wrath_gold_idols_secondary	Sacrifice 180 Golden Idols in the Ivory Road within 3 turns, or answer for it.	false
derpy_chd_ex_cth_dem_tithe_ivory_title	The Assessment: Tusks	false
derpy_chd_ex_cth_dem_tithe_ivory_primary	Tusk is a controlled good on the Ivory Road, which is named for it. The irony has been noted in the file. The Court requires 30, and requires them today. A small levy, correctly filed. The Bureaucracy files everything and forgets nothing.	false
derpy_chd_ex_cth_dem_tithe_ivory_secondary	Sacrifice 30 Tusks in the Ivory Road within 3 turns, or answer for it.	false
derpy_chd_ex_cth_dem_hunger_ivory_title	Revised Assessment: Tusks	false
derpy_chd_ex_cth_dem_hunger_ivory_primary	Tusk is a controlled good on the Ivory Road, which is named for it. The irony has been noted in the file. The Court requires 90, and requires them today. The assessment has been adjusted upward. You were not consulted, as is proper.	false
derpy_chd_ex_cth_dem_hunger_ivory_secondary	Sacrifice 90 Tusks in the Ivory Road within 3 turns, or answer for it.	false
derpy_chd_ex_cth_dem_wrath_ivory_title	Court Requisition: Tusks	false
derpy_chd_ex_cth_dem_wrath_ivory_primary	Tusk is a controlled good on the Ivory Road, which is named for it. The irony has been noted in the file. The Court requires 180, and requires them today. This is no longer an assessment. The Court has read your ledgers and finds them out of harmony.	false
derpy_chd_ex_cth_dem_wrath_ivory_secondary	Sacrifice 180 Tusks in the Ivory Road within 3 turns, or answer for it.	false
derpy_chd_ex_cth_dem_tithe_medicine_title	The Assessment: Medicinal Plants	false
derpy_chd_ex_cth_dem_tithe_medicine_primary	The plague wards at Nan Gau are rationing. The Bureaucracy has calculated precisely how long your stores would end that, and has written the number down. The Court requires 30, and requires them today. A small levy, correctly filed. The Bureaucracy files everything and forgets nothing.	false
derpy_chd_ex_cth_dem_tithe_medicine_secondary	Sacrifice 30 Medicinal Plants in the Ivory Road within 3 turns, or answer for it.	false
derpy_chd_ex_cth_dem_hunger_medicine_title	Revised Assessment: Medicinal Plants	false
derpy_chd_ex_cth_dem_hunger_medicine_primary	The plague wards at Nan Gau are rationing. The Bureaucracy has calculated precisely how long your stores would end that, and has written the number down. The Court requires 90, and requires them today. The assessment has been adjusted upward. You were not consulted, as is proper.	false
derpy_chd_ex_cth_dem_hunger_medicine_secondary	Sacrifice 90 Medicinal Plants in the Ivory Road within 3 turns, or answer for it.	false
derpy_chd_ex_cth_dem_wrath_medicine_title	Court Requisition: Medicinal Plants	false
derpy_chd_ex_cth_dem_wrath_medicine_primary	The plague wards at Nan Gau are rationing. The Bureaucracy has calculated precisely how long your stores would end that, and has written the number down. The Court requires 180, and requires them today. This is no longer an assessment. The Court has read your ledgers and finds them out of harmony.	false
derpy_chd_ex_cth_dem_wrath_medicine_secondary	Sacrifice 180 Medicinal Plants in the Ivory Road within 3 turns, or answer for it.	false
derpy_chd_ex_cth_dem_tithe_obsidian_title	The Assessment: Carved Obsidian	false
derpy_chd_ex_cth_dem_tithe_obsidian_primary	Carved obsidian is classified under ritual goods and requires a seal you do not hold. The Court is willing to regard this as an oversight, once. The Court requires 30, and requires them today. A small levy, correctly filed. The Bureaucracy files everything and forgets nothing.	false
derpy_chd_ex_cth_dem_tithe_obsidian_secondary	Sacrifice 30 Carved Obsidian in the Ivory Road within 3 turns, or answer for it.	false
derpy_chd_ex_cth_dem_hunger_obsidian_title	Revised Assessment: Carved Obsidian	false
derpy_chd_ex_cth_dem_hunger_obsidian_primary	Carved obsidian is classified under ritual goods and requires a seal you do not hold. The Court is willing to regard this as an oversight, once. The Court requires 90, and requires them today. The assessment has been adjusted upward. You were not consulted, as is proper.	false
derpy_chd_ex_cth_dem_hunger_obsidian_secondary	Sacrifice 90 Carved Obsidian in the Ivory Road within 3 turns, or answer for it.	false
derpy_chd_ex_cth_dem_wrath_obsidian_title	Court Requisition: Carved Obsidian	false
derpy_chd_ex_cth_dem_wrath_obsidian_primary	Carved obsidian is classified under ritual goods and requires a seal you do not hold. The Court is willing to regard this as an oversight, once. The Court requires 180, and requires them today. This is no longer an assessment. The Court has read your ledgers and finds them out of harmony.	false
derpy_chd_ex_cth_dem_wrath_obsidian_secondary	Sacrifice 180 Carved Obsidian in the Ivory Road within 3 turns, or answer for it.	false
derpy_chd_ex_cth_dem_tithe_rom_furs_title	The Assessment: Furs	false
derpy_chd_ex_cth_dem_tithe_rom_furs_primary	The northern garrisons are cold and the requisition was approved eleven months ago. The clerks have found where it stopped. The Court requires 30, and requires them today. A small levy, correctly filed. The Bureaucracy files everything and forgets nothing.	false
derpy_chd_ex_cth_dem_tithe_rom_furs_secondary	Sacrifice 30 Furs in the Ivory Road within 3 turns, or answer for it.	false
derpy_chd_ex_cth_dem_hunger_rom_furs_title	Revised Assessment: Furs	false
derpy_chd_ex_cth_dem_hunger_rom_furs_primary	The northern garrisons are cold and the requisition was approved eleven months ago. The clerks have found where it stopped. The Court requires 90, and requires them today. The assessment has been adjusted upward. You were not consulted, as is proper.	false
derpy_chd_ex_cth_dem_hunger_rom_furs_secondary	Sacrifice 90 Furs in the Ivory Road within 3 turns, or answer for it.	false
derpy_chd_ex_cth_dem_wrath_rom_furs_title	Court Requisition: Furs	false
derpy_chd_ex_cth_dem_wrath_rom_furs_primary	The northern garrisons are cold and the requisition was approved eleven months ago. The clerks have found where it stopped. The Court requires 180, and requires them today. This is no longer an assessment. The Court has read your ledgers and finds them out of harmony.	false
derpy_chd_ex_cth_dem_wrath_rom_furs_secondary	Sacrifice 180 Furs in the Ivory Road within 3 turns, or answer for it.	false
derpy_chd_ex_cth_dem_tithe_rom_glass_title	The Assessment: Dwarf Beer	false
derpy_chd_ex_cth_dem_tithe_rom_glass_primary	Dwarf beer crossed the border under a tariff schedule that does not exist. The Bureaucracy proposes to resolve the irregularity by taking the beer. The Court requires 30, and requires them today. A small levy, correctly filed. The Bureaucracy files everything and forgets nothing.	false
derpy_chd_ex_cth_dem_tithe_rom_glass_secondary	Sacrifice 30 Dwarf Beer in the Ivory Road within 3 turns, or answer for it.	false
derpy_chd_ex_cth_dem_hunger_rom_glass_title	Revised Assessment: Dwarf Beer	false
derpy_chd_ex_cth_dem_hunger_rom_glass_primary	Dwarf beer crossed the border under a tariff schedule that does not exist. The Bureaucracy proposes to resolve the irregularity by taking the beer. The Court requires 90, and requires them today. The assessment has been adjusted upward. You were not consulted, as is proper.	false
derpy_chd_ex_cth_dem_hunger_rom_glass_secondary	Sacrifice 90 Dwarf Beer in the Ivory Road within 3 turns, or answer for it.	false
derpy_chd_ex_cth_dem_wrath_rom_glass_title	Court Requisition: Dwarf Beer	false
derpy_chd_ex_cth_dem_wrath_rom_glass_primary	Dwarf beer crossed the border under a tariff schedule that does not exist. The Bureaucracy proposes to resolve the irregularity by taking the beer. The Court requires 180, and requires them today. This is no longer an assessment. The Court has read your ledgers and finds them out of harmony.	false
derpy_chd_ex_cth_dem_wrath_rom_glass_secondary	Sacrifice 180 Dwarf Beer in the Ivory Road within 3 turns, or answer for it.	false
derpy_chd_ex_cth_dem_tithe_rom_iron_title	The Assessment: Iron	false
derpy_chd_ex_cth_dem_tithe_rom_iron_primary	The Ministry of Works has reconciled the foundry returns against the caravan manifests. It wishes to discuss the difference, which is in your stores. The Court requires 30, and requires them today. A small levy, correctly filed. The Bureaucracy files everything and forgets nothing.	false
derpy_chd_ex_cth_dem_tithe_rom_iron_secondary	Sacrifice 30 Iron in the Ivory Road within 3 turns, or answer for it.	false
derpy_chd_ex_cth_dem_hunger_rom_iron_title	Revised Assessment: Iron	false
derpy_chd_ex_cth_dem_hunger_rom_iron_primary	The Ministry of Works has reconciled the foundry returns against the caravan manifests. It wishes to discuss the difference, which is in your stores. The Court requires 90, and requires them today. The assessment has been adjusted upward. You were not consulted, as is proper.	false
derpy_chd_ex_cth_dem_hunger_rom_iron_secondary	Sacrifice 90 Iron in the Ivory Road within 3 turns, or answer for it.	false
derpy_chd_ex_cth_dem_wrath_rom_iron_title	Court Requisition: Iron	false
derpy_chd_ex_cth_dem_wrath_rom_iron_primary	The Ministry of Works has reconciled the foundry returns against the caravan manifests. It wishes to discuss the difference, which is in your stores. The Court requires 180, and requires them today. This is no longer an assessment. The Court has read your ledgers and finds them out of harmony.	false
derpy_chd_ex_cth_dem_wrath_rom_iron_secondary	Sacrifice 180 Iron in the Ivory Road within 3 turns, or answer for it.	false
derpy_chd_ex_cth_dem_tithe_rom_lead_title	The Assessment: Salt	false
derpy_chd_ex_cth_dem_tithe_rom_lead_primary	Salt has been a state monopoly since the Dragon Emperor's first ledger. Your holdings are therefore, technically, the state's. The Court requires 30, and requires them today. A small levy, correctly filed. The Bureaucracy files everything and forgets nothing.	false
derpy_chd_ex_cth_dem_tithe_rom_lead_secondary	Sacrifice 30 Salt in the Ivory Road within 3 turns, or answer for it.	false
derpy_chd_ex_cth_dem_hunger_rom_lead_title	Revised Assessment: Salt	false
derpy_chd_ex_cth_dem_hunger_rom_lead_primary	Salt has been a state monopoly since the Dragon Emperor's first ledger. Your holdings are therefore, technically, the state's. The Court requires 90, and requires them today. The assessment has been adjusted upward. You were not consulted, as is proper.	false
derpy_chd_ex_cth_dem_hunger_rom_lead_secondary	Sacrifice 90 Salt in the Ivory Road within 3 turns, or answer for it.	false
derpy_chd_ex_cth_dem_wrath_rom_lead_title	Court Requisition: Salt	false
derpy_chd_ex_cth_dem_wrath_rom_lead_primary	Salt has been a state monopoly since the Dragon Emperor's first ledger. Your holdings are therefore, technically, the state's. The Court requires 180, and requires them today. This is no longer an assessment. The Court has read your ledgers and finds them out of harmony.	false
derpy_chd_ex_cth_dem_wrath_rom_lead_secondary	Sacrifice 180 Salt in the Ivory Road within 3 turns, or answer for it.	false
derpy_chd_ex_cth_dem_tithe_rom_marble_title	The Assessment: Marble	false
derpy_chd_ex_cth_dem_tithe_rom_marble_primary	Three pavilions on the Ivory Road stand unfinished. The stone was requisitioned, dispatched and never delivered, and the clerks have traced it as far as your warehouse. The Court requires 30, and requires them today. A small levy, correctly filed. The Bureaucracy files everything and forgets nothing.	false
derpy_chd_ex_cth_dem_tithe_rom_marble_secondary	Sacrifice 30 Marble in the Ivory Road within 3 turns, or answer for it.	false
derpy_chd_ex_cth_dem_hunger_rom_marble_title	Revised Assessment: Marble	false
derpy_chd_ex_cth_dem_hunger_rom_marble_primary	Three pavilions on the Ivory Road stand unfinished. The stone was requisitioned, dispatched and never delivered, and the clerks have traced it as far as your warehouse. The Court requires 90, and requires them today. The assessment has been adjusted upward. You were not consulted, as is proper.	false
derpy_chd_ex_cth_dem_hunger_rom_marble_secondary	Sacrifice 90 Marble in the Ivory Road within 3 turns, or answer for it.	false
derpy_chd_ex_cth_dem_wrath_rom_marble_title	Court Requisition: Marble	false
derpy_chd_ex_cth_dem_wrath_rom_marble_primary	Three pavilions on the Ivory Road stand unfinished. The stone was requisitioned, dispatched and never delivered, and the clerks have traced it as far as your warehouse. The Court requires 180, and requires them today. This is no longer an assessment. The Court has read your ledgers and finds them out of harmony.	false
derpy_chd_ex_cth_dem_wrath_rom_marble_secondary	Sacrifice 180 Marble in the Ivory Road within 3 turns, or answer for it.	false
derpy_chd_ex_cth_dem_tithe_rom_textiles_title	The Assessment: Pottery	false
derpy_chd_ex_cth_dem_tithe_rom_textiles_primary	Pottery is taxed by weight and yours has not been weighed. An inspector is available, or the goods may simply be surrendered. The Court requires 30, and requires them today. A small levy, correctly filed. The Bureaucracy files everything and forgets nothing.	false
derpy_chd_ex_cth_dem_tithe_rom_textiles_secondary	Sacrifice 30 Pottery in the Ivory Road within 3 turns, or answer for it.	false
derpy_chd_ex_cth_dem_hunger_rom_textiles_title	Revised Assessment: Pottery	false
derpy_chd_ex_cth_dem_hunger_rom_textiles_primary	Pottery is taxed by weight and yours has not been weighed. An inspector is available, or the goods may simply be surrendered. The Court requires 90, and requires them today. The assessment has been adjusted upward. You were not consulted, as is proper.	false
derpy_chd_ex_cth_dem_hunger_rom_textiles_secondary	Sacrifice 90 Pottery in the Ivory Road within 3 turns, or answer for it.	false
derpy_chd_ex_cth_dem_wrath_rom_textiles_title	Court Requisition: Pottery	false
derpy_chd_ex_cth_dem_wrath_rom_textiles_primary	Pottery is taxed by weight and yours has not been weighed. An inspector is available, or the goods may simply be surrendered. The Court requires 180, and requires them today. This is no longer an assessment. The Court has read your ledgers and finds them out of harmony.	false
derpy_chd_ex_cth_dem_wrath_rom_textiles_secondary	Sacrifice 180 Pottery in the Ivory Road within 3 turns, or answer for it.	false
derpy_chd_ex_cth_dem_tithe_rom_timber_title	The Assessment: Timber	false
derpy_chd_ex_cth_dem_tithe_rom_timber_primary	The Wall consumes timber the way the Bureaucracy consumes paper. Your holdings are noted in both ledgers. The Court requires 30, and requires them today. A small levy, correctly filed. The Bureaucracy files everything and forgets nothing.	false
derpy_chd_ex_cth_dem_tithe_rom_timber_secondary	Sacrifice 30 Timber in the Ivory Road within 3 turns, or answer for it.	false
derpy_chd_ex_cth_dem_hunger_rom_timber_title	Revised Assessment: Timber	false
derpy_chd_ex_cth_dem_hunger_rom_timber_primary	The Wall consumes timber the way the Bureaucracy consumes paper. Your holdings are noted in both ledgers. The Court requires 90, and requires them today. The assessment has been adjusted upward. You were not consulted, as is proper.	false
derpy_chd_ex_cth_dem_hunger_rom_timber_secondary	Sacrifice 90 Timber in the Ivory Road within 3 turns, or answer for it.	false
derpy_chd_ex_cth_dem_wrath_rom_timber_title	Court Requisition: Timber	false
derpy_chd_ex_cth_dem_wrath_rom_timber_primary	The Wall consumes timber the way the Bureaucracy consumes paper. Your holdings are noted in both ledgers. The Court requires 180, and requires them today. This is no longer an assessment. The Court has read your ledgers and finds them out of harmony.	false
derpy_chd_ex_cth_dem_wrath_rom_timber_secondary	Sacrifice 180 Timber in the Ivory Road within 3 turns, or answer for it.	false
derpy_chd_ex_cth_dem_tithe_rom_wine_title	The Assessment: Wine	false
derpy_chd_ex_cth_dem_tithe_rom_wine_primary	The autumn banquets require a grade of wine the Court no longer receives. An inspector has visited your cellars and written a very courteous report. The Court requires 30, and requires them today. A small levy, correctly filed. The Bureaucracy files everything and forgets nothing.	false
derpy_chd_ex_cth_dem_tithe_rom_wine_secondary	Sacrifice 30 Wine in the Ivory Road within 3 turns, or answer for it.	false
derpy_chd_ex_cth_dem_hunger_rom_wine_title	Revised Assessment: Wine	false
derpy_chd_ex_cth_dem_hunger_rom_wine_primary	The autumn banquets require a grade of wine the Court no longer receives. An inspector has visited your cellars and written a very courteous report. The Court requires 90, and requires them today. The assessment has been adjusted upward. You were not consulted, as is proper.	false
derpy_chd_ex_cth_dem_hunger_rom_wine_secondary	Sacrifice 90 Wine in the Ivory Road within 3 turns, or answer for it.	false
derpy_chd_ex_cth_dem_wrath_rom_wine_title	Court Requisition: Wine	false
derpy_chd_ex_cth_dem_wrath_rom_wine_primary	The autumn banquets require a grade of wine the Court no longer receives. An inspector has visited your cellars and written a very courteous report. The Court requires 180, and requires them today. This is no longer an assessment. The Court has read your ledgers and finds them out of harmony.	false
derpy_chd_ex_cth_dem_wrath_rom_wine_secondary	Sacrifice 180 Wine in the Ivory Road within 3 turns, or answer for it.	false
derpy_chd_ex_cth_dem_tithe_spices_title	The Assessment: Spices	false
derpy_chd_ex_cth_dem_tithe_spices_primary	The temple censers burn a blend that is now three ingredients short. Two of them are in your stores. The third is not your concern. The Court requires 30, and requires them today. A small levy, correctly filed. The Bureaucracy files everything and forgets nothing.	false
derpy_chd_ex_cth_dem_tithe_spices_secondary	Sacrifice 30 Spices in the Ivory Road within 3 turns, or answer for it.	false
derpy_chd_ex_cth_dem_hunger_spices_title	Revised Assessment: Spices	false
derpy_chd_ex_cth_dem_hunger_spices_primary	The temple censers burn a blend that is now three ingredients short. Two of them are in your stores. The third is not your concern. The Court requires 90, and requires them today. The assessment has been adjusted upward. You were not consulted, as is proper.	false
derpy_chd_ex_cth_dem_hunger_spices_secondary	Sacrifice 90 Spices in the Ivory Road within 3 turns, or answer for it.	false
derpy_chd_ex_cth_dem_wrath_spices_title	Court Requisition: Spices	false
derpy_chd_ex_cth_dem_wrath_spices_primary	The temple censers burn a blend that is now three ingredients short. Two of them are in your stores. The third is not your concern. The Court requires 180, and requires them today. This is no longer an assessment. The Court has read your ledgers and finds them out of harmony.	false
derpy_chd_ex_cth_dem_wrath_spices_secondary	Sacrifice 180 Spices in the Ivory Road within 3 turns, or answer for it.	false
derpy_chd_ex_cth_dem_tithe_trinkets_title	The Assessment: Elven Trinkets	false
derpy_chd_ex_cth_dem_tithe_trinkets_primary	Elven goods enter under a treaty of sixteen clauses. Your consignment satisfies fifteen of them. The Court requires 30, and requires them today. A small levy, correctly filed. The Bureaucracy files everything and forgets nothing.	false
derpy_chd_ex_cth_dem_tithe_trinkets_secondary	Sacrifice 30 Elven Trinkets in the Ivory Road within 3 turns, or answer for it.	false
derpy_chd_ex_cth_dem_hunger_trinkets_title	Revised Assessment: Elven Trinkets	false
derpy_chd_ex_cth_dem_hunger_trinkets_primary	Elven goods enter under a treaty of sixteen clauses. Your consignment satisfies fifteen of them. The Court requires 90, and requires them today. The assessment has been adjusted upward. You were not consulted, as is proper.	false
derpy_chd_ex_cth_dem_hunger_trinkets_secondary	Sacrifice 90 Elven Trinkets in the Ivory Road within 3 turns, or answer for it.	false
derpy_chd_ex_cth_dem_wrath_trinkets_title	Court Requisition: Elven Trinkets	false
derpy_chd_ex_cth_dem_wrath_trinkets_primary	Elven goods enter under a treaty of sixteen clauses. Your consignment satisfies fifteen of them. The Court requires 180, and requires them today. This is no longer an assessment. The Court has read your ledgers and finds them out of harmony.	false
derpy_chd_ex_cth_dem_wrath_trinkets_secondary	Sacrifice 180 Elven Trinkets in the Ivory Road within 3 turns, or answer for it.	false
derpy_chd_ex_cth_dem_tithe_derpy_amber_title	The Assessment: Amber	false
derpy_chd_ex_cth_dem_tithe_derpy_amber_primary	Amber is prized by jewellers and wizards alike. Your chests of it have not gone unremarked. The Court requires 30, and requires them today. A small levy, correctly filed. The Bureaucracy files everything and forgets nothing.	false
derpy_chd_ex_cth_dem_tithe_derpy_amber_secondary	Sacrifice 30 Amber in the Ivory Road within 3 turns, or answer for it.	false
derpy_chd_ex_cth_dem_hunger_derpy_amber_title	Revised Assessment: Amber	false
derpy_chd_ex_cth_dem_hunger_derpy_amber_primary	Amber is prized by jewellers and wizards alike. Your chests of it have not gone unremarked. The Court requires 90, and requires them today. The assessment has been adjusted upward. You were not consulted, as is proper.	false
derpy_chd_ex_cth_dem_hunger_derpy_amber_secondary	Sacrifice 90 Amber in the Ivory Road within 3 turns, or answer for it.	false
derpy_chd_ex_cth_dem_wrath_derpy_amber_title	Court Requisition: Amber	false
derpy_chd_ex_cth_dem_wrath_derpy_amber_primary	Amber is prized by jewellers and wizards alike. Your chests of it have not gone unremarked. The Court requires 180, and requires them today. This is no longer an assessment. The Court has read your ledgers and finds them out of harmony.	false
derpy_chd_ex_cth_dem_wrath_derpy_amber_secondary	Sacrifice 180 Amber in the Ivory Road within 3 turns, or answer for it.	false
derpy_chd_ex_cth_dem_tithe_derpy_black_lotus_title	The Assessment: Black Lotus	false
derpy_chd_ex_cth_dem_tithe_derpy_black_lotus_primary	Black lotus is sought by assassins and healers alike. Somebody knows exactly how many ounces you hold. The Court requires 30, and requires them today. A small levy, correctly filed. The Bureaucracy files everything and forgets nothing.	false
derpy_chd_ex_cth_dem_tithe_derpy_black_lotus_secondary	Sacrifice 30 Black Lotus in the Ivory Road within 3 turns, or answer for it.	false
derpy_chd_ex_cth_dem_hunger_derpy_black_lotus_title	Revised Assessment: Black Lotus	false
derpy_chd_ex_cth_dem_hunger_derpy_black_lotus_primary	Black lotus is sought by assassins and healers alike. Somebody knows exactly how many ounces you hold. The Court requires 90, and requires them today. The assessment has been adjusted upward. You were not consulted, as is proper.	false
derpy_chd_ex_cth_dem_hunger_derpy_black_lotus_secondary	Sacrifice 90 Black Lotus in the Ivory Road within 3 turns, or answer for it.	false
derpy_chd_ex_cth_dem_wrath_derpy_black_lotus_title	Court Requisition: Black Lotus	false
derpy_chd_ex_cth_dem_wrath_derpy_black_lotus_primary	Black lotus is sought by assassins and healers alike. Somebody knows exactly how many ounces you hold. The Court requires 180, and requires them today. This is no longer an assessment. The Court has read your ledgers and finds them out of harmony.	false
derpy_chd_ex_cth_dem_wrath_derpy_black_lotus_secondary	Sacrifice 180 Black Lotus in the Ivory Road within 3 turns, or answer for it.	false
derpy_chd_ex_cth_dem_tithe_derpy_blackpowder_title	The Assessment: Blackpowder	false
derpy_chd_ex_cth_dem_tithe_derpy_blackpowder_primary	Blackpowder is the cannon's bread. Your kegs are known, and so is how dry you are keeping them. The Court requires 30, and requires them today. A small levy, correctly filed. The Bureaucracy files everything and forgets nothing.	false
derpy_chd_ex_cth_dem_tithe_derpy_blackpowder_secondary	Sacrifice 30 Blackpowder in the Ivory Road within 3 turns, or answer for it.	false
derpy_chd_ex_cth_dem_hunger_derpy_blackpowder_title	Revised Assessment: Blackpowder	false
derpy_chd_ex_cth_dem_hunger_derpy_blackpowder_primary	Blackpowder is the cannon's bread. Your kegs are known, and so is how dry you are keeping them. The Court requires 90, and requires them today. The assessment has been adjusted upward. You were not consulted, as is proper.	false
derpy_chd_ex_cth_dem_hunger_derpy_blackpowder_secondary	Sacrifice 90 Blackpowder in the Ivory Road within 3 turns, or answer for it.	false
derpy_chd_ex_cth_dem_wrath_derpy_blackpowder_title	Court Requisition: Blackpowder	false
derpy_chd_ex_cth_dem_wrath_derpy_blackpowder_primary	Blackpowder is the cannon's bread. Your kegs are known, and so is how dry you are keeping them. The Court requires 180, and requires them today. This is no longer an assessment. The Court has read your ledgers and finds them out of harmony.	false
derpy_chd_ex_cth_dem_wrath_derpy_blackpowder_secondary	Sacrifice 180 Blackpowder in the Ivory Road within 3 turns, or answer for it.	false
derpy_chd_ex_cth_dem_tithe_derpy_books_title	The Assessment: Books	false
derpy_chd_ex_cth_dem_tithe_derpy_books_primary	Books are knowledge, and knowledge is owed. Your crates of them have been catalogued by somebody else. The Court requires 30, and requires them today. A small levy, correctly filed. The Bureaucracy files everything and forgets nothing.	false
derpy_chd_ex_cth_dem_tithe_derpy_books_secondary	Sacrifice 30 Books in the Ivory Road within 3 turns, or answer for it.	false
derpy_chd_ex_cth_dem_hunger_derpy_books_title	Revised Assessment: Books	false
derpy_chd_ex_cth_dem_hunger_derpy_books_primary	Books are knowledge, and knowledge is owed. Your crates of them have been catalogued by somebody else. The Court requires 90, and requires them today. The assessment has been adjusted upward. You were not consulted, as is proper.	false
derpy_chd_ex_cth_dem_hunger_derpy_books_secondary	Sacrifice 90 Books in the Ivory Road within 3 turns, or answer for it.	false
derpy_chd_ex_cth_dem_wrath_derpy_books_title	Court Requisition: Books	false
derpy_chd_ex_cth_dem_wrath_derpy_books_primary	Books are knowledge, and knowledge is owed. Your crates of them have been catalogued by somebody else. The Court requires 180, and requires them today. This is no longer an assessment. The Court has read your ledgers and finds them out of harmony.	false
derpy_chd_ex_cth_dem_wrath_derpy_books_secondary	Sacrifice 180 Books in the Ivory Road within 3 turns, or answer for it.	false
derpy_chd_ex_cth_dem_tithe_derpy_brass_title	The Assessment: Brass	false
derpy_chd_ex_cth_dem_tithe_derpy_brass_primary	Brass is cast for gears, guns and idols. Your ingots are written into a ledger that is not yours. The Court requires 30, and requires them today. A small levy, correctly filed. The Bureaucracy files everything and forgets nothing.	false
derpy_chd_ex_cth_dem_tithe_derpy_brass_secondary	Sacrifice 30 Brass in the Ivory Road within 3 turns, or answer for it.	false
derpy_chd_ex_cth_dem_hunger_derpy_brass_title	Revised Assessment: Brass	false
derpy_chd_ex_cth_dem_hunger_derpy_brass_primary	Brass is cast for gears, guns and idols. Your ingots are written into a ledger that is not yours. The Court requires 90, and requires them today. The assessment has been adjusted upward. You were not consulted, as is proper.	false
derpy_chd_ex_cth_dem_hunger_derpy_brass_secondary	Sacrifice 90 Brass in the Ivory Road within 3 turns, or answer for it.	false
derpy_chd_ex_cth_dem_wrath_derpy_brass_title	Court Requisition: Brass	false
derpy_chd_ex_cth_dem_wrath_derpy_brass_primary	Brass is cast for gears, guns and idols. Your ingots are written into a ledger that is not yours. The Court requires 180, and requires them today. This is no longer an assessment. The Court has read your ledgers and finds them out of harmony.	false
derpy_chd_ex_cth_dem_wrath_derpy_brass_secondary	Sacrifice 180 Brass in the Ivory Road within 3 turns, or answer for it.	false
derpy_chd_ex_cth_dem_tithe_derpy_brimstone_title	The Assessment: Brimstone	false
derpy_chd_ex_cth_dem_tithe_derpy_brimstone_primary	Brimstone feeds the furnace and the powder mill both. Your sacks of it have not gone unnoticed. The Court requires 30, and requires them today. A small levy, correctly filed. The Bureaucracy files everything and forgets nothing.	false
derpy_chd_ex_cth_dem_tithe_derpy_brimstone_secondary	Sacrifice 30 Brimstone in the Ivory Road within 3 turns, or answer for it.	false
derpy_chd_ex_cth_dem_hunger_derpy_brimstone_title	Revised Assessment: Brimstone	false
derpy_chd_ex_cth_dem_hunger_derpy_brimstone_primary	Brimstone feeds the furnace and the powder mill both. Your sacks of it have not gone unnoticed. The Court requires 90, and requires them today. The assessment has been adjusted upward. You were not consulted, as is proper.	false
derpy_chd_ex_cth_dem_hunger_derpy_brimstone_secondary	Sacrifice 90 Brimstone in the Ivory Road within 3 turns, or answer for it.	false
derpy_chd_ex_cth_dem_wrath_derpy_brimstone_title	Court Requisition: Brimstone	false
derpy_chd_ex_cth_dem_wrath_derpy_brimstone_primary	Brimstone feeds the furnace and the powder mill both. Your sacks of it have not gone unnoticed. The Court requires 180, and requires them today. This is no longer an assessment. The Court has read your ledgers and finds them out of harmony.	false
derpy_chd_ex_cth_dem_wrath_derpy_brimstone_secondary	Sacrifice 180 Brimstone in the Ivory Road within 3 turns, or answer for it.	false
derpy_chd_ex_cth_dem_tithe_derpy_carpets_title	The Assessment: Arabyan Carpets	false
derpy_chd_ex_cth_dem_tithe_derpy_carpets_primary	Arabyan carpets are knotted in patterns older than the Empire. Your rolls have been unrolled and priced. The Court requires 30, and requires them today. A small levy, correctly filed. The Bureaucracy files everything and forgets nothing.	false
derpy_chd_ex_cth_dem_tithe_derpy_carpets_secondary	Sacrifice 30 Arabyan Carpets in the Ivory Road within 3 turns, or answer for it.	false
derpy_chd_ex_cth_dem_hunger_derpy_carpets_title	Revised Assessment: Arabyan Carpets	false
derpy_chd_ex_cth_dem_hunger_derpy_carpets_primary	Arabyan carpets are knotted in patterns older than the Empire. Your rolls have been unrolled and priced. The Court requires 90, and requires them today. The assessment has been adjusted upward. You were not consulted, as is proper.	false
derpy_chd_ex_cth_dem_hunger_derpy_carpets_secondary	Sacrifice 90 Arabyan Carpets in the Ivory Road within 3 turns, or answer for it.	false
derpy_chd_ex_cth_dem_wrath_derpy_carpets_title	Court Requisition: Arabyan Carpets	false
derpy_chd_ex_cth_dem_wrath_derpy_carpets_primary	Arabyan carpets are knotted in patterns older than the Empire. Your rolls have been unrolled and priced. The Court requires 180, and requires them today. This is no longer an assessment. The Court has read your ledgers and finds them out of harmony.	false
derpy_chd_ex_cth_dem_wrath_derpy_carpets_secondary	Sacrifice 180 Arabyan Carpets in the Ivory Road within 3 turns, or answer for it.	false
derpy_chd_ex_cth_dem_tithe_derpy_coal_title	The Assessment: Coal	false
derpy_chd_ex_cth_dem_tithe_derpy_coal_primary	Every forge and furnace burns coal. Yours is stacked in sacks while other fires go hungry. The Court requires 30, and requires them today. A small levy, correctly filed. The Bureaucracy files everything and forgets nothing.	false
derpy_chd_ex_cth_dem_tithe_derpy_coal_secondary	Sacrifice 30 Coal in the Ivory Road within 3 turns, or answer for it.	false
derpy_chd_ex_cth_dem_hunger_derpy_coal_title	Revised Assessment: Coal	false
derpy_chd_ex_cth_dem_hunger_derpy_coal_primary	Every forge and furnace burns coal. Yours is stacked in sacks while other fires go hungry. The Court requires 90, and requires them today. The assessment has been adjusted upward. You were not consulted, as is proper.	false
derpy_chd_ex_cth_dem_hunger_derpy_coal_secondary	Sacrifice 90 Coal in the Ivory Road within 3 turns, or answer for it.	false
derpy_chd_ex_cth_dem_wrath_derpy_coal_title	Court Requisition: Coal	false
derpy_chd_ex_cth_dem_wrath_derpy_coal_primary	Every forge and furnace burns coal. Yours is stacked in sacks while other fires go hungry. The Court requires 180, and requires them today. This is no longer an assessment. The Court has read your ledgers and finds them out of harmony.	false
derpy_chd_ex_cth_dem_wrath_derpy_coal_secondary	Sacrifice 180 Coal in the Ivory Road within 3 turns, or answer for it.	false
derpy_chd_ex_cth_dem_tithe_derpy_dragon_bone_title	The Assessment: Dragon Bone	false
derpy_chd_ex_cth_dem_tithe_derpy_dragon_bone_primary	Dragon bone grows rarer every century. Your crates of it are a matter of record. The Court requires 30, and requires them today. A small levy, correctly filed. The Bureaucracy files everything and forgets nothing.	false
derpy_chd_ex_cth_dem_tithe_derpy_dragon_bone_secondary	Sacrifice 30 Dragon Bone in the Ivory Road within 3 turns, or answer for it.	false
derpy_chd_ex_cth_dem_hunger_derpy_dragon_bone_title	Revised Assessment: Dragon Bone	false
derpy_chd_ex_cth_dem_hunger_derpy_dragon_bone_primary	Dragon bone grows rarer every century. Your crates of it are a matter of record. The Court requires 90, and requires them today. The assessment has been adjusted upward. You were not consulted, as is proper.	false
derpy_chd_ex_cth_dem_hunger_derpy_dragon_bone_secondary	Sacrifice 90 Dragon Bone in the Ivory Road within 3 turns, or answer for it.	false
derpy_chd_ex_cth_dem_wrath_derpy_dragon_bone_title	Court Requisition: Dragon Bone	false
derpy_chd_ex_cth_dem_wrath_derpy_dragon_bone_primary	Dragon bone grows rarer every century. Your crates of it are a matter of record. The Court requires 180, and requires them today. This is no longer an assessment. The Court has read your ledgers and finds them out of harmony.	false
derpy_chd_ex_cth_dem_wrath_derpy_dragon_bone_secondary	Sacrifice 180 Dragon Bone in the Ivory Road within 3 turns, or answer for it.	false
derpy_chd_ex_cth_dem_tithe_derpy_feathers_title	The Assessment: Griffon and Pegasus Feathers	false
derpy_chd_ex_cth_dem_tithe_derpy_feathers_primary	Griffon and pegasus feathers are gathered from the high eyries at some risk. Your bundles have been counted. The Court requires 30, and requires them today. A small levy, correctly filed. The Bureaucracy files everything and forgets nothing.	false
derpy_chd_ex_cth_dem_tithe_derpy_feathers_secondary	Sacrifice 30 Griffon and Pegasus Feathers in the Ivory Road within 3 turns, or answer for it.	false
derpy_chd_ex_cth_dem_hunger_derpy_feathers_title	Revised Assessment: Griffon and Pegasus Feathers	false
derpy_chd_ex_cth_dem_hunger_derpy_feathers_primary	Griffon and pegasus feathers are gathered from the high eyries at some risk. Your bundles have been counted. The Court requires 90, and requires them today. The assessment has been adjusted upward. You were not consulted, as is proper.	false
derpy_chd_ex_cth_dem_hunger_derpy_feathers_secondary	Sacrifice 90 Griffon and Pegasus Feathers in the Ivory Road within 3 turns, or answer for it.	false
derpy_chd_ex_cth_dem_wrath_derpy_feathers_title	Court Requisition: Griffon and Pegasus Feathers	false
derpy_chd_ex_cth_dem_wrath_derpy_feathers_primary	Griffon and pegasus feathers are gathered from the high eyries at some risk. Your bundles have been counted. The Court requires 180, and requires them today. This is no longer an assessment. The Court has read your ledgers and finds them out of harmony.	false
derpy_chd_ex_cth_dem_wrath_derpy_feathers_secondary	Sacrifice 180 Griffon and Pegasus Feathers in the Ivory Road within 3 turns, or answer for it.	false
derpy_chd_ex_cth_dem_tithe_derpy_glassware_title	The Assessment: Glassware	false
derpy_chd_ex_cth_dem_tithe_derpy_glassware_primary	Fine glass is easily broken and dearly bought. Your crates of it have been counted, carefully. The Court requires 30, and requires them today. A small levy, correctly filed. The Bureaucracy files everything and forgets nothing.	false
derpy_chd_ex_cth_dem_tithe_derpy_glassware_secondary	Sacrifice 30 Glassware in the Ivory Road within 3 turns, or answer for it.	false
derpy_chd_ex_cth_dem_hunger_derpy_glassware_title	Revised Assessment: Glassware	false
derpy_chd_ex_cth_dem_hunger_derpy_glassware_primary	Fine glass is easily broken and dearly bought. Your crates of it have been counted, carefully. The Court requires 90, and requires them today. The assessment has been adjusted upward. You were not consulted, as is proper.	false
derpy_chd_ex_cth_dem_hunger_derpy_glassware_secondary	Sacrifice 90 Glassware in the Ivory Road within 3 turns, or answer for it.	false
derpy_chd_ex_cth_dem_wrath_derpy_glassware_title	Court Requisition: Glassware	false
derpy_chd_ex_cth_dem_wrath_derpy_glassware_primary	Fine glass is easily broken and dearly bought. Your crates of it have been counted, carefully. The Court requires 180, and requires them today. This is no longer an assessment. The Court has read your ledgers and finds them out of harmony.	false
derpy_chd_ex_cth_dem_wrath_derpy_glassware_secondary	Sacrifice 180 Glassware in the Ivory Road within 3 turns, or answer for it.	false
derpy_chd_ex_cth_dem_tithe_derpy_grain_title	The Assessment: Grain	false
derpy_chd_ex_cth_dem_tithe_derpy_grain_primary	Grain is bread for the cities and fodder for the armies. Your granaries are full while others are not. The Court requires 30, and requires them today. A small levy, correctly filed. The Bureaucracy files everything and forgets nothing.	false
derpy_chd_ex_cth_dem_tithe_derpy_grain_secondary	Sacrifice 30 Grain in the Ivory Road within 3 turns, or answer for it.	false
derpy_chd_ex_cth_dem_hunger_derpy_grain_title	Revised Assessment: Grain	false
derpy_chd_ex_cth_dem_hunger_derpy_grain_primary	Grain is bread for the cities and fodder for the armies. Your granaries are full while others are not. The Court requires 90, and requires them today. The assessment has been adjusted upward. You were not consulted, as is proper.	false
derpy_chd_ex_cth_dem_hunger_derpy_grain_secondary	Sacrifice 90 Grain in the Ivory Road within 3 turns, or answer for it.	false
derpy_chd_ex_cth_dem_wrath_derpy_grain_title	Court Requisition: Grain	false
derpy_chd_ex_cth_dem_wrath_derpy_grain_primary	Grain is bread for the cities and fodder for the armies. Your granaries are full while others are not. The Court requires 180, and requires them today. This is no longer an assessment. The Court has read your ledgers and finds them out of harmony.	false
derpy_chd_ex_cth_dem_wrath_derpy_grain_secondary	Sacrifice 180 Grain in the Ivory Road within 3 turns, or answer for it.	false
derpy_chd_ex_cth_dem_tithe_derpy_gromril_title	The Assessment: Gromril	false
derpy_chd_ex_cth_dem_tithe_derpy_gromril_primary	Gromril is the hardest metal there is and the scarcest. Nobody has forgotten that you hold some. The Court requires 30, and requires them today. A small levy, correctly filed. The Bureaucracy files everything and forgets nothing.	false
derpy_chd_ex_cth_dem_tithe_derpy_gromril_secondary	Sacrifice 30 Gromril in the Ivory Road within 3 turns, or answer for it.	false
derpy_chd_ex_cth_dem_hunger_derpy_gromril_title	Revised Assessment: Gromril	false
derpy_chd_ex_cth_dem_hunger_derpy_gromril_primary	Gromril is the hardest metal there is and the scarcest. Nobody has forgotten that you hold some. The Court requires 90, and requires them today. The assessment has been adjusted upward. You were not consulted, as is proper.	false
derpy_chd_ex_cth_dem_hunger_derpy_gromril_secondary	Sacrifice 90 Gromril in the Ivory Road within 3 turns, or answer for it.	false
derpy_chd_ex_cth_dem_wrath_derpy_gromril_title	Court Requisition: Gromril	false
derpy_chd_ex_cth_dem_wrath_derpy_gromril_primary	Gromril is the hardest metal there is and the scarcest. Nobody has forgotten that you hold some. The Court requires 180, and requires them today. This is no longer an assessment. The Court has read your ledgers and finds them out of harmony.	false
derpy_chd_ex_cth_dem_wrath_derpy_gromril_secondary	Sacrifice 180 Gromril in the Ivory Road within 3 turns, or answer for it.	false
derpy_chd_ex_cth_dem_tithe_derpy_incense_title	The Assessment: Incense	false
derpy_chd_ex_cth_dem_tithe_derpy_incense_primary	Incense burns in every temple and every tomb. Your sacks of it can be smelled from the street. The Court requires 30, and requires them today. A small levy, correctly filed. The Bureaucracy files everything and forgets nothing.	false
derpy_chd_ex_cth_dem_tithe_derpy_incense_secondary	Sacrifice 30 Incense in the Ivory Road within 3 turns, or answer for it.	false
derpy_chd_ex_cth_dem_hunger_derpy_incense_title	Revised Assessment: Incense	false
derpy_chd_ex_cth_dem_hunger_derpy_incense_primary	Incense burns in every temple and every tomb. Your sacks of it can be smelled from the street. The Court requires 90, and requires them today. The assessment has been adjusted upward. You were not consulted, as is proper.	false
derpy_chd_ex_cth_dem_hunger_derpy_incense_secondary	Sacrifice 90 Incense in the Ivory Road within 3 turns, or answer for it.	false
derpy_chd_ex_cth_dem_wrath_derpy_incense_title	Court Requisition: Incense	false
derpy_chd_ex_cth_dem_wrath_derpy_incense_primary	Incense burns in every temple and every tomb. Your sacks of it can be smelled from the street. The Court requires 180, and requires them today. This is no longer an assessment. The Court has read your ledgers and finds them out of harmony.	false
derpy_chd_ex_cth_dem_wrath_derpy_incense_secondary	Sacrifice 180 Incense in the Ivory Road within 3 turns, or answer for it.	false
derpy_chd_ex_cth_dem_tithe_derpy_ithilmar_title	The Assessment: Ithilmar	false
derpy_chd_ex_cth_dem_tithe_derpy_ithilmar_primary	Ithilmar is found in one land only, and every ingot outside it is accounted for. Yours included. The Court requires 30, and requires them today. A small levy, correctly filed. The Bureaucracy files everything and forgets nothing.	false
derpy_chd_ex_cth_dem_tithe_derpy_ithilmar_secondary	Sacrifice 30 Ithilmar in the Ivory Road within 3 turns, or answer for it.	false
derpy_chd_ex_cth_dem_hunger_derpy_ithilmar_title	Revised Assessment: Ithilmar	false
derpy_chd_ex_cth_dem_hunger_derpy_ithilmar_primary	Ithilmar is found in one land only, and every ingot outside it is accounted for. Yours included. The Court requires 90, and requires them today. The assessment has been adjusted upward. You were not consulted, as is proper.	false
derpy_chd_ex_cth_dem_hunger_derpy_ithilmar_secondary	Sacrifice 90 Ithilmar in the Ivory Road within 3 turns, or answer for it.	false
derpy_chd_ex_cth_dem_wrath_derpy_ithilmar_title	Court Requisition: Ithilmar	false
derpy_chd_ex_cth_dem_wrath_derpy_ithilmar_primary	Ithilmar is found in one land only, and every ingot outside it is accounted for. Yours included. The Court requires 180, and requires them today. This is no longer an assessment. The Court has read your ledgers and finds them out of harmony.	false
derpy_chd_ex_cth_dem_wrath_derpy_ithilmar_secondary	Sacrifice 180 Ithilmar in the Ivory Road within 3 turns, or answer for it.	false
derpy_chd_ex_cth_dem_tithe_derpy_jade_title	The Assessment: Jade	false
derpy_chd_ex_cth_dem_tithe_derpy_jade_primary	Jade is carved into charms, seals and statues. Your slabs of it are on a list. The Court requires 30, and requires them today. A small levy, correctly filed. The Bureaucracy files everything and forgets nothing.	false
derpy_chd_ex_cth_dem_tithe_derpy_jade_secondary	Sacrifice 30 Jade in the Ivory Road within 3 turns, or answer for it.	false
derpy_chd_ex_cth_dem_hunger_derpy_jade_title	Revised Assessment: Jade	false
derpy_chd_ex_cth_dem_hunger_derpy_jade_primary	Jade is carved into charms, seals and statues. Your slabs of it are on a list. The Court requires 90, and requires them today. The assessment has been adjusted upward. You were not consulted, as is proper.	false
derpy_chd_ex_cth_dem_hunger_derpy_jade_secondary	Sacrifice 90 Jade in the Ivory Road within 3 turns, or answer for it.	false
derpy_chd_ex_cth_dem_wrath_derpy_jade_title	Court Requisition: Jade	false
derpy_chd_ex_cth_dem_wrath_derpy_jade_primary	Jade is carved into charms, seals and statues. Your slabs of it are on a list. The Court requires 180, and requires them today. This is no longer an assessment. The Court has read your ledgers and finds them out of harmony.	false
derpy_chd_ex_cth_dem_wrath_derpy_jade_secondary	Sacrifice 180 Jade in the Ivory Road within 3 turns, or answer for it.	false
derpy_chd_ex_cth_dem_tithe_derpy_kvas_title	The Assessment: Kvas	false
derpy_chd_ex_cth_dem_tithe_derpy_kvas_primary	Every stanitsa keeps a barrel of kvas. Yours are fuller than most, and that has been noticed. The Court requires 30, and requires them today. A small levy, correctly filed. The Bureaucracy files everything and forgets nothing.	false
derpy_chd_ex_cth_dem_tithe_derpy_kvas_secondary	Sacrifice 30 Kvas in the Ivory Road within 3 turns, or answer for it.	false
derpy_chd_ex_cth_dem_hunger_derpy_kvas_title	Revised Assessment: Kvas	false
derpy_chd_ex_cth_dem_hunger_derpy_kvas_primary	Every stanitsa keeps a barrel of kvas. Yours are fuller than most, and that has been noticed. The Court requires 90, and requires them today. The assessment has been adjusted upward. You were not consulted, as is proper.	false
derpy_chd_ex_cth_dem_hunger_derpy_kvas_secondary	Sacrifice 90 Kvas in the Ivory Road within 3 turns, or answer for it.	false
derpy_chd_ex_cth_dem_wrath_derpy_kvas_title	Court Requisition: Kvas	false
derpy_chd_ex_cth_dem_wrath_derpy_kvas_primary	Every stanitsa keeps a barrel of kvas. Yours are fuller than most, and that has been noticed. The Court requires 180, and requires them today. This is no longer an assessment. The Court has read your ledgers and finds them out of harmony.	false
derpy_chd_ex_cth_dem_wrath_derpy_kvas_secondary	Sacrifice 180 Kvas in the Ivory Road within 3 turns, or answer for it.	false
derpy_chd_ex_cth_dem_tithe_derpy_lustrian_plumes_title	The Assessment: Lustrian Plumes	false
derpy_chd_ex_cth_dem_tithe_derpy_lustrian_plumes_primary	Lustrian plumes are worth their weight in gold at court. Yours have been counted feather by feather. The Court requires 30, and requires them today. A small levy, correctly filed. The Bureaucracy files everything and forgets nothing.	false
derpy_chd_ex_cth_dem_tithe_derpy_lustrian_plumes_secondary	Sacrifice 30 Lustrian Plumes in the Ivory Road within 3 turns, or answer for it.	false
derpy_chd_ex_cth_dem_hunger_derpy_lustrian_plumes_title	Revised Assessment: Lustrian Plumes	false
derpy_chd_ex_cth_dem_hunger_derpy_lustrian_plumes_primary	Lustrian plumes are worth their weight in gold at court. Yours have been counted feather by feather. The Court requires 90, and requires them today. The assessment has been adjusted upward. You were not consulted, as is proper.	false
derpy_chd_ex_cth_dem_hunger_derpy_lustrian_plumes_secondary	Sacrifice 90 Lustrian Plumes in the Ivory Road within 3 turns, or answer for it.	false
derpy_chd_ex_cth_dem_wrath_derpy_lustrian_plumes_title	Court Requisition: Lustrian Plumes	false
derpy_chd_ex_cth_dem_wrath_derpy_lustrian_plumes_primary	Lustrian plumes are worth their weight in gold at court. Yours have been counted feather by feather. The Court requires 180, and requires them today. This is no longer an assessment. The Court has read your ledgers and finds them out of harmony.	false
derpy_chd_ex_cth_dem_wrath_derpy_lustrian_plumes_secondary	Sacrifice 180 Lustrian Plumes in the Ivory Road within 3 turns, or answer for it.	false
derpy_chd_ex_cth_dem_tithe_derpy_mead_title	The Assessment: Mead	false
derpy_chd_ex_cth_dem_tithe_derpy_mead_primary	Mead is drunk from horns before every raid. Your kegs have been counted by thirsty men. The Court requires 30, and requires them today. A small levy, correctly filed. The Bureaucracy files everything and forgets nothing.	false
derpy_chd_ex_cth_dem_tithe_derpy_mead_secondary	Sacrifice 30 Mead in the Ivory Road within 3 turns, or answer for it.	false
derpy_chd_ex_cth_dem_hunger_derpy_mead_title	Revised Assessment: Mead	false
derpy_chd_ex_cth_dem_hunger_derpy_mead_primary	Mead is drunk from horns before every raid. Your kegs have been counted by thirsty men. The Court requires 90, and requires them today. The assessment has been adjusted upward. You were not consulted, as is proper.	false
derpy_chd_ex_cth_dem_hunger_derpy_mead_secondary	Sacrifice 90 Mead in the Ivory Road within 3 turns, or answer for it.	false
derpy_chd_ex_cth_dem_wrath_derpy_mead_title	Court Requisition: Mead	false
derpy_chd_ex_cth_dem_wrath_derpy_mead_primary	Mead is drunk from horns before every raid. Your kegs have been counted by thirsty men. The Court requires 180, and requires them today. This is no longer an assessment. The Court has read your ledgers and finds them out of harmony.	false
derpy_chd_ex_cth_dem_wrath_derpy_mead_secondary	Sacrifice 180 Mead in the Ivory Road within 3 turns, or answer for it.	false
derpy_chd_ex_cth_dem_tithe_derpy_olive_oil_title	The Assessment: Olive Oil	false
derpy_chd_ex_cth_dem_tithe_derpy_olive_oil_primary	Olive oil lights the lamps and dresses the bread of the Middle Sea. Your barrels have been tallied. The Court requires 30, and requires them today. A small levy, correctly filed. The Bureaucracy files everything and forgets nothing.	false
derpy_chd_ex_cth_dem_tithe_derpy_olive_oil_secondary	Sacrifice 30 Olive Oil in the Ivory Road within 3 turns, or answer for it.	false
derpy_chd_ex_cth_dem_hunger_derpy_olive_oil_title	Revised Assessment: Olive Oil	false
derpy_chd_ex_cth_dem_hunger_derpy_olive_oil_primary	Olive oil lights the lamps and dresses the bread of the Middle Sea. Your barrels have been tallied. The Court requires 90, and requires them today. The assessment has been adjusted upward. You were not consulted, as is proper.	false
derpy_chd_ex_cth_dem_hunger_derpy_olive_oil_secondary	Sacrifice 90 Olive Oil in the Ivory Road within 3 turns, or answer for it.	false
derpy_chd_ex_cth_dem_wrath_derpy_olive_oil_title	Court Requisition: Olive Oil	false
derpy_chd_ex_cth_dem_wrath_derpy_olive_oil_primary	Olive oil lights the lamps and dresses the bread of the Middle Sea. Your barrels have been tallied. The Court requires 180, and requires them today. This is no longer an assessment. The Court has read your ledgers and finds them out of harmony.	false
derpy_chd_ex_cth_dem_wrath_derpy_olive_oil_secondary	Sacrifice 180 Olive Oil in the Ivory Road within 3 turns, or answer for it.	false
derpy_chd_ex_cth_dem_tithe_derpy_pearls_title	The Assessment: Pearls	false
derpy_chd_ex_cth_dem_tithe_derpy_pearls_primary	Pearls come up from the warm seas and go round the neck of anyone who can pay. Yours have been counted. The Court requires 30, and requires them today. A small levy, correctly filed. The Bureaucracy files everything and forgets nothing.	false
derpy_chd_ex_cth_dem_tithe_derpy_pearls_secondary	Sacrifice 30 Pearls in the Ivory Road within 3 turns, or answer for it.	false
derpy_chd_ex_cth_dem_hunger_derpy_pearls_title	Revised Assessment: Pearls	false
derpy_chd_ex_cth_dem_hunger_derpy_pearls_primary	Pearls come up from the warm seas and go round the neck of anyone who can pay. Yours have been counted. The Court requires 90, and requires them today. The assessment has been adjusted upward. You were not consulted, as is proper.	false
derpy_chd_ex_cth_dem_hunger_derpy_pearls_secondary	Sacrifice 90 Pearls in the Ivory Road within 3 turns, or answer for it.	false
derpy_chd_ex_cth_dem_wrath_derpy_pearls_title	Court Requisition: Pearls	false
derpy_chd_ex_cth_dem_wrath_derpy_pearls_primary	Pearls come up from the warm seas and go round the neck of anyone who can pay. Yours have been counted. The Court requires 180, and requires them today. This is no longer an assessment. The Court has read your ledgers and finds them out of harmony.	false
derpy_chd_ex_cth_dem_wrath_derpy_pearls_secondary	Sacrifice 180 Pearls in the Ivory Road within 3 turns, or answer for it.	false
derpy_chd_ex_cth_dem_tithe_derpy_pipeweed_title	The Assessment: Pipeweed	false
derpy_chd_ex_cth_dem_tithe_derpy_pipeweed_primary	Pipeweed is smoked in every tavern from Altdorf to Marienburg. Your bales are known to more than the tax-man. The Court requires 30, and requires them today. A small levy, correctly filed. The Bureaucracy files everything and forgets nothing.	false
derpy_chd_ex_cth_dem_tithe_derpy_pipeweed_secondary	Sacrifice 30 Pipeweed in the Ivory Road within 3 turns, or answer for it.	false
derpy_chd_ex_cth_dem_hunger_derpy_pipeweed_title	Revised Assessment: Pipeweed	false
derpy_chd_ex_cth_dem_hunger_derpy_pipeweed_primary	Pipeweed is smoked in every tavern from Altdorf to Marienburg. Your bales are known to more than the tax-man. The Court requires 90, and requires them today. The assessment has been adjusted upward. You were not consulted, as is proper.	false
derpy_chd_ex_cth_dem_hunger_derpy_pipeweed_secondary	Sacrifice 90 Pipeweed in the Ivory Road within 3 turns, or answer for it.	false
derpy_chd_ex_cth_dem_wrath_derpy_pipeweed_title	Court Requisition: Pipeweed	false
derpy_chd_ex_cth_dem_wrath_derpy_pipeweed_primary	Pipeweed is smoked in every tavern from Altdorf to Marienburg. Your bales are known to more than the tax-man. The Court requires 180, and requires them today. This is no longer an assessment. The Court has read your ledgers and finds them out of harmony.	false
derpy_chd_ex_cth_dem_wrath_derpy_pipeweed_secondary	Sacrifice 180 Pipeweed in the Ivory Road within 3 turns, or answer for it.	false
derpy_chd_ex_cth_dem_tithe_derpy_porcelain_title	The Assessment: Porcelain	false
derpy_chd_ex_cth_dem_tithe_derpy_porcelain_primary	Porcelain is fired in Cathay and treasured everywhere else. Your crates of it are on a list. The Court requires 30, and requires them today. A small levy, correctly filed. The Bureaucracy files everything and forgets nothing.	false
derpy_chd_ex_cth_dem_tithe_derpy_porcelain_secondary	Sacrifice 30 Porcelain in the Ivory Road within 3 turns, or answer for it.	false
derpy_chd_ex_cth_dem_hunger_derpy_porcelain_title	Revised Assessment: Porcelain	false
derpy_chd_ex_cth_dem_hunger_derpy_porcelain_primary	Porcelain is fired in Cathay and treasured everywhere else. Your crates of it are on a list. The Court requires 90, and requires them today. The assessment has been adjusted upward. You were not consulted, as is proper.	false
derpy_chd_ex_cth_dem_hunger_derpy_porcelain_secondary	Sacrifice 90 Porcelain in the Ivory Road within 3 turns, or answer for it.	false
derpy_chd_ex_cth_dem_wrath_derpy_porcelain_title	Court Requisition: Porcelain	false
derpy_chd_ex_cth_dem_wrath_derpy_porcelain_primary	Porcelain is fired in Cathay and treasured everywhere else. Your crates of it are on a list. The Court requires 180, and requires them today. This is no longer an assessment. The Court has read your ledgers and finds them out of harmony.	false
derpy_chd_ex_cth_dem_wrath_derpy_porcelain_secondary	Sacrifice 180 Porcelain in the Ivory Road within 3 turns, or answer for it.	false
derpy_chd_ex_cth_dem_tithe_derpy_quicksilver_title	The Assessment: Quicksilver	false
derpy_chd_ex_cth_dem_tithe_derpy_quicksilver_primary	Every alchemist and engineer wants quicksilver. Your flasks have been counted. The Court requires 30, and requires them today. A small levy, correctly filed. The Bureaucracy files everything and forgets nothing.	false
derpy_chd_ex_cth_dem_tithe_derpy_quicksilver_secondary	Sacrifice 30 Quicksilver in the Ivory Road within 3 turns, or answer for it.	false
derpy_chd_ex_cth_dem_hunger_derpy_quicksilver_title	Revised Assessment: Quicksilver	false
derpy_chd_ex_cth_dem_hunger_derpy_quicksilver_primary	Every alchemist and engineer wants quicksilver. Your flasks have been counted. The Court requires 90, and requires them today. The assessment has been adjusted upward. You were not consulted, as is proper.	false
derpy_chd_ex_cth_dem_hunger_derpy_quicksilver_secondary	Sacrifice 90 Quicksilver in the Ivory Road within 3 turns, or answer for it.	false
derpy_chd_ex_cth_dem_wrath_derpy_quicksilver_title	Court Requisition: Quicksilver	false
derpy_chd_ex_cth_dem_wrath_derpy_quicksilver_primary	Every alchemist and engineer wants quicksilver. Your flasks have been counted. The Court requires 180, and requires them today. This is no longer an assessment. The Court has read your ledgers and finds them out of harmony.	false
derpy_chd_ex_cth_dem_wrath_derpy_quicksilver_secondary	Sacrifice 180 Quicksilver in the Ivory Road within 3 turns, or answer for it.	false
derpy_chd_ex_cth_dem_tithe_derpy_rhinox_hides_title	The Assessment: Rhinox Hides	false
derpy_chd_ex_cth_dem_tithe_derpy_rhinox_hides_primary	Rhinox hide is tough enough to make armour of. Your stacks of it have been counted. The Court requires 30, and requires them today. A small levy, correctly filed. The Bureaucracy files everything and forgets nothing.	false
derpy_chd_ex_cth_dem_tithe_derpy_rhinox_hides_secondary	Sacrifice 30 Rhinox Hides in the Ivory Road within 3 turns, or answer for it.	false
derpy_chd_ex_cth_dem_hunger_derpy_rhinox_hides_title	Revised Assessment: Rhinox Hides	false
derpy_chd_ex_cth_dem_hunger_derpy_rhinox_hides_primary	Rhinox hide is tough enough to make armour of. Your stacks of it have been counted. The Court requires 90, and requires them today. The assessment has been adjusted upward. You were not consulted, as is proper.	false
derpy_chd_ex_cth_dem_hunger_derpy_rhinox_hides_secondary	Sacrifice 90 Rhinox Hides in the Ivory Road within 3 turns, or answer for it.	false
derpy_chd_ex_cth_dem_wrath_derpy_rhinox_hides_title	Court Requisition: Rhinox Hides	false
derpy_chd_ex_cth_dem_wrath_derpy_rhinox_hides_primary	Rhinox hide is tough enough to make armour of. Your stacks of it have been counted. The Court requires 180, and requires them today. This is no longer an assessment. The Court has read your ledgers and finds them out of harmony.	false
derpy_chd_ex_cth_dem_wrath_derpy_rhinox_hides_secondary	Sacrifice 180 Rhinox Hides in the Ivory Road within 3 turns, or answer for it.	false
derpy_chd_ex_cth_dem_tithe_derpy_rum_title	The Assessment: Rum	false
derpy_chd_ex_cth_dem_tithe_derpy_rum_primary	Rum keeps crews at sea and quiet ashore. Your kegs have been noticed by people who keep lists. The Court requires 30, and requires them today. A small levy, correctly filed. The Bureaucracy files everything and forgets nothing.	false
derpy_chd_ex_cth_dem_tithe_derpy_rum_secondary	Sacrifice 30 Rum in the Ivory Road within 3 turns, or answer for it.	false
derpy_chd_ex_cth_dem_hunger_derpy_rum_title	Revised Assessment: Rum	false
derpy_chd_ex_cth_dem_hunger_derpy_rum_primary	Rum keeps crews at sea and quiet ashore. Your kegs have been noticed by people who keep lists. The Court requires 90, and requires them today. The assessment has been adjusted upward. You were not consulted, as is proper.	false
derpy_chd_ex_cth_dem_hunger_derpy_rum_secondary	Sacrifice 90 Rum in the Ivory Road within 3 turns, or answer for it.	false
derpy_chd_ex_cth_dem_wrath_derpy_rum_title	Court Requisition: Rum	false
derpy_chd_ex_cth_dem_wrath_derpy_rum_primary	Rum keeps crews at sea and quiet ashore. Your kegs have been noticed by people who keep lists. The Court requires 180, and requires them today. This is no longer an assessment. The Court has read your ledgers and finds them out of harmony.	false
derpy_chd_ex_cth_dem_wrath_derpy_rum_secondary	Sacrifice 180 Rum in the Ivory Road within 3 turns, or answer for it.	false
derpy_chd_ex_cth_dem_tithe_derpy_salted_fish_title	The Assessment: Salted Fish	false
derpy_chd_ex_cth_dem_tithe_derpy_salted_fish_primary	Salted fish feeds sailors, soldiers and the poor through the lean months. Your barrels have been counted. The Court requires 30, and requires them today. A small levy, correctly filed. The Bureaucracy files everything and forgets nothing.	false
derpy_chd_ex_cth_dem_tithe_derpy_salted_fish_secondary	Sacrifice 30 Salted Fish in the Ivory Road within 3 turns, or answer for it.	false
derpy_chd_ex_cth_dem_hunger_derpy_salted_fish_title	Revised Assessment: Salted Fish	false
derpy_chd_ex_cth_dem_hunger_derpy_salted_fish_primary	Salted fish feeds sailors, soldiers and the poor through the lean months. Your barrels have been counted. The Court requires 90, and requires them today. The assessment has been adjusted upward. You were not consulted, as is proper.	false
derpy_chd_ex_cth_dem_hunger_derpy_salted_fish_secondary	Sacrifice 90 Salted Fish in the Ivory Road within 3 turns, or answer for it.	false
derpy_chd_ex_cth_dem_wrath_derpy_salted_fish_title	Court Requisition: Salted Fish	false
derpy_chd_ex_cth_dem_wrath_derpy_salted_fish_primary	Salted fish feeds sailors, soldiers and the poor through the lean months. Your barrels have been counted. The Court requires 180, and requires them today. This is no longer an assessment. The Court has read your ledgers and finds them out of harmony.	false
derpy_chd_ex_cth_dem_wrath_derpy_salted_fish_secondary	Sacrifice 180 Salted Fish in the Ivory Road within 3 turns, or answer for it.	false
derpy_chd_ex_cth_dem_tithe_derpy_salted_meat_title	The Assessment: Salted Meat	false
derpy_chd_ex_cth_dem_tithe_derpy_salted_meat_primary	Salted meat keeps, and armies march on it. Your barrels have been counted. The Court requires 30, and requires them today. A small levy, correctly filed. The Bureaucracy files everything and forgets nothing.	false
derpy_chd_ex_cth_dem_tithe_derpy_salted_meat_secondary	Sacrifice 30 Salted Meat in the Ivory Road within 3 turns, or answer for it.	false
derpy_chd_ex_cth_dem_hunger_derpy_salted_meat_title	Revised Assessment: Salted Meat	false
derpy_chd_ex_cth_dem_hunger_derpy_salted_meat_primary	Salted meat keeps, and armies march on it. Your barrels have been counted. The Court requires 90, and requires them today. The assessment has been adjusted upward. You were not consulted, as is proper.	false
derpy_chd_ex_cth_dem_hunger_derpy_salted_meat_secondary	Sacrifice 90 Salted Meat in the Ivory Road within 3 turns, or answer for it.	false
derpy_chd_ex_cth_dem_wrath_derpy_salted_meat_title	Court Requisition: Salted Meat	false
derpy_chd_ex_cth_dem_wrath_derpy_salted_meat_primary	Salted meat keeps, and armies march on it. Your barrels have been counted. The Court requires 180, and requires them today. This is no longer an assessment. The Court has read your ledgers and finds them out of harmony.	false
derpy_chd_ex_cth_dem_wrath_derpy_salted_meat_secondary	Sacrifice 180 Salted Meat in the Ivory Road within 3 turns, or answer for it.	false
derpy_chd_ex_cth_dem_tithe_derpy_sea_dragon_hide_title	The Assessment: Sea Dragon Hide	false
derpy_chd_ex_cth_dem_tithe_derpy_sea_dragon_hide_primary	Sea dragon hide turns a blade, and there is less of it every year. Somebody knows how much of it you hold. The Court requires 30, and requires them today. A small levy, correctly filed. The Bureaucracy files everything and forgets nothing.	false
derpy_chd_ex_cth_dem_tithe_derpy_sea_dragon_hide_secondary	Sacrifice 30 Sea Dragon Hide in the Ivory Road within 3 turns, or answer for it.	false
derpy_chd_ex_cth_dem_hunger_derpy_sea_dragon_hide_title	Revised Assessment: Sea Dragon Hide	false
derpy_chd_ex_cth_dem_hunger_derpy_sea_dragon_hide_primary	Sea dragon hide turns a blade, and there is less of it every year. Somebody knows how much of it you hold. The Court requires 90, and requires them today. The assessment has been adjusted upward. You were not consulted, as is proper.	false
derpy_chd_ex_cth_dem_hunger_derpy_sea_dragon_hide_secondary	Sacrifice 90 Sea Dragon Hide in the Ivory Road within 3 turns, or answer for it.	false
derpy_chd_ex_cth_dem_wrath_derpy_sea_dragon_hide_title	Court Requisition: Sea Dragon Hide	false
derpy_chd_ex_cth_dem_wrath_derpy_sea_dragon_hide_primary	Sea dragon hide turns a blade, and there is less of it every year. Somebody knows how much of it you hold. The Court requires 180, and requires them today. This is no longer an assessment. The Court has read your ledgers and finds them out of harmony.	false
derpy_chd_ex_cth_dem_wrath_derpy_sea_dragon_hide_secondary	Sacrifice 180 Sea Dragon Hide in the Ivory Road within 3 turns, or answer for it.	false
derpy_chd_ex_cth_dem_tithe_derpy_silk_title	The Assessment: Silk	false
derpy_chd_ex_cth_dem_tithe_derpy_silk_primary	Silk is what the Ivory Road carries west. Your bolts have been measured by somebody other than your factor. The Court requires 30, and requires them today. A small levy, correctly filed. The Bureaucracy files everything and forgets nothing.	false
derpy_chd_ex_cth_dem_tithe_derpy_silk_secondary	Sacrifice 30 Silk in the Ivory Road within 3 turns, or answer for it.	false
derpy_chd_ex_cth_dem_hunger_derpy_silk_title	Revised Assessment: Silk	false
derpy_chd_ex_cth_dem_hunger_derpy_silk_primary	Silk is what the Ivory Road carries west. Your bolts have been measured by somebody other than your factor. The Court requires 90, and requires them today. The assessment has been adjusted upward. You were not consulted, as is proper.	false
derpy_chd_ex_cth_dem_hunger_derpy_silk_secondary	Sacrifice 90 Silk in the Ivory Road within 3 turns, or answer for it.	false
derpy_chd_ex_cth_dem_wrath_derpy_silk_title	Court Requisition: Silk	false
derpy_chd_ex_cth_dem_wrath_derpy_silk_primary	Silk is what the Ivory Road carries west. Your bolts have been measured by somebody other than your factor. The Court requires 180, and requires them today. This is no longer an assessment. The Court has read your ledgers and finds them out of harmony.	false
derpy_chd_ex_cth_dem_wrath_derpy_silk_secondary	Sacrifice 180 Silk in the Ivory Road within 3 turns, or answer for it.	false
derpy_chd_ex_cth_dem_tithe_derpy_silver_title	The Assessment: Silver	false
derpy_chd_ex_cth_dem_tithe_derpy_silver_primary	Silver is coin, plate and a blade-edge against the dead. Your ingots have been weighed twice. The Court requires 30, and requires them today. A small levy, correctly filed. The Bureaucracy files everything and forgets nothing.	false
derpy_chd_ex_cth_dem_tithe_derpy_silver_secondary	Sacrifice 30 Silver in the Ivory Road within 3 turns, or answer for it.	false
derpy_chd_ex_cth_dem_hunger_derpy_silver_title	Revised Assessment: Silver	false
derpy_chd_ex_cth_dem_hunger_derpy_silver_primary	Silver is coin, plate and a blade-edge against the dead. Your ingots have been weighed twice. The Court requires 90, and requires them today. The assessment has been adjusted upward. You were not consulted, as is proper.	false
derpy_chd_ex_cth_dem_hunger_derpy_silver_secondary	Sacrifice 90 Silver in the Ivory Road within 3 turns, or answer for it.	false
derpy_chd_ex_cth_dem_wrath_derpy_silver_title	Court Requisition: Silver	false
derpy_chd_ex_cth_dem_wrath_derpy_silver_primary	Silver is coin, plate and a blade-edge against the dead. Your ingots have been weighed twice. The Court requires 180, and requires them today. This is no longer an assessment. The Court has read your ledgers and finds them out of harmony.	false
derpy_chd_ex_cth_dem_wrath_derpy_silver_secondary	Sacrifice 180 Silver in the Ivory Road within 3 turns, or answer for it.	false
derpy_chd_ex_cth_dem_tithe_derpy_starwood_title	The Assessment: Starwood	false
derpy_chd_ex_cth_dem_tithe_derpy_starwood_primary	Starwood is given by the trees of Athel Loren and never cut. That you hold any at all has been noticed. The Court requires 30, and requires them today. A small levy, correctly filed. The Bureaucracy files everything and forgets nothing.	false
derpy_chd_ex_cth_dem_tithe_derpy_starwood_secondary	Sacrifice 30 Starwood in the Ivory Road within 3 turns, or answer for it.	false
derpy_chd_ex_cth_dem_hunger_derpy_starwood_title	Revised Assessment: Starwood	false
derpy_chd_ex_cth_dem_hunger_derpy_starwood_primary	Starwood is given by the trees of Athel Loren and never cut. That you hold any at all has been noticed. The Court requires 90, and requires them today. The assessment has been adjusted upward. You were not consulted, as is proper.	false
derpy_chd_ex_cth_dem_hunger_derpy_starwood_secondary	Sacrifice 90 Starwood in the Ivory Road within 3 turns, or answer for it.	false
derpy_chd_ex_cth_dem_wrath_derpy_starwood_title	Court Requisition: Starwood	false
derpy_chd_ex_cth_dem_wrath_derpy_starwood_primary	Starwood is given by the trees of Athel Loren and never cut. That you hold any at all has been noticed. The Court requires 180, and requires them today. This is no longer an assessment. The Court has read your ledgers and finds them out of harmony.	false
derpy_chd_ex_cth_dem_wrath_derpy_starwood_secondary	Sacrifice 180 Starwood in the Ivory Road within 3 turns, or answer for it.	false
derpy_chd_ex_cth_dem_tithe_derpy_tea_title	The Assessment: Tea	false
derpy_chd_ex_cth_dem_tithe_derpy_tea_primary	Tea is poured at every audience worth attending. Your chests of it have been weighed. The Court requires 30, and requires them today. A small levy, correctly filed. The Bureaucracy files everything and forgets nothing.	false
derpy_chd_ex_cth_dem_tithe_derpy_tea_secondary	Sacrifice 30 Tea in the Ivory Road within 3 turns, or answer for it.	false
derpy_chd_ex_cth_dem_hunger_derpy_tea_title	Revised Assessment: Tea	false
derpy_chd_ex_cth_dem_hunger_derpy_tea_primary	Tea is poured at every audience worth attending. Your chests of it have been weighed. The Court requires 90, and requires them today. The assessment has been adjusted upward. You were not consulted, as is proper.	false
derpy_chd_ex_cth_dem_hunger_derpy_tea_secondary	Sacrifice 90 Tea in the Ivory Road within 3 turns, or answer for it.	false
derpy_chd_ex_cth_dem_wrath_derpy_tea_title	Court Requisition: Tea	false
derpy_chd_ex_cth_dem_wrath_derpy_tea_primary	Tea is poured at every audience worth attending. Your chests of it have been weighed. The Court requires 180, and requires them today. This is no longer an assessment. The Court has read your ledgers and finds them out of harmony.	false
derpy_chd_ex_cth_dem_wrath_derpy_tea_secondary	Sacrifice 180 Tea in the Ivory Road within 3 turns, or answer for it.	false
derpy_chd_ex_cth_dem_tithe_derpy_warhorses_title	The Assessment: Warhorses	false
derpy_chd_ex_cth_dem_tithe_derpy_warhorses_primary	A warhorse eats every day it is not ridden. Your stables are full, and the count has been taken. The Court requires 30, and requires them today. A small levy, correctly filed. The Bureaucracy files everything and forgets nothing.	false
derpy_chd_ex_cth_dem_tithe_derpy_warhorses_secondary	Sacrifice 30 Warhorses in the Ivory Road within 3 turns, or answer for it.	false
derpy_chd_ex_cth_dem_hunger_derpy_warhorses_title	Revised Assessment: Warhorses	false
derpy_chd_ex_cth_dem_hunger_derpy_warhorses_primary	A warhorse eats every day it is not ridden. Your stables are full, and the count has been taken. The Court requires 90, and requires them today. The assessment has been adjusted upward. You were not consulted, as is proper.	false
derpy_chd_ex_cth_dem_hunger_derpy_warhorses_secondary	Sacrifice 90 Warhorses in the Ivory Road within 3 turns, or answer for it.	false
derpy_chd_ex_cth_dem_wrath_derpy_warhorses_title	Court Requisition: Warhorses	false
derpy_chd_ex_cth_dem_wrath_derpy_warhorses_primary	A warhorse eats every day it is not ridden. Your stables are full, and the count has been taken. The Court requires 180, and requires them today. This is no longer an assessment. The Court has read your ledgers and finds them out of harmony.	false
derpy_chd_ex_cth_dem_wrath_derpy_warhorses_secondary	Sacrifice 180 Warhorses in the Ivory Road within 3 turns, or answer for it.	false
derpy_chd_ex_cth_dem_tithe_derpy_whale_oil_title	The Assessment: Whale Oil	false
derpy_chd_ex_cth_dem_tithe_derpy_whale_oil_primary	Lamp oil burns in every hall that can afford the light. Yours is sitting in barrels in the dark. The Court requires 30, and requires them today. A small levy, correctly filed. The Bureaucracy files everything and forgets nothing.	false
derpy_chd_ex_cth_dem_tithe_derpy_whale_oil_secondary	Sacrifice 30 Whale Oil in the Ivory Road within 3 turns, or answer for it.	false
derpy_chd_ex_cth_dem_hunger_derpy_whale_oil_title	Revised Assessment: Whale Oil	false
derpy_chd_ex_cth_dem_hunger_derpy_whale_oil_primary	Lamp oil burns in every hall that can afford the light. Yours is sitting in barrels in the dark. The Court requires 90, and requires them today. The assessment has been adjusted upward. You were not consulted, as is proper.	false
derpy_chd_ex_cth_dem_hunger_derpy_whale_oil_secondary	Sacrifice 90 Whale Oil in the Ivory Road within 3 turns, or answer for it.	false
derpy_chd_ex_cth_dem_wrath_derpy_whale_oil_title	Court Requisition: Whale Oil	false
derpy_chd_ex_cth_dem_wrath_derpy_whale_oil_primary	Lamp oil burns in every hall that can afford the light. Yours is sitting in barrels in the dark. The Court requires 180, and requires them today. This is no longer an assessment. The Court has read your ledgers and finds them out of harmony.	false
derpy_chd_ex_cth_dem_wrath_derpy_whale_oil_secondary	Sacrifice 180 Whale Oil in the Ivory Road within 3 turns, or answer for it.	false
derpy_chd_ex_cth_dem_tithe_derpy_wool_title	The Assessment: Wool	false
derpy_chd_ex_cth_dem_tithe_derpy_wool_primary	Wool is spun and woven in every town. Your bales are stacked to the rafters and somebody has climbed up to count them. The Court requires 30, and requires them today. A small levy, correctly filed. The Bureaucracy files everything and forgets nothing.	false
derpy_chd_ex_cth_dem_tithe_derpy_wool_secondary	Sacrifice 30 Wool in the Ivory Road within 3 turns, or answer for it.	false
derpy_chd_ex_cth_dem_hunger_derpy_wool_title	Revised Assessment: Wool	false
derpy_chd_ex_cth_dem_hunger_derpy_wool_primary	Wool is spun and woven in every town. Your bales are stacked to the rafters and somebody has climbed up to count them. The Court requires 90, and requires them today. The assessment has been adjusted upward. You were not consulted, as is proper.	false
derpy_chd_ex_cth_dem_hunger_derpy_wool_secondary	Sacrifice 90 Wool in the Ivory Road within 3 turns, or answer for it.	false
derpy_chd_ex_cth_dem_wrath_derpy_wool_title	Court Requisition: Wool	false
derpy_chd_ex_cth_dem_wrath_derpy_wool_primary	Wool is spun and woven in every town. Your bales are stacked to the rafters and somebody has climbed up to count them. The Court requires 180, and requires them today. This is no longer an assessment. The Court has read your ledgers and finds them out of harmony.	false
derpy_chd_ex_cth_dem_wrath_derpy_wool_secondary	Sacrifice 180 Wool in the Ivory Road within 3 turns, or answer for it.	false
derpy_chd_ex_cth_dem_tithe_derpy_wyvern_scales_title	The Assessment: Wyvern Scales	false
derpy_chd_ex_cth_dem_tithe_derpy_wyvern_scales_primary	Wyvern scales are taken at great cost from the nesting peaks. Yours have been counted. The Court requires 30, and requires them today. A small levy, correctly filed. The Bureaucracy files everything and forgets nothing.	false
derpy_chd_ex_cth_dem_tithe_derpy_wyvern_scales_secondary	Sacrifice 30 Wyvern Scales in the Ivory Road within 3 turns, or answer for it.	false
derpy_chd_ex_cth_dem_hunger_derpy_wyvern_scales_title	Revised Assessment: Wyvern Scales	false
derpy_chd_ex_cth_dem_hunger_derpy_wyvern_scales_primary	Wyvern scales are taken at great cost from the nesting peaks. Yours have been counted. The Court requires 90, and requires them today. The assessment has been adjusted upward. You were not consulted, as is proper.	false
derpy_chd_ex_cth_dem_hunger_derpy_wyvern_scales_secondary	Sacrifice 90 Wyvern Scales in the Ivory Road within 3 turns, or answer for it.	false
derpy_chd_ex_cth_dem_wrath_derpy_wyvern_scales_title	Court Requisition: Wyvern Scales	false
derpy_chd_ex_cth_dem_wrath_derpy_wyvern_scales_primary	Wyvern scales are taken at great cost from the nesting peaks. Yours have been counted. The Court requires 180, and requires them today. This is no longer an assessment. The Court has read your ledgers and finds them out of harmony.	false
derpy_chd_ex_cth_dem_wrath_derpy_wyvern_scales_secondary	Sacrifice 180 Wyvern Scales in the Ivory Road within 3 turns, or answer for it.	false
derpy_chd_ex_cth_dem_paid_title	The Levy Surrendered	false
derpy_chd_ex_cth_dem_paid_primary	The goods were counted, sealed and entered against your name in a hand nobody could fault.	false
derpy_chd_ex_cth_dem_paid_secondary	The Court is satisfied. The file remains open, as all files do.	false
derpy_chd_ex_cth_dem_wrath_title	The Assessment Lapsed	false
derpy_chd_ex_cth_dem_wrath_primary	No goods arrived, and the clerk who expected them wrote down that none had. The note was countersigned the same afternoon.	false
derpy_chd_ex_cth_dem_wrath_secondary	The Court adjusts its regard for you, correctly and in writing.	false
derpy_chd_ex_dwf_dem_tithe_animals_title	The Ancestors' Due: Exotic Animals	false
derpy_chd_ex_dwf_dem_tithe_animals_primary	Whatever the umgi want with beasts out of the far south, they want them badly, and a hold with a stake in the caravan takes its cut. The Ancestors are owed 30, and the Book says today. A small entry, and the Ancestors keep the book that small entries are written in.	false
derpy_chd_ex_dwf_dem_tithe_animals_secondary	Sacrifice 30 Exotic Animals in the Long Ledger within 3 turns, or answer for it.	false
derpy_chd_ex_dwf_dem_hunger_animals_title	A Debt Recorded: Exotic Animals	false
derpy_chd_ex_dwf_dem_hunger_animals_primary	Whatever the umgi want with beasts out of the far south, they want them badly, and a hold with a stake in the caravan takes its cut. The Ancestors are owed 90, and the Book says today. More than the season's due. It has been entered against your name, which is not a threat, only a record.	false
derpy_chd_ex_dwf_dem_hunger_animals_secondary	Sacrifice 90 Exotic Animals in the Long Ledger within 3 turns, or answer for it.	false
derpy_chd_ex_dwf_dem_wrath_animals_title	The Grudge Entered: Exotic Animals	false
derpy_chd_ex_dwf_dem_wrath_animals_primary	Whatever the umgi want with beasts out of the far south, they want them badly, and a hold with a stake in the caravan takes its cut. The Ancestors are owed 180, and the Book says today. The full sum. The Longbeards have stopped calling it a due and started calling it something with its own page.	false
derpy_chd_ex_dwf_dem_wrath_animals_secondary	Sacrifice 180 Exotic Animals in the Long Ledger within 3 turns, or answer for it.	false
derpy_chd_ex_dwf_dem_tithe_dyes_title	The Ancestors' Due: Dyes	false
derpy_chd_ex_dwf_dem_tithe_dyes_primary	Beard-dye is not a frivolity, whatever the Longbeards say in company, and the Guild has priced yours discreetly. The Ancestors are owed 30, and the Book says today. A small entry, and the Ancestors keep the book that small entries are written in.	false
derpy_chd_ex_dwf_dem_tithe_dyes_secondary	Sacrifice 30 Dyes in the Long Ledger within 3 turns, or answer for it.	false
derpy_chd_ex_dwf_dem_hunger_dyes_title	A Debt Recorded: Dyes	false
derpy_chd_ex_dwf_dem_hunger_dyes_primary	Beard-dye is not a frivolity, whatever the Longbeards say in company, and the Guild has priced yours discreetly. The Ancestors are owed 90, and the Book says today. More than the season's due. It has been entered against your name, which is not a threat, only a record.	false
derpy_chd_ex_dwf_dem_hunger_dyes_secondary	Sacrifice 90 Dyes in the Long Ledger within 3 turns, or answer for it.	false
derpy_chd_ex_dwf_dem_wrath_dyes_title	The Grudge Entered: Dyes	false
derpy_chd_ex_dwf_dem_wrath_dyes_primary	Beard-dye is not a frivolity, whatever the Longbeards say in company, and the Guild has priced yours discreetly. The Ancestors are owed 180, and the Book says today. The full sum. The Longbeards have stopped calling it a due and started calling it something with its own page.	false
derpy_chd_ex_dwf_dem_wrath_dyes_secondary	Sacrifice 180 Dyes in the Long Ledger within 3 turns, or answer for it.	false
derpy_chd_ex_dwf_dem_tithe_gems_title	The Ancestors' Due: Gemstones	false
derpy_chd_ex_dwf_dem_tithe_gems_primary	The gem-cutters of Karaz-a-Karak are working to a commission and are two hundred stones short of finishing it, which is now everyone's problem. The Ancestors are owed 30, and the Book says today. A small entry, and the Ancestors keep the book that small entries are written in.	false
derpy_chd_ex_dwf_dem_tithe_gems_secondary	Sacrifice 30 Gemstones in the Long Ledger within 3 turns, or answer for it.	false
derpy_chd_ex_dwf_dem_hunger_gems_title	A Debt Recorded: Gemstones	false
derpy_chd_ex_dwf_dem_hunger_gems_primary	The gem-cutters of Karaz-a-Karak are working to a commission and are two hundred stones short of finishing it, which is now everyone's problem. The Ancestors are owed 90, and the Book says today. More than the season's due. It has been entered against your name, which is not a threat, only a record.	false
derpy_chd_ex_dwf_dem_hunger_gems_secondary	Sacrifice 90 Gemstones in the Long Ledger within 3 turns, or answer for it.	false
derpy_chd_ex_dwf_dem_wrath_gems_title	The Grudge Entered: Gemstones	false
derpy_chd_ex_dwf_dem_wrath_gems_primary	The gem-cutters of Karaz-a-Karak are working to a commission and are two hundred stones short of finishing it, which is now everyone's problem. The Ancestors are owed 180, and the Book says today. The full sum. The Longbeards have stopped calling it a due and started calling it something with its own page.	false
derpy_chd_ex_dwf_dem_wrath_gems_secondary	Sacrifice 180 Gemstones in the Long Ledger within 3 turns, or answer for it.	false
derpy_chd_ex_dwf_dem_tithe_gold_idols_title	The Ancestors' Due: Golden Idols	false
derpy_chd_ex_dwf_dem_tithe_gold_idols_primary	Gold is gold whatever shape it was in first. The Guild keeps an assayer who does not ask about the shape. The Ancestors are owed 30, and the Book says today. A small entry, and the Ancestors keep the book that small entries are written in.	false
derpy_chd_ex_dwf_dem_tithe_gold_idols_secondary	Sacrifice 30 Golden Idols in the Long Ledger within 3 turns, or answer for it.	false
derpy_chd_ex_dwf_dem_hunger_gold_idols_title	A Debt Recorded: Golden Idols	false
derpy_chd_ex_dwf_dem_hunger_gold_idols_primary	Gold is gold whatever shape it was in first. The Guild keeps an assayer who does not ask about the shape. The Ancestors are owed 90, and the Book says today. More than the season's due. It has been entered against your name, which is not a threat, only a record.	false
derpy_chd_ex_dwf_dem_hunger_gold_idols_secondary	Sacrifice 90 Golden Idols in the Long Ledger within 3 turns, or answer for it.	false
derpy_chd_ex_dwf_dem_wrath_gold_idols_title	The Grudge Entered: Golden Idols	false
derpy_chd_ex_dwf_dem_wrath_gold_idols_primary	Gold is gold whatever shape it was in first. The Guild keeps an assayer who does not ask about the shape. The Ancestors are owed 180, and the Book says today. The full sum. The Longbeards have stopped calling it a due and started calling it something with its own page.	false
derpy_chd_ex_dwf_dem_wrath_gold_idols_secondary	Sacrifice 180 Golden Idols in the Long Ledger within 3 turns, or answer for it.	false
derpy_chd_ex_dwf_dem_tithe_ivory_title	The Ancestors' Due: Tusks	false
derpy_chd_ex_dwf_dem_tithe_ivory_primary	Tusk carves finer than bone and holds a rune longer than either. The apprentices have put in a standing order and been told to wait. The Ancestors are owed 30, and the Book says today. A small entry, and the Ancestors keep the book that small entries are written in.	false
derpy_chd_ex_dwf_dem_tithe_ivory_secondary	Sacrifice 30 Tusks in the Long Ledger within 3 turns, or answer for it.	false
derpy_chd_ex_dwf_dem_hunger_ivory_title	A Debt Recorded: Tusks	false
derpy_chd_ex_dwf_dem_hunger_ivory_primary	Tusk carves finer than bone and holds a rune longer than either. The apprentices have put in a standing order and been told to wait. The Ancestors are owed 90, and the Book says today. More than the season's due. It has been entered against your name, which is not a threat, only a record.	false
derpy_chd_ex_dwf_dem_hunger_ivory_secondary	Sacrifice 90 Tusks in the Long Ledger within 3 turns, or answer for it.	false
derpy_chd_ex_dwf_dem_wrath_ivory_title	The Grudge Entered: Tusks	false
derpy_chd_ex_dwf_dem_wrath_ivory_primary	Tusk carves finer than bone and holds a rune longer than either. The apprentices have put in a standing order and been told to wait. The Ancestors are owed 180, and the Book says today. The full sum. The Longbeards have stopped calling it a due and started calling it something with its own page.	false
derpy_chd_ex_dwf_dem_wrath_ivory_secondary	Sacrifice 180 Tusks in the Long Ledger within 3 turns, or answer for it.	false
derpy_chd_ex_dwf_dem_tithe_medicine_title	The Ancestors' Due: Medicinal Plants	false
derpy_chd_ex_dwf_dem_tithe_medicine_primary	A hold besieged twice in a decade keeps its stores full and does not explain itself to anyone. The Ancestors are owed 30, and the Book says today. A small entry, and the Ancestors keep the book that small entries are written in.	false
derpy_chd_ex_dwf_dem_tithe_medicine_secondary	Sacrifice 30 Medicinal Plants in the Long Ledger within 3 turns, or answer for it.	false
derpy_chd_ex_dwf_dem_hunger_medicine_title	A Debt Recorded: Medicinal Plants	false
derpy_chd_ex_dwf_dem_hunger_medicine_primary	A hold besieged twice in a decade keeps its stores full and does not explain itself to anyone. The Ancestors are owed 90, and the Book says today. More than the season's due. It has been entered against your name, which is not a threat, only a record.	false
derpy_chd_ex_dwf_dem_hunger_medicine_secondary	Sacrifice 90 Medicinal Plants in the Long Ledger within 3 turns, or answer for it.	false
derpy_chd_ex_dwf_dem_wrath_medicine_title	The Grudge Entered: Medicinal Plants	false
derpy_chd_ex_dwf_dem_wrath_medicine_primary	A hold besieged twice in a decade keeps its stores full and does not explain itself to anyone. The Ancestors are owed 180, and the Book says today. The full sum. The Longbeards have stopped calling it a due and started calling it something with its own page.	false
derpy_chd_ex_dwf_dem_wrath_medicine_secondary	Sacrifice 180 Medicinal Plants in the Long Ledger within 3 turns, or answer for it.	false
derpy_chd_ex_dwf_dem_tithe_obsidian_title	The Ancestors' Due: Carved Obsidian	false
derpy_chd_ex_dwf_dem_tithe_obsidian_primary	The runesmiths will not say what black glass is for and will not stop asking how much of it you are sitting on. The Ancestors are owed 30, and the Book says today. A small entry, and the Ancestors keep the book that small entries are written in.	false
derpy_chd_ex_dwf_dem_tithe_obsidian_secondary	Sacrifice 30 Carved Obsidian in the Long Ledger within 3 turns, or answer for it.	false
derpy_chd_ex_dwf_dem_hunger_obsidian_title	A Debt Recorded: Carved Obsidian	false
derpy_chd_ex_dwf_dem_hunger_obsidian_primary	The runesmiths will not say what black glass is for and will not stop asking how much of it you are sitting on. The Ancestors are owed 90, and the Book says today. More than the season's due. It has been entered against your name, which is not a threat, only a record.	false
derpy_chd_ex_dwf_dem_hunger_obsidian_secondary	Sacrifice 90 Carved Obsidian in the Long Ledger within 3 turns, or answer for it.	false
derpy_chd_ex_dwf_dem_wrath_obsidian_title	The Grudge Entered: Carved Obsidian	false
derpy_chd_ex_dwf_dem_wrath_obsidian_primary	The runesmiths will not say what black glass is for and will not stop asking how much of it you are sitting on. The Ancestors are owed 180, and the Book says today. The full sum. The Longbeards have stopped calling it a due and started calling it something with its own page.	false
derpy_chd_ex_dwf_dem_wrath_obsidian_secondary	Sacrifice 180 Carved Obsidian in the Long Ledger within 3 turns, or answer for it.	false
derpy_chd_ex_dwf_dem_tithe_rom_furs_title	The Ancestors' Due: Furs	false
derpy_chd_ex_dwf_dem_tithe_rom_furs_primary	The upper galleries are cold, whatever the Longbeards claim, and the fur trade has never once been short of buyers. The Ancestors are owed 30, and the Book says today. A small entry, and the Ancestors keep the book that small entries are written in.	false
derpy_chd_ex_dwf_dem_tithe_rom_furs_secondary	Sacrifice 30 Furs in the Long Ledger within 3 turns, or answer for it.	false
derpy_chd_ex_dwf_dem_hunger_rom_furs_title	A Debt Recorded: Furs	false
derpy_chd_ex_dwf_dem_hunger_rom_furs_primary	The upper galleries are cold, whatever the Longbeards claim, and the fur trade has never once been short of buyers. The Ancestors are owed 90, and the Book says today. More than the season's due. It has been entered against your name, which is not a threat, only a record.	false
derpy_chd_ex_dwf_dem_hunger_rom_furs_secondary	Sacrifice 90 Furs in the Long Ledger within 3 turns, or answer for it.	false
derpy_chd_ex_dwf_dem_wrath_rom_furs_title	The Grudge Entered: Furs	false
derpy_chd_ex_dwf_dem_wrath_rom_furs_primary	The upper galleries are cold, whatever the Longbeards claim, and the fur trade has never once been short of buyers. The Ancestors are owed 180, and the Book says today. The full sum. The Longbeards have stopped calling it a due and started calling it something with its own page.	false
derpy_chd_ex_dwf_dem_wrath_rom_furs_secondary	Sacrifice 180 Furs in the Long Ledger within 3 turns, or answer for it.	false
derpy_chd_ex_dwf_dem_tithe_rom_glass_title	The Ancestors' Due: Dwarf Beer	false
derpy_chd_ex_dwf_dem_tithe_rom_glass_primary	Three brewhouses have run dry in one season, which every hold that matters has recorded as an emergency. Your barrels are the nearest. The Ancestors are owed 30, and the Book says today. A small entry, and the Ancestors keep the book that small entries are written in.	false
derpy_chd_ex_dwf_dem_tithe_rom_glass_secondary	Sacrifice 30 Dwarf Beer in the Long Ledger within 3 turns, or answer for it.	false
derpy_chd_ex_dwf_dem_hunger_rom_glass_title	A Debt Recorded: Dwarf Beer	false
derpy_chd_ex_dwf_dem_hunger_rom_glass_primary	Three brewhouses have run dry in one season, which every hold that matters has recorded as an emergency. Your barrels are the nearest. The Ancestors are owed 90, and the Book says today. More than the season's due. It has been entered against your name, which is not a threat, only a record.	false
derpy_chd_ex_dwf_dem_hunger_rom_glass_secondary	Sacrifice 90 Dwarf Beer in the Long Ledger within 3 turns, or answer for it.	false
derpy_chd_ex_dwf_dem_wrath_rom_glass_title	The Grudge Entered: Dwarf Beer	false
derpy_chd_ex_dwf_dem_wrath_rom_glass_primary	Three brewhouses have run dry in one season, which every hold that matters has recorded as an emergency. Your barrels are the nearest. The Ancestors are owed 180, and the Book says today. The full sum. The Longbeards have stopped calling it a due and started calling it something with its own page.	false
derpy_chd_ex_dwf_dem_wrath_rom_glass_secondary	Sacrifice 180 Dwarf Beer in the Long Ledger within 3 turns, or answer for it.	false
derpy_chd_ex_dwf_dem_tithe_rom_iron_title	The Ancestors' Due: Iron	false
derpy_chd_ex_dwf_dem_tithe_rom_iron_primary	Every hold on the Silver Road is re-forging at once, and the Guild has entered your bars in the ledger at a price it does not intend to argue about. The Ancestors are owed 30, and the Book says today. A small entry, and the Ancestors keep the book that small entries are written in.	false
derpy_chd_ex_dwf_dem_tithe_rom_iron_secondary	Sacrifice 30 Iron in the Long Ledger within 3 turns, or answer for it.	false
derpy_chd_ex_dwf_dem_hunger_rom_iron_title	A Debt Recorded: Iron	false
derpy_chd_ex_dwf_dem_hunger_rom_iron_primary	Every hold on the Silver Road is re-forging at once, and the Guild has entered your bars in the ledger at a price it does not intend to argue about. The Ancestors are owed 90, and the Book says today. More than the season's due. It has been entered against your name, which is not a threat, only a record.	false
derpy_chd_ex_dwf_dem_hunger_rom_iron_secondary	Sacrifice 90 Iron in the Long Ledger within 3 turns, or answer for it.	false
derpy_chd_ex_dwf_dem_wrath_rom_iron_title	The Grudge Entered: Iron	false
derpy_chd_ex_dwf_dem_wrath_rom_iron_primary	Every hold on the Silver Road is re-forging at once, and the Guild has entered your bars in the ledger at a price it does not intend to argue about. The Ancestors are owed 180, and the Book says today. The full sum. The Longbeards have stopped calling it a due and started calling it something with its own page.	false
derpy_chd_ex_dwf_dem_wrath_rom_iron_secondary	Sacrifice 180 Iron in the Long Ledger within 3 turns, or answer for it.	false
derpy_chd_ex_dwf_dem_tithe_rom_lead_title	The Ancestors' Due: Salt	false
derpy_chd_ex_dwf_dem_tithe_rom_lead_primary	Salt keeps a siege fed and a grudge current. Both are running long this season. The Ancestors are owed 30, and the Book says today. A small entry, and the Ancestors keep the book that small entries are written in.	false
derpy_chd_ex_dwf_dem_tithe_rom_lead_secondary	Sacrifice 30 Salt in the Long Ledger within 3 turns, or answer for it.	false
derpy_chd_ex_dwf_dem_hunger_rom_lead_title	A Debt Recorded: Salt	false
derpy_chd_ex_dwf_dem_hunger_rom_lead_primary	Salt keeps a siege fed and a grudge current. Both are running long this season. The Ancestors are owed 90, and the Book says today. More than the season's due. It has been entered against your name, which is not a threat, only a record.	false
derpy_chd_ex_dwf_dem_hunger_rom_lead_secondary	Sacrifice 90 Salt in the Long Ledger within 3 turns, or answer for it.	false
derpy_chd_ex_dwf_dem_wrath_rom_lead_title	The Grudge Entered: Salt	false
derpy_chd_ex_dwf_dem_wrath_rom_lead_primary	Salt keeps a siege fed and a grudge current. Both are running long this season. The Ancestors are owed 180, and the Book says today. The full sum. The Longbeards have stopped calling it a due and started calling it something with its own page.	false
derpy_chd_ex_dwf_dem_wrath_rom_lead_secondary	Sacrifice 180 Salt in the Long Ledger within 3 turns, or answer for it.	false
derpy_chd_ex_dwf_dem_tithe_rom_marble_title	The Ancestors' Due: Marble	false
derpy_chd_ex_dwf_dem_tithe_rom_marble_primary	Karak masons do not build in stone they did not cut. They will make an exception, once, at a price, and never mention it again. The Ancestors are owed 30, and the Book says today. A small entry, and the Ancestors keep the book that small entries are written in.	false
derpy_chd_ex_dwf_dem_tithe_rom_marble_secondary	Sacrifice 30 Marble in the Long Ledger within 3 turns, or answer for it.	false
derpy_chd_ex_dwf_dem_hunger_rom_marble_title	A Debt Recorded: Marble	false
derpy_chd_ex_dwf_dem_hunger_rom_marble_primary	Karak masons do not build in stone they did not cut. They will make an exception, once, at a price, and never mention it again. The Ancestors are owed 90, and the Book says today. More than the season's due. It has been entered against your name, which is not a threat, only a record.	false
derpy_chd_ex_dwf_dem_hunger_rom_marble_secondary	Sacrifice 90 Marble in the Long Ledger within 3 turns, or answer for it.	false
derpy_chd_ex_dwf_dem_wrath_rom_marble_title	The Grudge Entered: Marble	false
derpy_chd_ex_dwf_dem_wrath_rom_marble_primary	Karak masons do not build in stone they did not cut. They will make an exception, once, at a price, and never mention it again. The Ancestors are owed 180, and the Book says today. The full sum. The Longbeards have stopped calling it a due and started calling it something with its own page.	false
derpy_chd_ex_dwf_dem_wrath_rom_marble_secondary	Sacrifice 180 Marble in the Long Ledger within 3 turns, or answer for it.	false
derpy_chd_ex_dwf_dem_tithe_rom_textiles_title	The Ancestors' Due: Pottery	false
derpy_chd_ex_dwf_dem_tithe_rom_textiles_primary	Karak potters make one shape and make it perfectly, so anything else has to be bought in, which nobody enjoys admitting. The Ancestors are owed 30, and the Book says today. A small entry, and the Ancestors keep the book that small entries are written in.	false
derpy_chd_ex_dwf_dem_tithe_rom_textiles_secondary	Sacrifice 30 Pottery in the Long Ledger within 3 turns, or answer for it.	false
derpy_chd_ex_dwf_dem_hunger_rom_textiles_title	A Debt Recorded: Pottery	false
derpy_chd_ex_dwf_dem_hunger_rom_textiles_primary	Karak potters make one shape and make it perfectly, so anything else has to be bought in, which nobody enjoys admitting. The Ancestors are owed 90, and the Book says today. More than the season's due. It has been entered against your name, which is not a threat, only a record.	false
derpy_chd_ex_dwf_dem_hunger_rom_textiles_secondary	Sacrifice 90 Pottery in the Long Ledger within 3 turns, or answer for it.	false
derpy_chd_ex_dwf_dem_wrath_rom_textiles_title	The Grudge Entered: Pottery	false
derpy_chd_ex_dwf_dem_wrath_rom_textiles_primary	Karak potters make one shape and make it perfectly, so anything else has to be bought in, which nobody enjoys admitting. The Ancestors are owed 180, and the Book says today. The full sum. The Longbeards have stopped calling it a due and started calling it something with its own page.	false
derpy_chd_ex_dwf_dem_wrath_rom_textiles_secondary	Sacrifice 180 Pottery in the Long Ledger within 3 turns, or answer for it.	false
derpy_chd_ex_dwf_dem_tithe_rom_timber_title	The Ancestors' Due: Timber	false
derpy_chd_ex_dwf_dem_tithe_rom_timber_primary	Pit-props, and the deep workings eat them. A hold short of timber stops digging, and a hold that stops digging starts arguing. The Ancestors are owed 30, and the Book says today. A small entry, and the Ancestors keep the book that small entries are written in.	false
derpy_chd_ex_dwf_dem_tithe_rom_timber_secondary	Sacrifice 30 Timber in the Long Ledger within 3 turns, or answer for it.	false
derpy_chd_ex_dwf_dem_hunger_rom_timber_title	A Debt Recorded: Timber	false
derpy_chd_ex_dwf_dem_hunger_rom_timber_primary	Pit-props, and the deep workings eat them. A hold short of timber stops digging, and a hold that stops digging starts arguing. The Ancestors are owed 90, and the Book says today. More than the season's due. It has been entered against your name, which is not a threat, only a record.	false
derpy_chd_ex_dwf_dem_hunger_rom_timber_secondary	Sacrifice 90 Timber in the Long Ledger within 3 turns, or answer for it.	false
derpy_chd_ex_dwf_dem_wrath_rom_timber_title	The Grudge Entered: Timber	false
derpy_chd_ex_dwf_dem_wrath_rom_timber_primary	Pit-props, and the deep workings eat them. A hold short of timber stops digging, and a hold that stops digging starts arguing. The Ancestors are owed 180, and the Book says today. The full sum. The Longbeards have stopped calling it a due and started calling it something with its own page.	false
derpy_chd_ex_dwf_dem_wrath_rom_timber_secondary	Sacrifice 180 Timber in the Long Ledger within 3 turns, or answer for it.	false
derpy_chd_ex_dwf_dem_tithe_rom_wine_title	The Ancestors' Due: Wine	false
derpy_chd_ex_dwf_dem_tithe_rom_wine_primary	Elgi vintages came up in a trade lot nobody ordered, and the Longbeards have decided, grudgingly and in writing, that some of it is drinkable. The Ancestors are owed 30, and the Book says today. A small entry, and the Ancestors keep the book that small entries are written in.	false
derpy_chd_ex_dwf_dem_tithe_rom_wine_secondary	Sacrifice 30 Wine in the Long Ledger within 3 turns, or answer for it.	false
derpy_chd_ex_dwf_dem_hunger_rom_wine_title	A Debt Recorded: Wine	false
derpy_chd_ex_dwf_dem_hunger_rom_wine_primary	Elgi vintages came up in a trade lot nobody ordered, and the Longbeards have decided, grudgingly and in writing, that some of it is drinkable. The Ancestors are owed 90, and the Book says today. More than the season's due. It has been entered against your name, which is not a threat, only a record.	false
derpy_chd_ex_dwf_dem_hunger_rom_wine_secondary	Sacrifice 90 Wine in the Long Ledger within 3 turns, or answer for it.	false
derpy_chd_ex_dwf_dem_wrath_rom_wine_title	The Grudge Entered: Wine	false
derpy_chd_ex_dwf_dem_wrath_rom_wine_primary	Elgi vintages came up in a trade lot nobody ordered, and the Longbeards have decided, grudgingly and in writing, that some of it is drinkable. The Ancestors are owed 180, and the Book says today. The full sum. The Longbeards have stopped calling it a due and started calling it something with its own page.	false
derpy_chd_ex_dwf_dem_wrath_rom_wine_secondary	Sacrifice 180 Wine in the Long Ledger within 3 turns, or answer for it.	false
derpy_chd_ex_dwf_dem_tithe_spices_title	The Ancestors' Due: Spices	false
derpy_chd_ex_dwf_dem_tithe_spices_primary	Umgi cooking is a mystery best left alone, but the spice trade pays, and the Guild has never let a mystery stand in the way of a margin. The Ancestors are owed 30, and the Book says today. A small entry, and the Ancestors keep the book that small entries are written in.	false
derpy_chd_ex_dwf_dem_tithe_spices_secondary	Sacrifice 30 Spices in the Long Ledger within 3 turns, or answer for it.	false
derpy_chd_ex_dwf_dem_hunger_spices_title	A Debt Recorded: Spices	false
derpy_chd_ex_dwf_dem_hunger_spices_primary	Umgi cooking is a mystery best left alone, but the spice trade pays, and the Guild has never let a mystery stand in the way of a margin. The Ancestors are owed 90, and the Book says today. More than the season's due. It has been entered against your name, which is not a threat, only a record.	false
derpy_chd_ex_dwf_dem_hunger_spices_secondary	Sacrifice 90 Spices in the Long Ledger within 3 turns, or answer for it.	false
derpy_chd_ex_dwf_dem_wrath_spices_title	The Grudge Entered: Spices	false
derpy_chd_ex_dwf_dem_wrath_spices_primary	Umgi cooking is a mystery best left alone, but the spice trade pays, and the Guild has never let a mystery stand in the way of a margin. The Ancestors are owed 180, and the Book says today. The full sum. The Longbeards have stopped calling it a due and started calling it something with its own page.	false
derpy_chd_ex_dwf_dem_wrath_spices_secondary	Sacrifice 180 Spices in the Long Ledger within 3 turns, or answer for it.	false
derpy_chd_ex_dwf_dem_tithe_trinkets_title	The Ancestors' Due: Elven Trinkets	false
derpy_chd_ex_dwf_dem_tithe_trinkets_primary	Elgi work fetches a shameful sum from umgi collectors, and every hold that denies trading in it is trading in it. The Ancestors are owed 30, and the Book says today. A small entry, and the Ancestors keep the book that small entries are written in.	false
derpy_chd_ex_dwf_dem_tithe_trinkets_secondary	Sacrifice 30 Elven Trinkets in the Long Ledger within 3 turns, or answer for it.	false
derpy_chd_ex_dwf_dem_hunger_trinkets_title	A Debt Recorded: Elven Trinkets	false
derpy_chd_ex_dwf_dem_hunger_trinkets_primary	Elgi work fetches a shameful sum from umgi collectors, and every hold that denies trading in it is trading in it. The Ancestors are owed 90, and the Book says today. More than the season's due. It has been entered against your name, which is not a threat, only a record.	false
derpy_chd_ex_dwf_dem_hunger_trinkets_secondary	Sacrifice 90 Elven Trinkets in the Long Ledger within 3 turns, or answer for it.	false
derpy_chd_ex_dwf_dem_wrath_trinkets_title	The Grudge Entered: Elven Trinkets	false
derpy_chd_ex_dwf_dem_wrath_trinkets_primary	Elgi work fetches a shameful sum from umgi collectors, and every hold that denies trading in it is trading in it. The Ancestors are owed 180, and the Book says today. The full sum. The Longbeards have stopped calling it a due and started calling it something with its own page.	false
derpy_chd_ex_dwf_dem_wrath_trinkets_secondary	Sacrifice 180 Elven Trinkets in the Long Ledger within 3 turns, or answer for it.	false
derpy_chd_ex_dwf_dem_tithe_derpy_amber_title	The Ancestors' Due: Amber	false
derpy_chd_ex_dwf_dem_tithe_derpy_amber_primary	Amber is prized by jewellers and wizards alike. Your chests of it have not gone unremarked. The Ancestors are owed 30, and the Book says today. A small entry, and the Ancestors keep the book that small entries are written in.	false
derpy_chd_ex_dwf_dem_tithe_derpy_amber_secondary	Sacrifice 30 Amber in the Long Ledger within 3 turns, or answer for it.	false
derpy_chd_ex_dwf_dem_hunger_derpy_amber_title	A Debt Recorded: Amber	false
derpy_chd_ex_dwf_dem_hunger_derpy_amber_primary	Amber is prized by jewellers and wizards alike. Your chests of it have not gone unremarked. The Ancestors are owed 90, and the Book says today. More than the season's due. It has been entered against your name, which is not a threat, only a record.	false
derpy_chd_ex_dwf_dem_hunger_derpy_amber_secondary	Sacrifice 90 Amber in the Long Ledger within 3 turns, or answer for it.	false
derpy_chd_ex_dwf_dem_wrath_derpy_amber_title	The Grudge Entered: Amber	false
derpy_chd_ex_dwf_dem_wrath_derpy_amber_primary	Amber is prized by jewellers and wizards alike. Your chests of it have not gone unremarked. The Ancestors are owed 180, and the Book says today. The full sum. The Longbeards have stopped calling it a due and started calling it something with its own page.	false
derpy_chd_ex_dwf_dem_wrath_derpy_amber_secondary	Sacrifice 180 Amber in the Long Ledger within 3 turns, or answer for it.	false
derpy_chd_ex_dwf_dem_tithe_derpy_black_lotus_title	The Ancestors' Due: Black Lotus	false
derpy_chd_ex_dwf_dem_tithe_derpy_black_lotus_primary	Black lotus is sought by assassins and healers alike. Somebody knows exactly how many ounces you hold. The Ancestors are owed 30, and the Book says today. A small entry, and the Ancestors keep the book that small entries are written in.	false
derpy_chd_ex_dwf_dem_tithe_derpy_black_lotus_secondary	Sacrifice 30 Black Lotus in the Long Ledger within 3 turns, or answer for it.	false
derpy_chd_ex_dwf_dem_hunger_derpy_black_lotus_title	A Debt Recorded: Black Lotus	false
derpy_chd_ex_dwf_dem_hunger_derpy_black_lotus_primary	Black lotus is sought by assassins and healers alike. Somebody knows exactly how many ounces you hold. The Ancestors are owed 90, and the Book says today. More than the season's due. It has been entered against your name, which is not a threat, only a record.	false
derpy_chd_ex_dwf_dem_hunger_derpy_black_lotus_secondary	Sacrifice 90 Black Lotus in the Long Ledger within 3 turns, or answer for it.	false
derpy_chd_ex_dwf_dem_wrath_derpy_black_lotus_title	The Grudge Entered: Black Lotus	false
derpy_chd_ex_dwf_dem_wrath_derpy_black_lotus_primary	Black lotus is sought by assassins and healers alike. Somebody knows exactly how many ounces you hold. The Ancestors are owed 180, and the Book says today. The full sum. The Longbeards have stopped calling it a due and started calling it something with its own page.	false
derpy_chd_ex_dwf_dem_wrath_derpy_black_lotus_secondary	Sacrifice 180 Black Lotus in the Long Ledger within 3 turns, or answer for it.	false
derpy_chd_ex_dwf_dem_tithe_derpy_blackpowder_title	The Ancestors' Due: Blackpowder	false
derpy_chd_ex_dwf_dem_tithe_derpy_blackpowder_primary	Blackpowder is the cannon's bread. Your kegs are known, and so is how dry you are keeping them. The Ancestors are owed 30, and the Book says today. A small entry, and the Ancestors keep the book that small entries are written in.	false
derpy_chd_ex_dwf_dem_tithe_derpy_blackpowder_secondary	Sacrifice 30 Blackpowder in the Long Ledger within 3 turns, or answer for it.	false
derpy_chd_ex_dwf_dem_hunger_derpy_blackpowder_title	A Debt Recorded: Blackpowder	false
derpy_chd_ex_dwf_dem_hunger_derpy_blackpowder_primary	Blackpowder is the cannon's bread. Your kegs are known, and so is how dry you are keeping them. The Ancestors are owed 90, and the Book says today. More than the season's due. It has been entered against your name, which is not a threat, only a record.	false
derpy_chd_ex_dwf_dem_hunger_derpy_blackpowder_secondary	Sacrifice 90 Blackpowder in the Long Ledger within 3 turns, or answer for it.	false
derpy_chd_ex_dwf_dem_wrath_derpy_blackpowder_title	The Grudge Entered: Blackpowder	false
derpy_chd_ex_dwf_dem_wrath_derpy_blackpowder_primary	Blackpowder is the cannon's bread. Your kegs are known, and so is how dry you are keeping them. The Ancestors are owed 180, and the Book says today. The full sum. The Longbeards have stopped calling it a due and started calling it something with its own page.	false
derpy_chd_ex_dwf_dem_wrath_derpy_blackpowder_secondary	Sacrifice 180 Blackpowder in the Long Ledger within 3 turns, or answer for it.	false
derpy_chd_ex_dwf_dem_tithe_derpy_books_title	The Ancestors' Due: Books	false
derpy_chd_ex_dwf_dem_tithe_derpy_books_primary	Books are knowledge, and knowledge is owed. Your crates of them have been catalogued by somebody else. The Ancestors are owed 30, and the Book says today. A small entry, and the Ancestors keep the book that small entries are written in.	false
derpy_chd_ex_dwf_dem_tithe_derpy_books_secondary	Sacrifice 30 Books in the Long Ledger within 3 turns, or answer for it.	false
derpy_chd_ex_dwf_dem_hunger_derpy_books_title	A Debt Recorded: Books	false
derpy_chd_ex_dwf_dem_hunger_derpy_books_primary	Books are knowledge, and knowledge is owed. Your crates of them have been catalogued by somebody else. The Ancestors are owed 90, and the Book says today. More than the season's due. It has been entered against your name, which is not a threat, only a record.	false
derpy_chd_ex_dwf_dem_hunger_derpy_books_secondary	Sacrifice 90 Books in the Long Ledger within 3 turns, or answer for it.	false
derpy_chd_ex_dwf_dem_wrath_derpy_books_title	The Grudge Entered: Books	false
derpy_chd_ex_dwf_dem_wrath_derpy_books_primary	Books are knowledge, and knowledge is owed. Your crates of them have been catalogued by somebody else. The Ancestors are owed 180, and the Book says today. The full sum. The Longbeards have stopped calling it a due and started calling it something with its own page.	false
derpy_chd_ex_dwf_dem_wrath_derpy_books_secondary	Sacrifice 180 Books in the Long Ledger within 3 turns, or answer for it.	false
derpy_chd_ex_dwf_dem_tithe_derpy_brass_title	The Ancestors' Due: Brass	false
derpy_chd_ex_dwf_dem_tithe_derpy_brass_primary	Brass is cast for gears, guns and idols. Your ingots are written into a ledger that is not yours. The Ancestors are owed 30, and the Book says today. A small entry, and the Ancestors keep the book that small entries are written in.	false
derpy_chd_ex_dwf_dem_tithe_derpy_brass_secondary	Sacrifice 30 Brass in the Long Ledger within 3 turns, or answer for it.	false
derpy_chd_ex_dwf_dem_hunger_derpy_brass_title	A Debt Recorded: Brass	false
derpy_chd_ex_dwf_dem_hunger_derpy_brass_primary	Brass is cast for gears, guns and idols. Your ingots are written into a ledger that is not yours. The Ancestors are owed 90, and the Book says today. More than the season's due. It has been entered against your name, which is not a threat, only a record.	false
derpy_chd_ex_dwf_dem_hunger_derpy_brass_secondary	Sacrifice 90 Brass in the Long Ledger within 3 turns, or answer for it.	false
derpy_chd_ex_dwf_dem_wrath_derpy_brass_title	The Grudge Entered: Brass	false
derpy_chd_ex_dwf_dem_wrath_derpy_brass_primary	Brass is cast for gears, guns and idols. Your ingots are written into a ledger that is not yours. The Ancestors are owed 180, and the Book says today. The full sum. The Longbeards have stopped calling it a due and started calling it something with its own page.	false
derpy_chd_ex_dwf_dem_wrath_derpy_brass_secondary	Sacrifice 180 Brass in the Long Ledger within 3 turns, or answer for it.	false
derpy_chd_ex_dwf_dem_tithe_derpy_brimstone_title	The Ancestors' Due: Brimstone	false
derpy_chd_ex_dwf_dem_tithe_derpy_brimstone_primary	Brimstone feeds the furnace and the powder mill both. Your sacks of it have not gone unnoticed. The Ancestors are owed 30, and the Book says today. A small entry, and the Ancestors keep the book that small entries are written in.	false
derpy_chd_ex_dwf_dem_tithe_derpy_brimstone_secondary	Sacrifice 30 Brimstone in the Long Ledger within 3 turns, or answer for it.	false
derpy_chd_ex_dwf_dem_hunger_derpy_brimstone_title	A Debt Recorded: Brimstone	false
derpy_chd_ex_dwf_dem_hunger_derpy_brimstone_primary	Brimstone feeds the furnace and the powder mill both. Your sacks of it have not gone unnoticed. The Ancestors are owed 90, and the Book says today. More than the season's due. It has been entered against your name, which is not a threat, only a record.	false
derpy_chd_ex_dwf_dem_hunger_derpy_brimstone_secondary	Sacrifice 90 Brimstone in the Long Ledger within 3 turns, or answer for it.	false
derpy_chd_ex_dwf_dem_wrath_derpy_brimstone_title	The Grudge Entered: Brimstone	false
derpy_chd_ex_dwf_dem_wrath_derpy_brimstone_primary	Brimstone feeds the furnace and the powder mill both. Your sacks of it have not gone unnoticed. The Ancestors are owed 180, and the Book says today. The full sum. The Longbeards have stopped calling it a due and started calling it something with its own page.	false
derpy_chd_ex_dwf_dem_wrath_derpy_brimstone_secondary	Sacrifice 180 Brimstone in the Long Ledger within 3 turns, or answer for it.	false
derpy_chd_ex_dwf_dem_tithe_derpy_carpets_title	The Ancestors' Due: Arabyan Carpets	false
derpy_chd_ex_dwf_dem_tithe_derpy_carpets_primary	Arabyan carpets are knotted in patterns older than the Empire. Your rolls have been unrolled and priced. The Ancestors are owed 30, and the Book says today. A small entry, and the Ancestors keep the book that small entries are written in.	false
derpy_chd_ex_dwf_dem_tithe_derpy_carpets_secondary	Sacrifice 30 Arabyan Carpets in the Long Ledger within 3 turns, or answer for it.	false
derpy_chd_ex_dwf_dem_hunger_derpy_carpets_title	A Debt Recorded: Arabyan Carpets	false
derpy_chd_ex_dwf_dem_hunger_derpy_carpets_primary	Arabyan carpets are knotted in patterns older than the Empire. Your rolls have been unrolled and priced. The Ancestors are owed 90, and the Book says today. More than the season's due. It has been entered against your name, which is not a threat, only a record.	false
derpy_chd_ex_dwf_dem_hunger_derpy_carpets_secondary	Sacrifice 90 Arabyan Carpets in the Long Ledger within 3 turns, or answer for it.	false
derpy_chd_ex_dwf_dem_wrath_derpy_carpets_title	The Grudge Entered: Arabyan Carpets	false
derpy_chd_ex_dwf_dem_wrath_derpy_carpets_primary	Arabyan carpets are knotted in patterns older than the Empire. Your rolls have been unrolled and priced. The Ancestors are owed 180, and the Book says today. The full sum. The Longbeards have stopped calling it a due and started calling it something with its own page.	false
derpy_chd_ex_dwf_dem_wrath_derpy_carpets_secondary	Sacrifice 180 Arabyan Carpets in the Long Ledger within 3 turns, or answer for it.	false
derpy_chd_ex_dwf_dem_tithe_derpy_coal_title	The Ancestors' Due: Coal	false
derpy_chd_ex_dwf_dem_tithe_derpy_coal_primary	Every forge and furnace burns coal. Yours is stacked in sacks while other fires go hungry. The Ancestors are owed 30, and the Book says today. A small entry, and the Ancestors keep the book that small entries are written in.	false
derpy_chd_ex_dwf_dem_tithe_derpy_coal_secondary	Sacrifice 30 Coal in the Long Ledger within 3 turns, or answer for it.	false
derpy_chd_ex_dwf_dem_hunger_derpy_coal_title	A Debt Recorded: Coal	false
derpy_chd_ex_dwf_dem_hunger_derpy_coal_primary	Every forge and furnace burns coal. Yours is stacked in sacks while other fires go hungry. The Ancestors are owed 90, and the Book says today. More than the season's due. It has been entered against your name, which is not a threat, only a record.	false
derpy_chd_ex_dwf_dem_hunger_derpy_coal_secondary	Sacrifice 90 Coal in the Long Ledger within 3 turns, or answer for it.	false
derpy_chd_ex_dwf_dem_wrath_derpy_coal_title	The Grudge Entered: Coal	false
derpy_chd_ex_dwf_dem_wrath_derpy_coal_primary	Every forge and furnace burns coal. Yours is stacked in sacks while other fires go hungry. The Ancestors are owed 180, and the Book says today. The full sum. The Longbeards have stopped calling it a due and started calling it something with its own page.	false
derpy_chd_ex_dwf_dem_wrath_derpy_coal_secondary	Sacrifice 180 Coal in the Long Ledger within 3 turns, or answer for it.	false
derpy_chd_ex_dwf_dem_tithe_derpy_dragon_bone_title	The Ancestors' Due: Dragon Bone	false
derpy_chd_ex_dwf_dem_tithe_derpy_dragon_bone_primary	Dragon bone grows rarer every century. Your crates of it are a matter of record. The Ancestors are owed 30, and the Book says today. A small entry, and the Ancestors keep the book that small entries are written in.	false
derpy_chd_ex_dwf_dem_tithe_derpy_dragon_bone_secondary	Sacrifice 30 Dragon Bone in the Long Ledger within 3 turns, or answer for it.	false
derpy_chd_ex_dwf_dem_hunger_derpy_dragon_bone_title	A Debt Recorded: Dragon Bone	false
derpy_chd_ex_dwf_dem_hunger_derpy_dragon_bone_primary	Dragon bone grows rarer every century. Your crates of it are a matter of record. The Ancestors are owed 90, and the Book says today. More than the season's due. It has been entered against your name, which is not a threat, only a record.	false
derpy_chd_ex_dwf_dem_hunger_derpy_dragon_bone_secondary	Sacrifice 90 Dragon Bone in the Long Ledger within 3 turns, or answer for it.	false
derpy_chd_ex_dwf_dem_wrath_derpy_dragon_bone_title	The Grudge Entered: Dragon Bone	false
derpy_chd_ex_dwf_dem_wrath_derpy_dragon_bone_primary	Dragon bone grows rarer every century. Your crates of it are a matter of record. The Ancestors are owed 180, and the Book says today. The full sum. The Longbeards have stopped calling it a due and started calling it something with its own page.	false
derpy_chd_ex_dwf_dem_wrath_derpy_dragon_bone_secondary	Sacrifice 180 Dragon Bone in the Long Ledger within 3 turns, or answer for it.	false
derpy_chd_ex_dwf_dem_tithe_derpy_feathers_title	The Ancestors' Due: Griffon and Pegasus Feathers	false
derpy_chd_ex_dwf_dem_tithe_derpy_feathers_primary	Griffon and pegasus feathers are gathered from the high eyries at some risk. Your bundles have been counted. The Ancestors are owed 30, and the Book says today. A small entry, and the Ancestors keep the book that small entries are written in.	false
derpy_chd_ex_dwf_dem_tithe_derpy_feathers_secondary	Sacrifice 30 Griffon and Pegasus Feathers in the Long Ledger within 3 turns, or answer for it.	false
derpy_chd_ex_dwf_dem_hunger_derpy_feathers_title	A Debt Recorded: Griffon and Pegasus Feathers	false
derpy_chd_ex_dwf_dem_hunger_derpy_feathers_primary	Griffon and pegasus feathers are gathered from the high eyries at some risk. Your bundles have been counted. The Ancestors are owed 90, and the Book says today. More than the season's due. It has been entered against your name, which is not a threat, only a record.	false
derpy_chd_ex_dwf_dem_hunger_derpy_feathers_secondary	Sacrifice 90 Griffon and Pegasus Feathers in the Long Ledger within 3 turns, or answer for it.	false
derpy_chd_ex_dwf_dem_wrath_derpy_feathers_title	The Grudge Entered: Griffon and Pegasus Feathers	false
derpy_chd_ex_dwf_dem_wrath_derpy_feathers_primary	Griffon and pegasus feathers are gathered from the high eyries at some risk. Your bundles have been counted. The Ancestors are owed 180, and the Book says today. The full sum. The Longbeards have stopped calling it a due and started calling it something with its own page.	false
derpy_chd_ex_dwf_dem_wrath_derpy_feathers_secondary	Sacrifice 180 Griffon and Pegasus Feathers in the Long Ledger within 3 turns, or answer for it.	false
derpy_chd_ex_dwf_dem_tithe_derpy_glassware_title	The Ancestors' Due: Glassware	false
derpy_chd_ex_dwf_dem_tithe_derpy_glassware_primary	Fine glass is easily broken and dearly bought. Your crates of it have been counted, carefully. The Ancestors are owed 30, and the Book says today. A small entry, and the Ancestors keep the book that small entries are written in.	false
derpy_chd_ex_dwf_dem_tithe_derpy_glassware_secondary	Sacrifice 30 Glassware in the Long Ledger within 3 turns, or answer for it.	false
derpy_chd_ex_dwf_dem_hunger_derpy_glassware_title	A Debt Recorded: Glassware	false
derpy_chd_ex_dwf_dem_hunger_derpy_glassware_primary	Fine glass is easily broken and dearly bought. Your crates of it have been counted, carefully. The Ancestors are owed 90, and the Book says today. More than the season's due. It has been entered against your name, which is not a threat, only a record.	false
derpy_chd_ex_dwf_dem_hunger_derpy_glassware_secondary	Sacrifice 90 Glassware in the Long Ledger within 3 turns, or answer for it.	false
derpy_chd_ex_dwf_dem_wrath_derpy_glassware_title	The Grudge Entered: Glassware	false
derpy_chd_ex_dwf_dem_wrath_derpy_glassware_primary	Fine glass is easily broken and dearly bought. Your crates of it have been counted, carefully. The Ancestors are owed 180, and the Book says today. The full sum. The Longbeards have stopped calling it a due and started calling it something with its own page.	false
derpy_chd_ex_dwf_dem_wrath_derpy_glassware_secondary	Sacrifice 180 Glassware in the Long Ledger within 3 turns, or answer for it.	false
derpy_chd_ex_dwf_dem_tithe_derpy_grain_title	The Ancestors' Due: Grain	false
derpy_chd_ex_dwf_dem_tithe_derpy_grain_primary	Grain is bread for the cities and fodder for the armies. Your granaries are full while others are not. The Ancestors are owed 30, and the Book says today. A small entry, and the Ancestors keep the book that small entries are written in.	false
derpy_chd_ex_dwf_dem_tithe_derpy_grain_secondary	Sacrifice 30 Grain in the Long Ledger within 3 turns, or answer for it.	false
derpy_chd_ex_dwf_dem_hunger_derpy_grain_title	A Debt Recorded: Grain	false
derpy_chd_ex_dwf_dem_hunger_derpy_grain_primary	Grain is bread for the cities and fodder for the armies. Your granaries are full while others are not. The Ancestors are owed 90, and the Book says today. More than the season's due. It has been entered against your name, which is not a threat, only a record.	false
derpy_chd_ex_dwf_dem_hunger_derpy_grain_secondary	Sacrifice 90 Grain in the Long Ledger within 3 turns, or answer for it.	false
derpy_chd_ex_dwf_dem_wrath_derpy_grain_title	The Grudge Entered: Grain	false
derpy_chd_ex_dwf_dem_wrath_derpy_grain_primary	Grain is bread for the cities and fodder for the armies. Your granaries are full while others are not. The Ancestors are owed 180, and the Book says today. The full sum. The Longbeards have stopped calling it a due and started calling it something with its own page.	false
derpy_chd_ex_dwf_dem_wrath_derpy_grain_secondary	Sacrifice 180 Grain in the Long Ledger within 3 turns, or answer for it.	false
derpy_chd_ex_dwf_dem_tithe_derpy_gromril_title	The Ancestors' Due: Gromril	false
derpy_chd_ex_dwf_dem_tithe_derpy_gromril_primary	Gromril is the hardest metal there is and the scarcest. Nobody has forgotten that you hold some. The Ancestors are owed 30, and the Book says today. A small entry, and the Ancestors keep the book that small entries are written in.	false
derpy_chd_ex_dwf_dem_tithe_derpy_gromril_secondary	Sacrifice 30 Gromril in the Long Ledger within 3 turns, or answer for it.	false
derpy_chd_ex_dwf_dem_hunger_derpy_gromril_title	A Debt Recorded: Gromril	false
derpy_chd_ex_dwf_dem_hunger_derpy_gromril_primary	Gromril is the hardest metal there is and the scarcest. Nobody has forgotten that you hold some. The Ancestors are owed 90, and the Book says today. More than the season's due. It has been entered against your name, which is not a threat, only a record.	false
derpy_chd_ex_dwf_dem_hunger_derpy_gromril_secondary	Sacrifice 90 Gromril in the Long Ledger within 3 turns, or answer for it.	false
derpy_chd_ex_dwf_dem_wrath_derpy_gromril_title	The Grudge Entered: Gromril	false
derpy_chd_ex_dwf_dem_wrath_derpy_gromril_primary	Gromril is the hardest metal there is and the scarcest. Nobody has forgotten that you hold some. The Ancestors are owed 180, and the Book says today. The full sum. The Longbeards have stopped calling it a due and started calling it something with its own page.	false
derpy_chd_ex_dwf_dem_wrath_derpy_gromril_secondary	Sacrifice 180 Gromril in the Long Ledger within 3 turns, or answer for it.	false
derpy_chd_ex_dwf_dem_tithe_derpy_incense_title	The Ancestors' Due: Incense	false
derpy_chd_ex_dwf_dem_tithe_derpy_incense_primary	Incense burns in every temple and every tomb. Your sacks of it can be smelled from the street. The Ancestors are owed 30, and the Book says today. A small entry, and the Ancestors keep the book that small entries are written in.	false
derpy_chd_ex_dwf_dem_tithe_derpy_incense_secondary	Sacrifice 30 Incense in the Long Ledger within 3 turns, or answer for it.	false
derpy_chd_ex_dwf_dem_hunger_derpy_incense_title	A Debt Recorded: Incense	false
derpy_chd_ex_dwf_dem_hunger_derpy_incense_primary	Incense burns in every temple and every tomb. Your sacks of it can be smelled from the street. The Ancestors are owed 90, and the Book says today. More than the season's due. It has been entered against your name, which is not a threat, only a record.	false
derpy_chd_ex_dwf_dem_hunger_derpy_incense_secondary	Sacrifice 90 Incense in the Long Ledger within 3 turns, or answer for it.	false
derpy_chd_ex_dwf_dem_wrath_derpy_incense_title	The Grudge Entered: Incense	false
derpy_chd_ex_dwf_dem_wrath_derpy_incense_primary	Incense burns in every temple and every tomb. Your sacks of it can be smelled from the street. The Ancestors are owed 180, and the Book says today. The full sum. The Longbeards have stopped calling it a due and started calling it something with its own page.	false
derpy_chd_ex_dwf_dem_wrath_derpy_incense_secondary	Sacrifice 180 Incense in the Long Ledger within 3 turns, or answer for it.	false
derpy_chd_ex_dwf_dem_tithe_derpy_ithilmar_title	The Ancestors' Due: Ithilmar	false
derpy_chd_ex_dwf_dem_tithe_derpy_ithilmar_primary	Ithilmar is found in one land only, and every ingot outside it is accounted for. Yours included. The Ancestors are owed 30, and the Book says today. A small entry, and the Ancestors keep the book that small entries are written in.	false
derpy_chd_ex_dwf_dem_tithe_derpy_ithilmar_secondary	Sacrifice 30 Ithilmar in the Long Ledger within 3 turns, or answer for it.	false
derpy_chd_ex_dwf_dem_hunger_derpy_ithilmar_title	A Debt Recorded: Ithilmar	false
derpy_chd_ex_dwf_dem_hunger_derpy_ithilmar_primary	Ithilmar is found in one land only, and every ingot outside it is accounted for. Yours included. The Ancestors are owed 90, and the Book says today. More than the season's due. It has been entered against your name, which is not a threat, only a record.	false
derpy_chd_ex_dwf_dem_hunger_derpy_ithilmar_secondary	Sacrifice 90 Ithilmar in the Long Ledger within 3 turns, or answer for it.	false
derpy_chd_ex_dwf_dem_wrath_derpy_ithilmar_title	The Grudge Entered: Ithilmar	false
derpy_chd_ex_dwf_dem_wrath_derpy_ithilmar_primary	Ithilmar is found in one land only, and every ingot outside it is accounted for. Yours included. The Ancestors are owed 180, and the Book says today. The full sum. The Longbeards have stopped calling it a due and started calling it something with its own page.	false
derpy_chd_ex_dwf_dem_wrath_derpy_ithilmar_secondary	Sacrifice 180 Ithilmar in the Long Ledger within 3 turns, or answer for it.	false
derpy_chd_ex_dwf_dem_tithe_derpy_jade_title	The Ancestors' Due: Jade	false
derpy_chd_ex_dwf_dem_tithe_derpy_jade_primary	Jade is carved into charms, seals and statues. Your slabs of it are on a list. The Ancestors are owed 30, and the Book says today. A small entry, and the Ancestors keep the book that small entries are written in.	false
derpy_chd_ex_dwf_dem_tithe_derpy_jade_secondary	Sacrifice 30 Jade in the Long Ledger within 3 turns, or answer for it.	false
derpy_chd_ex_dwf_dem_hunger_derpy_jade_title	A Debt Recorded: Jade	false
derpy_chd_ex_dwf_dem_hunger_derpy_jade_primary	Jade is carved into charms, seals and statues. Your slabs of it are on a list. The Ancestors are owed 90, and the Book says today. More than the season's due. It has been entered against your name, which is not a threat, only a record.	false
derpy_chd_ex_dwf_dem_hunger_derpy_jade_secondary	Sacrifice 90 Jade in the Long Ledger within 3 turns, or answer for it.	false
derpy_chd_ex_dwf_dem_wrath_derpy_jade_title	The Grudge Entered: Jade	false
derpy_chd_ex_dwf_dem_wrath_derpy_jade_primary	Jade is carved into charms, seals and statues. Your slabs of it are on a list. The Ancestors are owed 180, and the Book says today. The full sum. The Longbeards have stopped calling it a due and started calling it something with its own page.	false
derpy_chd_ex_dwf_dem_wrath_derpy_jade_secondary	Sacrifice 180 Jade in the Long Ledger within 3 turns, or answer for it.	false
derpy_chd_ex_dwf_dem_tithe_derpy_kvas_title	The Ancestors' Due: Kvas	false
derpy_chd_ex_dwf_dem_tithe_derpy_kvas_primary	Every stanitsa keeps a barrel of kvas. Yours are fuller than most, and that has been noticed. The Ancestors are owed 30, and the Book says today. A small entry, and the Ancestors keep the book that small entries are written in.	false
derpy_chd_ex_dwf_dem_tithe_derpy_kvas_secondary	Sacrifice 30 Kvas in the Long Ledger within 3 turns, or answer for it.	false
derpy_chd_ex_dwf_dem_hunger_derpy_kvas_title	A Debt Recorded: Kvas	false
derpy_chd_ex_dwf_dem_hunger_derpy_kvas_primary	Every stanitsa keeps a barrel of kvas. Yours are fuller than most, and that has been noticed. The Ancestors are owed 90, and the Book says today. More than the season's due. It has been entered against your name, which is not a threat, only a record.	false
derpy_chd_ex_dwf_dem_hunger_derpy_kvas_secondary	Sacrifice 90 Kvas in the Long Ledger within 3 turns, or answer for it.	false
derpy_chd_ex_dwf_dem_wrath_derpy_kvas_title	The Grudge Entered: Kvas	false
derpy_chd_ex_dwf_dem_wrath_derpy_kvas_primary	Every stanitsa keeps a barrel of kvas. Yours are fuller than most, and that has been noticed. The Ancestors are owed 180, and the Book says today. The full sum. The Longbeards have stopped calling it a due and started calling it something with its own page.	false
derpy_chd_ex_dwf_dem_wrath_derpy_kvas_secondary	Sacrifice 180 Kvas in the Long Ledger within 3 turns, or answer for it.	false
derpy_chd_ex_dwf_dem_tithe_derpy_lustrian_plumes_title	The Ancestors' Due: Lustrian Plumes	false
derpy_chd_ex_dwf_dem_tithe_derpy_lustrian_plumes_primary	Lustrian plumes are worth their weight in gold at court. Yours have been counted feather by feather. The Ancestors are owed 30, and the Book says today. A small entry, and the Ancestors keep the book that small entries are written in.	false
derpy_chd_ex_dwf_dem_tithe_derpy_lustrian_plumes_secondary	Sacrifice 30 Lustrian Plumes in the Long Ledger within 3 turns, or answer for it.	false
derpy_chd_ex_dwf_dem_hunger_derpy_lustrian_plumes_title	A Debt Recorded: Lustrian Plumes	false
derpy_chd_ex_dwf_dem_hunger_derpy_lustrian_plumes_primary	Lustrian plumes are worth their weight in gold at court. Yours have been counted feather by feather. The Ancestors are owed 90, and the Book says today. More than the season's due. It has been entered against your name, which is not a threat, only a record.	false
derpy_chd_ex_dwf_dem_hunger_derpy_lustrian_plumes_secondary	Sacrifice 90 Lustrian Plumes in the Long Ledger within 3 turns, or answer for it.	false
derpy_chd_ex_dwf_dem_wrath_derpy_lustrian_plumes_title	The Grudge Entered: Lustrian Plumes	false
derpy_chd_ex_dwf_dem_wrath_derpy_lustrian_plumes_primary	Lustrian plumes are worth their weight in gold at court. Yours have been counted feather by feather. The Ancestors are owed 180, and the Book says today. The full sum. The Longbeards have stopped calling it a due and started calling it something with its own page.	false
derpy_chd_ex_dwf_dem_wrath_derpy_lustrian_plumes_secondary	Sacrifice 180 Lustrian Plumes in the Long Ledger within 3 turns, or answer for it.	false
derpy_chd_ex_dwf_dem_tithe_derpy_mead_title	The Ancestors' Due: Mead	false
derpy_chd_ex_dwf_dem_tithe_derpy_mead_primary	Mead is drunk from horns before every raid. Your kegs have been counted by thirsty men. The Ancestors are owed 30, and the Book says today. A small entry, and the Ancestors keep the book that small entries are written in.	false
derpy_chd_ex_dwf_dem_tithe_derpy_mead_secondary	Sacrifice 30 Mead in the Long Ledger within 3 turns, or answer for it.	false
derpy_chd_ex_dwf_dem_hunger_derpy_mead_title	A Debt Recorded: Mead	false
derpy_chd_ex_dwf_dem_hunger_derpy_mead_primary	Mead is drunk from horns before every raid. Your kegs have been counted by thirsty men. The Ancestors are owed 90, and the Book says today. More than the season's due. It has been entered against your name, which is not a threat, only a record.	false
derpy_chd_ex_dwf_dem_hunger_derpy_mead_secondary	Sacrifice 90 Mead in the Long Ledger within 3 turns, or answer for it.	false
derpy_chd_ex_dwf_dem_wrath_derpy_mead_title	The Grudge Entered: Mead	false
derpy_chd_ex_dwf_dem_wrath_derpy_mead_primary	Mead is drunk from horns before every raid. Your kegs have been counted by thirsty men. The Ancestors are owed 180, and the Book says today. The full sum. The Longbeards have stopped calling it a due and started calling it something with its own page.	false
derpy_chd_ex_dwf_dem_wrath_derpy_mead_secondary	Sacrifice 180 Mead in the Long Ledger within 3 turns, or answer for it.	false
derpy_chd_ex_dwf_dem_tithe_derpy_olive_oil_title	The Ancestors' Due: Olive Oil	false
derpy_chd_ex_dwf_dem_tithe_derpy_olive_oil_primary	Olive oil lights the lamps and dresses the bread of the Middle Sea. Your barrels have been tallied. The Ancestors are owed 30, and the Book says today. A small entry, and the Ancestors keep the book that small entries are written in.	false
derpy_chd_ex_dwf_dem_tithe_derpy_olive_oil_secondary	Sacrifice 30 Olive Oil in the Long Ledger within 3 turns, or answer for it.	false
derpy_chd_ex_dwf_dem_hunger_derpy_olive_oil_title	A Debt Recorded: Olive Oil	false
derpy_chd_ex_dwf_dem_hunger_derpy_olive_oil_primary	Olive oil lights the lamps and dresses the bread of the Middle Sea. Your barrels have been tallied. The Ancestors are owed 90, and the Book says today. More than the season's due. It has been entered against your name, which is not a threat, only a record.	false
derpy_chd_ex_dwf_dem_hunger_derpy_olive_oil_secondary	Sacrifice 90 Olive Oil in the Long Ledger within 3 turns, or answer for it.	false
derpy_chd_ex_dwf_dem_wrath_derpy_olive_oil_title	The Grudge Entered: Olive Oil	false
derpy_chd_ex_dwf_dem_wrath_derpy_olive_oil_primary	Olive oil lights the lamps and dresses the bread of the Middle Sea. Your barrels have been tallied. The Ancestors are owed 180, and the Book says today. The full sum. The Longbeards have stopped calling it a due and started calling it something with its own page.	false
derpy_chd_ex_dwf_dem_wrath_derpy_olive_oil_secondary	Sacrifice 180 Olive Oil in the Long Ledger within 3 turns, or answer for it.	false
derpy_chd_ex_dwf_dem_tithe_derpy_pearls_title	The Ancestors' Due: Pearls	false
derpy_chd_ex_dwf_dem_tithe_derpy_pearls_primary	Pearls come up from the warm seas and go round the neck of anyone who can pay. Yours have been counted. The Ancestors are owed 30, and the Book says today. A small entry, and the Ancestors keep the book that small entries are written in.	false
derpy_chd_ex_dwf_dem_tithe_derpy_pearls_secondary	Sacrifice 30 Pearls in the Long Ledger within 3 turns, or answer for it.	false
derpy_chd_ex_dwf_dem_hunger_derpy_pearls_title	A Debt Recorded: Pearls	false
derpy_chd_ex_dwf_dem_hunger_derpy_pearls_primary	Pearls come up from the warm seas and go round the neck of anyone who can pay. Yours have been counted. The Ancestors are owed 90, and the Book says today. More than the season's due. It has been entered against your name, which is not a threat, only a record.	false
derpy_chd_ex_dwf_dem_hunger_derpy_pearls_secondary	Sacrifice 90 Pearls in the Long Ledger within 3 turns, or answer for it.	false
derpy_chd_ex_dwf_dem_wrath_derpy_pearls_title	The Grudge Entered: Pearls	false
derpy_chd_ex_dwf_dem_wrath_derpy_pearls_primary	Pearls come up from the warm seas and go round the neck of anyone who can pay. Yours have been counted. The Ancestors are owed 180, and the Book says today. The full sum. The Longbeards have stopped calling it a due and started calling it something with its own page.	false
derpy_chd_ex_dwf_dem_wrath_derpy_pearls_secondary	Sacrifice 180 Pearls in the Long Ledger within 3 turns, or answer for it.	false
derpy_chd_ex_dwf_dem_tithe_derpy_pipeweed_title	The Ancestors' Due: Pipeweed	false
derpy_chd_ex_dwf_dem_tithe_derpy_pipeweed_primary	Pipeweed is smoked in every tavern from Altdorf to Marienburg. Your bales are known to more than the tax-man. The Ancestors are owed 30, and the Book says today. A small entry, and the Ancestors keep the book that small entries are written in.	false
derpy_chd_ex_dwf_dem_tithe_derpy_pipeweed_secondary	Sacrifice 30 Pipeweed in the Long Ledger within 3 turns, or answer for it.	false
derpy_chd_ex_dwf_dem_hunger_derpy_pipeweed_title	A Debt Recorded: Pipeweed	false
derpy_chd_ex_dwf_dem_hunger_derpy_pipeweed_primary	Pipeweed is smoked in every tavern from Altdorf to Marienburg. Your bales are known to more than the tax-man. The Ancestors are owed 90, and the Book says today. More than the season's due. It has been entered against your name, which is not a threat, only a record.	false
derpy_chd_ex_dwf_dem_hunger_derpy_pipeweed_secondary	Sacrifice 90 Pipeweed in the Long Ledger within 3 turns, or answer for it.	false
derpy_chd_ex_dwf_dem_wrath_derpy_pipeweed_title	The Grudge Entered: Pipeweed	false
derpy_chd_ex_dwf_dem_wrath_derpy_pipeweed_primary	Pipeweed is smoked in every tavern from Altdorf to Marienburg. Your bales are known to more than the tax-man. The Ancestors are owed 180, and the Book says today. The full sum. The Longbeards have stopped calling it a due and started calling it something with its own page.	false
derpy_chd_ex_dwf_dem_wrath_derpy_pipeweed_secondary	Sacrifice 180 Pipeweed in the Long Ledger within 3 turns, or answer for it.	false
derpy_chd_ex_dwf_dem_tithe_derpy_porcelain_title	The Ancestors' Due: Porcelain	false
derpy_chd_ex_dwf_dem_tithe_derpy_porcelain_primary	Porcelain is fired in Cathay and treasured everywhere else. Your crates of it are on a list. The Ancestors are owed 30, and the Book says today. A small entry, and the Ancestors keep the book that small entries are written in.	false
derpy_chd_ex_dwf_dem_tithe_derpy_porcelain_secondary	Sacrifice 30 Porcelain in the Long Ledger within 3 turns, or answer for it.	false
derpy_chd_ex_dwf_dem_hunger_derpy_porcelain_title	A Debt Recorded: Porcelain	false
derpy_chd_ex_dwf_dem_hunger_derpy_porcelain_primary	Porcelain is fired in Cathay and treasured everywhere else. Your crates of it are on a list. The Ancestors are owed 90, and the Book says today. More than the season's due. It has been entered against your name, which is not a threat, only a record.	false
derpy_chd_ex_dwf_dem_hunger_derpy_porcelain_secondary	Sacrifice 90 Porcelain in the Long Ledger within 3 turns, or answer for it.	false
derpy_chd_ex_dwf_dem_wrath_derpy_porcelain_title	The Grudge Entered: Porcelain	false
derpy_chd_ex_dwf_dem_wrath_derpy_porcelain_primary	Porcelain is fired in Cathay and treasured everywhere else. Your crates of it are on a list. The Ancestors are owed 180, and the Book says today. The full sum. The Longbeards have stopped calling it a due and started calling it something with its own page.	false
derpy_chd_ex_dwf_dem_wrath_derpy_porcelain_secondary	Sacrifice 180 Porcelain in the Long Ledger within 3 turns, or answer for it.	false
derpy_chd_ex_dwf_dem_tithe_derpy_quicksilver_title	The Ancestors' Due: Quicksilver	false
derpy_chd_ex_dwf_dem_tithe_derpy_quicksilver_primary	Every alchemist and engineer wants quicksilver. Your flasks have been counted. The Ancestors are owed 30, and the Book says today. A small entry, and the Ancestors keep the book that small entries are written in.	false
derpy_chd_ex_dwf_dem_tithe_derpy_quicksilver_secondary	Sacrifice 30 Quicksilver in the Long Ledger within 3 turns, or answer for it.	false
derpy_chd_ex_dwf_dem_hunger_derpy_quicksilver_title	A Debt Recorded: Quicksilver	false
derpy_chd_ex_dwf_dem_hunger_derpy_quicksilver_primary	Every alchemist and engineer wants quicksilver. Your flasks have been counted. The Ancestors are owed 90, and the Book says today. More than the season's due. It has been entered against your name, which is not a threat, only a record.	false
derpy_chd_ex_dwf_dem_hunger_derpy_quicksilver_secondary	Sacrifice 90 Quicksilver in the Long Ledger within 3 turns, or answer for it.	false
derpy_chd_ex_dwf_dem_wrath_derpy_quicksilver_title	The Grudge Entered: Quicksilver	false
derpy_chd_ex_dwf_dem_wrath_derpy_quicksilver_primary	Every alchemist and engineer wants quicksilver. Your flasks have been counted. The Ancestors are owed 180, and the Book says today. The full sum. The Longbeards have stopped calling it a due and started calling it something with its own page.	false
derpy_chd_ex_dwf_dem_wrath_derpy_quicksilver_secondary	Sacrifice 180 Quicksilver in the Long Ledger within 3 turns, or answer for it.	false
derpy_chd_ex_dwf_dem_tithe_derpy_rhinox_hides_title	The Ancestors' Due: Rhinox Hides	false
derpy_chd_ex_dwf_dem_tithe_derpy_rhinox_hides_primary	Rhinox hide is tough enough to make armour of. Your stacks of it have been counted. The Ancestors are owed 30, and the Book says today. A small entry, and the Ancestors keep the book that small entries are written in.	false
derpy_chd_ex_dwf_dem_tithe_derpy_rhinox_hides_secondary	Sacrifice 30 Rhinox Hides in the Long Ledger within 3 turns, or answer for it.	false
derpy_chd_ex_dwf_dem_hunger_derpy_rhinox_hides_title	A Debt Recorded: Rhinox Hides	false
derpy_chd_ex_dwf_dem_hunger_derpy_rhinox_hides_primary	Rhinox hide is tough enough to make armour of. Your stacks of it have been counted. The Ancestors are owed 90, and the Book says today. More than the season's due. It has been entered against your name, which is not a threat, only a record.	false
derpy_chd_ex_dwf_dem_hunger_derpy_rhinox_hides_secondary	Sacrifice 90 Rhinox Hides in the Long Ledger within 3 turns, or answer for it.	false
derpy_chd_ex_dwf_dem_wrath_derpy_rhinox_hides_title	The Grudge Entered: Rhinox Hides	false
derpy_chd_ex_dwf_dem_wrath_derpy_rhinox_hides_primary	Rhinox hide is tough enough to make armour of. Your stacks of it have been counted. The Ancestors are owed 180, and the Book says today. The full sum. The Longbeards have stopped calling it a due and started calling it something with its own page.	false
derpy_chd_ex_dwf_dem_wrath_derpy_rhinox_hides_secondary	Sacrifice 180 Rhinox Hides in the Long Ledger within 3 turns, or answer for it.	false
derpy_chd_ex_dwf_dem_tithe_derpy_rum_title	The Ancestors' Due: Rum	false
derpy_chd_ex_dwf_dem_tithe_derpy_rum_primary	Rum keeps crews at sea and quiet ashore. Your kegs have been noticed by people who keep lists. The Ancestors are owed 30, and the Book says today. A small entry, and the Ancestors keep the book that small entries are written in.	false
derpy_chd_ex_dwf_dem_tithe_derpy_rum_secondary	Sacrifice 30 Rum in the Long Ledger within 3 turns, or answer for it.	false
derpy_chd_ex_dwf_dem_hunger_derpy_rum_title	A Debt Recorded: Rum	false
derpy_chd_ex_dwf_dem_hunger_derpy_rum_primary	Rum keeps crews at sea and quiet ashore. Your kegs have been noticed by people who keep lists. The Ancestors are owed 90, and the Book says today. More than the season's due. It has been entered against your name, which is not a threat, only a record.	false
derpy_chd_ex_dwf_dem_hunger_derpy_rum_secondary	Sacrifice 90 Rum in the Long Ledger within 3 turns, or answer for it.	false
derpy_chd_ex_dwf_dem_wrath_derpy_rum_title	The Grudge Entered: Rum	false
derpy_chd_ex_dwf_dem_wrath_derpy_rum_primary	Rum keeps crews at sea and quiet ashore. Your kegs have been noticed by people who keep lists. The Ancestors are owed 180, and the Book says today. The full sum. The Longbeards have stopped calling it a due and started calling it something with its own page.	false
derpy_chd_ex_dwf_dem_wrath_derpy_rum_secondary	Sacrifice 180 Rum in the Long Ledger within 3 turns, or answer for it.	false
derpy_chd_ex_dwf_dem_tithe_derpy_salted_fish_title	The Ancestors' Due: Salted Fish	false
derpy_chd_ex_dwf_dem_tithe_derpy_salted_fish_primary	Salted fish feeds sailors, soldiers and the poor through the lean months. Your barrels have been counted. The Ancestors are owed 30, and the Book says today. A small entry, and the Ancestors keep the book that small entries are written in.	false
derpy_chd_ex_dwf_dem_tithe_derpy_salted_fish_secondary	Sacrifice 30 Salted Fish in the Long Ledger within 3 turns, or answer for it.	false
derpy_chd_ex_dwf_dem_hunger_derpy_salted_fish_title	A Debt Recorded: Salted Fish	false
derpy_chd_ex_dwf_dem_hunger_derpy_salted_fish_primary	Salted fish feeds sailors, soldiers and the poor through the lean months. Your barrels have been counted. The Ancestors are owed 90, and the Book says today. More than the season's due. It has been entered against your name, which is not a threat, only a record.	false
derpy_chd_ex_dwf_dem_hunger_derpy_salted_fish_secondary	Sacrifice 90 Salted Fish in the Long Ledger within 3 turns, or answer for it.	false
derpy_chd_ex_dwf_dem_wrath_derpy_salted_fish_title	The Grudge Entered: Salted Fish	false
derpy_chd_ex_dwf_dem_wrath_derpy_salted_fish_primary	Salted fish feeds sailors, soldiers and the poor through the lean months. Your barrels have been counted. The Ancestors are owed 180, and the Book says today. The full sum. The Longbeards have stopped calling it a due and started calling it something with its own page.	false
derpy_chd_ex_dwf_dem_wrath_derpy_salted_fish_secondary	Sacrifice 180 Salted Fish in the Long Ledger within 3 turns, or answer for it.	false
derpy_chd_ex_dwf_dem_tithe_derpy_salted_meat_title	The Ancestors' Due: Salted Meat	false
derpy_chd_ex_dwf_dem_tithe_derpy_salted_meat_primary	Salted meat keeps, and armies march on it. Your barrels have been counted. The Ancestors are owed 30, and the Book says today. A small entry, and the Ancestors keep the book that small entries are written in.	false
derpy_chd_ex_dwf_dem_tithe_derpy_salted_meat_secondary	Sacrifice 30 Salted Meat in the Long Ledger within 3 turns, or answer for it.	false
derpy_chd_ex_dwf_dem_hunger_derpy_salted_meat_title	A Debt Recorded: Salted Meat	false
derpy_chd_ex_dwf_dem_hunger_derpy_salted_meat_primary	Salted meat keeps, and armies march on it. Your barrels have been counted. The Ancestors are owed 90, and the Book says today. More than the season's due. It has been entered against your name, which is not a threat, only a record.	false
derpy_chd_ex_dwf_dem_hunger_derpy_salted_meat_secondary	Sacrifice 90 Salted Meat in the Long Ledger within 3 turns, or answer for it.	false
derpy_chd_ex_dwf_dem_wrath_derpy_salted_meat_title	The Grudge Entered: Salted Meat	false
derpy_chd_ex_dwf_dem_wrath_derpy_salted_meat_primary	Salted meat keeps, and armies march on it. Your barrels have been counted. The Ancestors are owed 180, and the Book says today. The full sum. The Longbeards have stopped calling it a due and started calling it something with its own page.	false
derpy_chd_ex_dwf_dem_wrath_derpy_salted_meat_secondary	Sacrifice 180 Salted Meat in the Long Ledger within 3 turns, or answer for it.	false
derpy_chd_ex_dwf_dem_tithe_derpy_sea_dragon_hide_title	The Ancestors' Due: Sea Dragon Hide	false
derpy_chd_ex_dwf_dem_tithe_derpy_sea_dragon_hide_primary	Sea dragon hide turns a blade, and there is less of it every year. Somebody knows how much of it you hold. The Ancestors are owed 30, and the Book says today. A small entry, and the Ancestors keep the book that small entries are written in.	false
derpy_chd_ex_dwf_dem_tithe_derpy_sea_dragon_hide_secondary	Sacrifice 30 Sea Dragon Hide in the Long Ledger within 3 turns, or answer for it.	false
derpy_chd_ex_dwf_dem_hunger_derpy_sea_dragon_hide_title	A Debt Recorded: Sea Dragon Hide	false
derpy_chd_ex_dwf_dem_hunger_derpy_sea_dragon_hide_primary	Sea dragon hide turns a blade, and there is less of it every year. Somebody knows how much of it you hold. The Ancestors are owed 90, and the Book says today. More than the season's due. It has been entered against your name, which is not a threat, only a record.	false
derpy_chd_ex_dwf_dem_hunger_derpy_sea_dragon_hide_secondary	Sacrifice 90 Sea Dragon Hide in the Long Ledger within 3 turns, or answer for it.	false
derpy_chd_ex_dwf_dem_wrath_derpy_sea_dragon_hide_title	The Grudge Entered: Sea Dragon Hide	false
derpy_chd_ex_dwf_dem_wrath_derpy_sea_dragon_hide_primary	Sea dragon hide turns a blade, and there is less of it every year. Somebody knows how much of it you hold. The Ancestors are owed 180, and the Book says today. The full sum. The Longbeards have stopped calling it a due and started calling it something with its own page.	false
derpy_chd_ex_dwf_dem_wrath_derpy_sea_dragon_hide_secondary	Sacrifice 180 Sea Dragon Hide in the Long Ledger within 3 turns, or answer for it.	false
derpy_chd_ex_dwf_dem_tithe_derpy_silk_title	The Ancestors' Due: Silk	false
derpy_chd_ex_dwf_dem_tithe_derpy_silk_primary	Silk is what the Ivory Road carries west. Your bolts have been measured by somebody other than your factor. The Ancestors are owed 30, and the Book says today. A small entry, and the Ancestors keep the book that small entries are written in.	false
derpy_chd_ex_dwf_dem_tithe_derpy_silk_secondary	Sacrifice 30 Silk in the Long Ledger within 3 turns, or answer for it.	false
derpy_chd_ex_dwf_dem_hunger_derpy_silk_title	A Debt Recorded: Silk	false
derpy_chd_ex_dwf_dem_hunger_derpy_silk_primary	Silk is what the Ivory Road carries west. Your bolts have been measured by somebody other than your factor. The Ancestors are owed 90, and the Book says today. More than the season's due. It has been entered against your name, which is not a threat, only a record.	false
derpy_chd_ex_dwf_dem_hunger_derpy_silk_secondary	Sacrifice 90 Silk in the Long Ledger within 3 turns, or answer for it.	false
derpy_chd_ex_dwf_dem_wrath_derpy_silk_title	The Grudge Entered: Silk	false
derpy_chd_ex_dwf_dem_wrath_derpy_silk_primary	Silk is what the Ivory Road carries west. Your bolts have been measured by somebody other than your factor. The Ancestors are owed 180, and the Book says today. The full sum. The Longbeards have stopped calling it a due and started calling it something with its own page.	false
derpy_chd_ex_dwf_dem_wrath_derpy_silk_secondary	Sacrifice 180 Silk in the Long Ledger within 3 turns, or answer for it.	false
derpy_chd_ex_dwf_dem_tithe_derpy_silver_title	The Ancestors' Due: Silver	false
derpy_chd_ex_dwf_dem_tithe_derpy_silver_primary	Silver is coin, plate and a blade-edge against the dead. Your ingots have been weighed twice. The Ancestors are owed 30, and the Book says today. A small entry, and the Ancestors keep the book that small entries are written in.	false
derpy_chd_ex_dwf_dem_tithe_derpy_silver_secondary	Sacrifice 30 Silver in the Long Ledger within 3 turns, or answer for it.	false
derpy_chd_ex_dwf_dem_hunger_derpy_silver_title	A Debt Recorded: Silver	false
derpy_chd_ex_dwf_dem_hunger_derpy_silver_primary	Silver is coin, plate and a blade-edge against the dead. Your ingots have been weighed twice. The Ancestors are owed 90, and the Book says today. More than the season's due. It has been entered against your name, which is not a threat, only a record.	false
derpy_chd_ex_dwf_dem_hunger_derpy_silver_secondary	Sacrifice 90 Silver in the Long Ledger within 3 turns, or answer for it.	false
derpy_chd_ex_dwf_dem_wrath_derpy_silver_title	The Grudge Entered: Silver	false
derpy_chd_ex_dwf_dem_wrath_derpy_silver_primary	Silver is coin, plate and a blade-edge against the dead. Your ingots have been weighed twice. The Ancestors are owed 180, and the Book says today. The full sum. The Longbeards have stopped calling it a due and started calling it something with its own page.	false
derpy_chd_ex_dwf_dem_wrath_derpy_silver_secondary	Sacrifice 180 Silver in the Long Ledger within 3 turns, or answer for it.	false
derpy_chd_ex_dwf_dem_tithe_derpy_starwood_title	The Ancestors' Due: Starwood	false
derpy_chd_ex_dwf_dem_tithe_derpy_starwood_primary	Starwood is given by the trees of Athel Loren and never cut. That you hold any at all has been noticed. The Ancestors are owed 30, and the Book says today. A small entry, and the Ancestors keep the book that small entries are written in.	false
derpy_chd_ex_dwf_dem_tithe_derpy_starwood_secondary	Sacrifice 30 Starwood in the Long Ledger within 3 turns, or answer for it.	false
derpy_chd_ex_dwf_dem_hunger_derpy_starwood_title	A Debt Recorded: Starwood	false
derpy_chd_ex_dwf_dem_hunger_derpy_starwood_primary	Starwood is given by the trees of Athel Loren and never cut. That you hold any at all has been noticed. The Ancestors are owed 90, and the Book says today. More than the season's due. It has been entered against your name, which is not a threat, only a record.	false
derpy_chd_ex_dwf_dem_hunger_derpy_starwood_secondary	Sacrifice 90 Starwood in the Long Ledger within 3 turns, or answer for it.	false
derpy_chd_ex_dwf_dem_wrath_derpy_starwood_title	The Grudge Entered: Starwood	false
derpy_chd_ex_dwf_dem_wrath_derpy_starwood_primary	Starwood is given by the trees of Athel Loren and never cut. That you hold any at all has been noticed. The Ancestors are owed 180, and the Book says today. The full sum. The Longbeards have stopped calling it a due and started calling it something with its own page.	false
derpy_chd_ex_dwf_dem_wrath_derpy_starwood_secondary	Sacrifice 180 Starwood in the Long Ledger within 3 turns, or answer for it.	false
derpy_chd_ex_dwf_dem_tithe_derpy_tea_title	The Ancestors' Due: Tea	false
derpy_chd_ex_dwf_dem_tithe_derpy_tea_primary	Tea is poured at every audience worth attending. Your chests of it have been weighed. The Ancestors are owed 30, and the Book says today. A small entry, and the Ancestors keep the book that small entries are written in.	false
derpy_chd_ex_dwf_dem_tithe_derpy_tea_secondary	Sacrifice 30 Tea in the Long Ledger within 3 turns, or answer for it.	false
derpy_chd_ex_dwf_dem_hunger_derpy_tea_title	A Debt Recorded: Tea	false
derpy_chd_ex_dwf_dem_hunger_derpy_tea_primary	Tea is poured at every audience worth attending. Your chests of it have been weighed. The Ancestors are owed 90, and the Book says today. More than the season's due. It has been entered against your name, which is not a threat, only a record.	false
derpy_chd_ex_dwf_dem_hunger_derpy_tea_secondary	Sacrifice 90 Tea in the Long Ledger within 3 turns, or answer for it.	false
derpy_chd_ex_dwf_dem_wrath_derpy_tea_title	The Grudge Entered: Tea	false
derpy_chd_ex_dwf_dem_wrath_derpy_tea_primary	Tea is poured at every audience worth attending. Your chests of it have been weighed. The Ancestors are owed 180, and the Book says today. The full sum. The Longbeards have stopped calling it a due and started calling it something with its own page.	false
derpy_chd_ex_dwf_dem_wrath_derpy_tea_secondary	Sacrifice 180 Tea in the Long Ledger within 3 turns, or answer for it.	false
derpy_chd_ex_dwf_dem_tithe_derpy_warhorses_title	The Ancestors' Due: Warhorses	false
derpy_chd_ex_dwf_dem_tithe_derpy_warhorses_primary	A warhorse eats every day it is not ridden. Your stables are full, and the count has been taken. The Ancestors are owed 30, and the Book says today. A small entry, and the Ancestors keep the book that small entries are written in.	false
derpy_chd_ex_dwf_dem_tithe_derpy_warhorses_secondary	Sacrifice 30 Warhorses in the Long Ledger within 3 turns, or answer for it.	false
derpy_chd_ex_dwf_dem_hunger_derpy_warhorses_title	A Debt Recorded: Warhorses	false
derpy_chd_ex_dwf_dem_hunger_derpy_warhorses_primary	A warhorse eats every day it is not ridden. Your stables are full, and the count has been taken. The Ancestors are owed 90, and the Book says today. More than the season's due. It has been entered against your name, which is not a threat, only a record.	false
derpy_chd_ex_dwf_dem_hunger_derpy_warhorses_secondary	Sacrifice 90 Warhorses in the Long Ledger within 3 turns, or answer for it.	false
derpy_chd_ex_dwf_dem_wrath_derpy_warhorses_title	The Grudge Entered: Warhorses	false
derpy_chd_ex_dwf_dem_wrath_derpy_warhorses_primary	A warhorse eats every day it is not ridden. Your stables are full, and the count has been taken. The Ancestors are owed 180, and the Book says today. The full sum. The Longbeards have stopped calling it a due and started calling it something with its own page.	false
derpy_chd_ex_dwf_dem_wrath_derpy_warhorses_secondary	Sacrifice 180 Warhorses in the Long Ledger within 3 turns, or answer for it.	false
derpy_chd_ex_dwf_dem_tithe_derpy_whale_oil_title	The Ancestors' Due: Whale Oil	false
derpy_chd_ex_dwf_dem_tithe_derpy_whale_oil_primary	Lamp oil burns in every hall that can afford the light. Yours is sitting in barrels in the dark. The Ancestors are owed 30, and the Book says today. A small entry, and the Ancestors keep the book that small entries are written in.	false
derpy_chd_ex_dwf_dem_tithe_derpy_whale_oil_secondary	Sacrifice 30 Whale Oil in the Long Ledger within 3 turns, or answer for it.	false
derpy_chd_ex_dwf_dem_hunger_derpy_whale_oil_title	A Debt Recorded: Whale Oil	false
derpy_chd_ex_dwf_dem_hunger_derpy_whale_oil_primary	Lamp oil burns in every hall that can afford the light. Yours is sitting in barrels in the dark. The Ancestors are owed 90, and the Book says today. More than the season's due. It has been entered against your name, which is not a threat, only a record.	false
derpy_chd_ex_dwf_dem_hunger_derpy_whale_oil_secondary	Sacrifice 90 Whale Oil in the Long Ledger within 3 turns, or answer for it.	false
derpy_chd_ex_dwf_dem_wrath_derpy_whale_oil_title	The Grudge Entered: Whale Oil	false
derpy_chd_ex_dwf_dem_wrath_derpy_whale_oil_primary	Lamp oil burns in every hall that can afford the light. Yours is sitting in barrels in the dark. The Ancestors are owed 180, and the Book says today. The full sum. The Longbeards have stopped calling it a due and started calling it something with its own page.	false
derpy_chd_ex_dwf_dem_wrath_derpy_whale_oil_secondary	Sacrifice 180 Whale Oil in the Long Ledger within 3 turns, or answer for it.	false
derpy_chd_ex_dwf_dem_tithe_derpy_wool_title	The Ancestors' Due: Wool	false
derpy_chd_ex_dwf_dem_tithe_derpy_wool_primary	Wool is spun and woven in every town. Your bales are stacked to the rafters and somebody has climbed up to count them. The Ancestors are owed 30, and the Book says today. A small entry, and the Ancestors keep the book that small entries are written in.	false
derpy_chd_ex_dwf_dem_tithe_derpy_wool_secondary	Sacrifice 30 Wool in the Long Ledger within 3 turns, or answer for it.	false
derpy_chd_ex_dwf_dem_hunger_derpy_wool_title	A Debt Recorded: Wool	false
derpy_chd_ex_dwf_dem_hunger_derpy_wool_primary	Wool is spun and woven in every town. Your bales are stacked to the rafters and somebody has climbed up to count them. The Ancestors are owed 90, and the Book says today. More than the season's due. It has been entered against your name, which is not a threat, only a record.	false
derpy_chd_ex_dwf_dem_hunger_derpy_wool_secondary	Sacrifice 90 Wool in the Long Ledger within 3 turns, or answer for it.	false
derpy_chd_ex_dwf_dem_wrath_derpy_wool_title	The Grudge Entered: Wool	false
derpy_chd_ex_dwf_dem_wrath_derpy_wool_primary	Wool is spun and woven in every town. Your bales are stacked to the rafters and somebody has climbed up to count them. The Ancestors are owed 180, and the Book says today. The full sum. The Longbeards have stopped calling it a due and started calling it something with its own page.	false
derpy_chd_ex_dwf_dem_wrath_derpy_wool_secondary	Sacrifice 180 Wool in the Long Ledger within 3 turns, or answer for it.	false
derpy_chd_ex_dwf_dem_tithe_derpy_wyvern_scales_title	The Ancestors' Due: Wyvern Scales	false
derpy_chd_ex_dwf_dem_tithe_derpy_wyvern_scales_primary	Wyvern scales are taken at great cost from the nesting peaks. Yours have been counted. The Ancestors are owed 30, and the Book says today. A small entry, and the Ancestors keep the book that small entries are written in.	false
derpy_chd_ex_dwf_dem_tithe_derpy_wyvern_scales_secondary	Sacrifice 30 Wyvern Scales in the Long Ledger within 3 turns, or answer for it.	false
derpy_chd_ex_dwf_dem_hunger_derpy_wyvern_scales_title	A Debt Recorded: Wyvern Scales	false
derpy_chd_ex_dwf_dem_hunger_derpy_wyvern_scales_primary	Wyvern scales are taken at great cost from the nesting peaks. Yours have been counted. The Ancestors are owed 90, and the Book says today. More than the season's due. It has been entered against your name, which is not a threat, only a record.	false
derpy_chd_ex_dwf_dem_hunger_derpy_wyvern_scales_secondary	Sacrifice 90 Wyvern Scales in the Long Ledger within 3 turns, or answer for it.	false
derpy_chd_ex_dwf_dem_wrath_derpy_wyvern_scales_title	The Grudge Entered: Wyvern Scales	false
derpy_chd_ex_dwf_dem_wrath_derpy_wyvern_scales_primary	Wyvern scales are taken at great cost from the nesting peaks. Yours have been counted. The Ancestors are owed 180, and the Book says today. The full sum. The Longbeards have stopped calling it a due and started calling it something with its own page.	false
derpy_chd_ex_dwf_dem_wrath_derpy_wyvern_scales_secondary	Sacrifice 180 Wyvern Scales in the Long Ledger within 3 turns, or answer for it.	false
derpy_chd_ex_dwf_dem_paid_title	The Due Rendered	false
derpy_chd_ex_dwf_dem_paid_primary	The wagons reached the hold gate before the tally was finished, which the gatekeeper remarked on approvingly and out loud.	false
derpy_chd_ex_dwf_dem_paid_secondary	The Ancestors are served, and the entry is struck.	false
derpy_chd_ex_dwf_dem_wrath_title	The Due Withheld	false
derpy_chd_ex_dwf_dem_wrath_primary	Nothing came up the road by the day named. The Guild's clerk waited out the full day, wrote one line, and closed the book.	false
derpy_chd_ex_dwf_dem_wrath_secondary	The Ancestors are patient. The Book is not short of room.	false
derpy_chd_ex_emp_dem_tithe_animals_title	The Temple's Tithe: Exotic Animals	false
derpy_chd_ex_emp_dem_tithe_animals_primary	The menagerie is a scandal waiting for a pamphlet. The Temple suggests the beasts be given publicly, before somebody writes one. The Temple wants 30, and it wants them today. It is a small thing, and the Temple keeps a long memory of small things.	false
derpy_chd_ex_emp_dem_tithe_animals_secondary	Sacrifice 30 Exotic Animals in the Imperial Bourse within 3 turns, or answer for it.	false
derpy_chd_ex_emp_dem_hunger_animals_title	Sigmar's Need: Exotic Animals	false
derpy_chd_ex_emp_dem_hunger_animals_primary	The menagerie is a scandal waiting for a pamphlet. The Temple suggests the beasts be given publicly, before somebody writes one. The Temple wants 90, and it wants them today. This is more than the collection plate takes. The war does not wait on your bookkeeping.	false
derpy_chd_ex_emp_dem_hunger_animals_secondary	Sacrifice 90 Exotic Animals in the Imperial Bourse within 3 turns, or answer for it.	false
derpy_chd_ex_emp_dem_wrath_animals_title	The Theogonist Asks: Exotic Animals	false
derpy_chd_ex_emp_dem_wrath_animals_primary	The menagerie is a scandal waiting for a pamphlet. The Temple suggests the beasts be given publicly, before somebody writes one. The Temple wants 180, and it wants them today. This is not alms. The Temple has read your ledgers and wants what is written in them.	false
derpy_chd_ex_emp_dem_wrath_animals_secondary	Sacrifice 180 Exotic Animals in the Imperial Bourse within 3 turns, or answer for it.	false
derpy_chd_ex_emp_dem_tithe_dyes_title	The Temple's Tithe: Dyes	false
derpy_chd_ex_emp_dem_tithe_dyes_primary	The vestments were red in your grandfather's day. The priests can name the crates that would make them red again. The Temple wants 30, and it wants them today. It is a small thing, and the Temple keeps a long memory of small things.	false
derpy_chd_ex_emp_dem_tithe_dyes_secondary	Sacrifice 30 Dyes in the Imperial Bourse within 3 turns, or answer for it.	false
derpy_chd_ex_emp_dem_hunger_dyes_title	Sigmar's Need: Dyes	false
derpy_chd_ex_emp_dem_hunger_dyes_primary	The vestments were red in your grandfather's day. The priests can name the crates that would make them red again. The Temple wants 90, and it wants them today. This is more than the collection plate takes. The war does not wait on your bookkeeping.	false
derpy_chd_ex_emp_dem_hunger_dyes_secondary	Sacrifice 90 Dyes in the Imperial Bourse within 3 turns, or answer for it.	false
derpy_chd_ex_emp_dem_wrath_dyes_title	The Theogonist Asks: Dyes	false
derpy_chd_ex_emp_dem_wrath_dyes_primary	The vestments were red in your grandfather's day. The priests can name the crates that would make them red again. The Temple wants 180, and it wants them today. This is not alms. The Temple has read your ledgers and wants what is written in them.	false
derpy_chd_ex_emp_dem_wrath_dyes_secondary	Sacrifice 180 Dyes in the Imperial Bourse within 3 turns, or answer for it.	false
derpy_chd_ex_emp_dem_tithe_gems_title	The Temple's Tithe: Gemstones	false
derpy_chd_ex_emp_dem_tithe_gems_primary	Every reliquary in the province is short a stone or two. The Temple has an inventory of what is missing and an inventory of what you hold. The Temple wants 30, and it wants them today. It is a small thing, and the Temple keeps a long memory of small things.	false
derpy_chd_ex_emp_dem_tithe_gems_secondary	Sacrifice 30 Gemstones in the Imperial Bourse within 3 turns, or answer for it.	false
derpy_chd_ex_emp_dem_hunger_gems_title	Sigmar's Need: Gemstones	false
derpy_chd_ex_emp_dem_hunger_gems_primary	Every reliquary in the province is short a stone or two. The Temple has an inventory of what is missing and an inventory of what you hold. The Temple wants 90, and it wants them today. This is more than the collection plate takes. The war does not wait on your bookkeeping.	false
derpy_chd_ex_emp_dem_hunger_gems_secondary	Sacrifice 90 Gemstones in the Imperial Bourse within 3 turns, or answer for it.	false
derpy_chd_ex_emp_dem_wrath_gems_title	The Theogonist Asks: Gemstones	false
derpy_chd_ex_emp_dem_wrath_gems_primary	Every reliquary in the province is short a stone or two. The Temple has an inventory of what is missing and an inventory of what you hold. The Temple wants 180, and it wants them today. This is not alms. The Temple has read your ledgers and wants what is written in them.	false
derpy_chd_ex_emp_dem_wrath_gems_secondary	Sacrifice 180 Gemstones in the Imperial Bourse within 3 turns, or answer for it.	false
derpy_chd_ex_emp_dem_tithe_gold_idols_title	The Temple's Tithe: Golden Idols	false
derpy_chd_ex_emp_dem_tithe_gold_idols_primary	Foreign idols in an Imperial warehouse is a sentence that ends badly in most retellings. The Temple offers a better ending: the furnace, and a receipt. The Temple wants 30, and it wants them today. It is a small thing, and the Temple keeps a long memory of small things.	false
derpy_chd_ex_emp_dem_tithe_gold_idols_secondary	Sacrifice 30 Golden Idols in the Imperial Bourse within 3 turns, or answer for it.	false
derpy_chd_ex_emp_dem_hunger_gold_idols_title	Sigmar's Need: Golden Idols	false
derpy_chd_ex_emp_dem_hunger_gold_idols_primary	Foreign idols in an Imperial warehouse is a sentence that ends badly in most retellings. The Temple offers a better ending: the furnace, and a receipt. The Temple wants 90, and it wants them today. This is more than the collection plate takes. The war does not wait on your bookkeeping.	false
derpy_chd_ex_emp_dem_hunger_gold_idols_secondary	Sacrifice 90 Golden Idols in the Imperial Bourse within 3 turns, or answer for it.	false
derpy_chd_ex_emp_dem_wrath_gold_idols_title	The Theogonist Asks: Golden Idols	false
derpy_chd_ex_emp_dem_wrath_gold_idols_primary	Foreign idols in an Imperial warehouse is a sentence that ends badly in most retellings. The Temple offers a better ending: the furnace, and a receipt. The Temple wants 180, and it wants them today. This is not alms. The Temple has read your ledgers and wants what is written in them.	false
derpy_chd_ex_emp_dem_wrath_gold_idols_secondary	Sacrifice 180 Golden Idols in the Imperial Bourse within 3 turns, or answer for it.	false
derpy_chd_ex_emp_dem_tithe_ivory_title	The Temple's Tithe: Tusks	false
derpy_chd_ex_emp_dem_tithe_ivory_primary	Tusk makes good relics and better altar fittings. The Temple has priced yours and found the price reasonable. The Temple wants 30, and it wants them today. It is a small thing, and the Temple keeps a long memory of small things.	false
derpy_chd_ex_emp_dem_tithe_ivory_secondary	Sacrifice 30 Tusks in the Imperial Bourse within 3 turns, or answer for it.	false
derpy_chd_ex_emp_dem_hunger_ivory_title	Sigmar's Need: Tusks	false
derpy_chd_ex_emp_dem_hunger_ivory_primary	Tusk makes good relics and better altar fittings. The Temple has priced yours and found the price reasonable. The Temple wants 90, and it wants them today. This is more than the collection plate takes. The war does not wait on your bookkeeping.	false
derpy_chd_ex_emp_dem_hunger_ivory_secondary	Sacrifice 90 Tusks in the Imperial Bourse within 3 turns, or answer for it.	false
derpy_chd_ex_emp_dem_wrath_ivory_title	The Theogonist Asks: Tusks	false
derpy_chd_ex_emp_dem_wrath_ivory_primary	Tusk makes good relics and better altar fittings. The Temple has priced yours and found the price reasonable. The Temple wants 180, and it wants them today. This is not alms. The Temple has read your ledgers and wants what is written in them.	false
derpy_chd_ex_emp_dem_wrath_ivory_secondary	Sacrifice 180 Tusks in the Imperial Bourse within 3 turns, or answer for it.	false
derpy_chd_ex_emp_dem_tithe_medicine_title	The Temple's Tithe: Medicinal Plants	false
derpy_chd_ex_emp_dem_tithe_medicine_primary	The plague houses are full and the Temple's stores are not. The priests have been very patient about which of those is your doing. The Temple wants 30, and it wants them today. It is a small thing, and the Temple keeps a long memory of small things.	false
derpy_chd_ex_emp_dem_tithe_medicine_secondary	Sacrifice 30 Medicinal Plants in the Imperial Bourse within 3 turns, or answer for it.	false
derpy_chd_ex_emp_dem_hunger_medicine_title	Sigmar's Need: Medicinal Plants	false
derpy_chd_ex_emp_dem_hunger_medicine_primary	The plague houses are full and the Temple's stores are not. The priests have been very patient about which of those is your doing. The Temple wants 90, and it wants them today. This is more than the collection plate takes. The war does not wait on your bookkeeping.	false
derpy_chd_ex_emp_dem_hunger_medicine_secondary	Sacrifice 90 Medicinal Plants in the Imperial Bourse within 3 turns, or answer for it.	false
derpy_chd_ex_emp_dem_wrath_medicine_title	The Theogonist Asks: Medicinal Plants	false
derpy_chd_ex_emp_dem_wrath_medicine_primary	The plague houses are full and the Temple's stores are not. The priests have been very patient about which of those is your doing. The Temple wants 180, and it wants them today. This is not alms. The Temple has read your ledgers and wants what is written in them.	false
derpy_chd_ex_emp_dem_wrath_medicine_secondary	Sacrifice 180 Medicinal Plants in the Imperial Bourse within 3 turns, or answer for it.	false
derpy_chd_ex_emp_dem_tithe_obsidian_title	The Temple's Tithe: Carved Obsidian	false
derpy_chd_ex_emp_dem_tithe_obsidian_primary	Witch hunters have opinions about black glass. So far the Temple has argued that yours is merely stored and not hidden. The Temple wants 30, and it wants them today. It is a small thing, and the Temple keeps a long memory of small things.	false
derpy_chd_ex_emp_dem_tithe_obsidian_secondary	Sacrifice 30 Carved Obsidian in the Imperial Bourse within 3 turns, or answer for it.	false
derpy_chd_ex_emp_dem_hunger_obsidian_title	Sigmar's Need: Carved Obsidian	false
derpy_chd_ex_emp_dem_hunger_obsidian_primary	Witch hunters have opinions about black glass. So far the Temple has argued that yours is merely stored and not hidden. The Temple wants 90, and it wants them today. This is more than the collection plate takes. The war does not wait on your bookkeeping.	false
derpy_chd_ex_emp_dem_hunger_obsidian_secondary	Sacrifice 90 Carved Obsidian in the Imperial Bourse within 3 turns, or answer for it.	false
derpy_chd_ex_emp_dem_wrath_obsidian_title	The Theogonist Asks: Carved Obsidian	false
derpy_chd_ex_emp_dem_wrath_obsidian_primary	Witch hunters have opinions about black glass. So far the Temple has argued that yours is merely stored and not hidden. The Temple wants 180, and it wants them today. This is not alms. The Temple has read your ledgers and wants what is written in them.	false
derpy_chd_ex_emp_dem_wrath_obsidian_secondary	Sacrifice 180 Carved Obsidian in the Imperial Bourse within 3 turns, or answer for it.	false
derpy_chd_ex_emp_dem_tithe_rom_furs_title	The Temple's Tithe: Furs	false
derpy_chd_ex_emp_dem_tithe_rom_furs_primary	Winter came early on the Ostland road and the almshouses have no blankets. Your bales are three days' cart from them. The Temple wants 30, and it wants them today. It is a small thing, and the Temple keeps a long memory of small things.	false
derpy_chd_ex_emp_dem_tithe_rom_furs_secondary	Sacrifice 30 Furs in the Imperial Bourse within 3 turns, or answer for it.	false
derpy_chd_ex_emp_dem_hunger_rom_furs_title	Sigmar's Need: Furs	false
derpy_chd_ex_emp_dem_hunger_rom_furs_primary	Winter came early on the Ostland road and the almshouses have no blankets. Your bales are three days' cart from them. The Temple wants 90, and it wants them today. This is more than the collection plate takes. The war does not wait on your bookkeeping.	false
derpy_chd_ex_emp_dem_hunger_rom_furs_secondary	Sacrifice 90 Furs in the Imperial Bourse within 3 turns, or answer for it.	false
derpy_chd_ex_emp_dem_wrath_rom_furs_title	The Theogonist Asks: Furs	false
derpy_chd_ex_emp_dem_wrath_rom_furs_primary	Winter came early on the Ostland road and the almshouses have no blankets. Your bales are three days' cart from them. The Temple wants 180, and it wants them today. This is not alms. The Temple has read your ledgers and wants what is written in them.	false
derpy_chd_ex_emp_dem_wrath_rom_furs_secondary	Sacrifice 180 Furs in the Imperial Bourse within 3 turns, or answer for it.	false
derpy_chd_ex_emp_dem_tithe_rom_glass_title	The Temple's Tithe: Dwarf Beer	false
derpy_chd_ex_emp_dem_tithe_rom_glass_primary	Dwarf beer is drunk at the guild feasts the Temple is invited to and served at last. The priests have been counting barrels for some time. The Temple wants 30, and it wants them today. It is a small thing, and the Temple keeps a long memory of small things.	false
derpy_chd_ex_emp_dem_tithe_rom_glass_secondary	Sacrifice 30 Dwarf Beer in the Imperial Bourse within 3 turns, or answer for it.	false
derpy_chd_ex_emp_dem_hunger_rom_glass_title	Sigmar's Need: Dwarf Beer	false
derpy_chd_ex_emp_dem_hunger_rom_glass_primary	Dwarf beer is drunk at the guild feasts the Temple is invited to and served at last. The priests have been counting barrels for some time. The Temple wants 90, and it wants them today. This is more than the collection plate takes. The war does not wait on your bookkeeping.	false
derpy_chd_ex_emp_dem_hunger_rom_glass_secondary	Sacrifice 90 Dwarf Beer in the Imperial Bourse within 3 turns, or answer for it.	false
derpy_chd_ex_emp_dem_wrath_rom_glass_title	The Theogonist Asks: Dwarf Beer	false
derpy_chd_ex_emp_dem_wrath_rom_glass_primary	Dwarf beer is drunk at the guild feasts the Temple is invited to and served at last. The priests have been counting barrels for some time. The Temple wants 180, and it wants them today. This is not alms. The Temple has read your ledgers and wants what is written in them.	false
derpy_chd_ex_emp_dem_wrath_rom_glass_secondary	Sacrifice 180 Dwarf Beer in the Imperial Bourse within 3 turns, or answer for it.	false
derpy_chd_ex_emp_dem_tithe_rom_iron_title	The Temple's Tithe: Iron	false
derpy_chd_ex_emp_dem_tithe_rom_iron_primary	Every campaign season the Temple asks the foundries what they made and the armies what they received. The two numbers differ by roughly what is in your stores. The Temple wants 30, and it wants them today. It is a small thing, and the Temple keeps a long memory of small things.	false
derpy_chd_ex_emp_dem_tithe_rom_iron_secondary	Sacrifice 30 Iron in the Imperial Bourse within 3 turns, or answer for it.	false
derpy_chd_ex_emp_dem_hunger_rom_iron_title	Sigmar's Need: Iron	false
derpy_chd_ex_emp_dem_hunger_rom_iron_primary	Every campaign season the Temple asks the foundries what they made and the armies what they received. The two numbers differ by roughly what is in your stores. The Temple wants 90, and it wants them today. This is more than the collection plate takes. The war does not wait on your bookkeeping.	false
derpy_chd_ex_emp_dem_hunger_rom_iron_secondary	Sacrifice 90 Iron in the Imperial Bourse within 3 turns, or answer for it.	false
derpy_chd_ex_emp_dem_wrath_rom_iron_title	The Theogonist Asks: Iron	false
derpy_chd_ex_emp_dem_wrath_rom_iron_primary	Every campaign season the Temple asks the foundries what they made and the armies what they received. The two numbers differ by roughly what is in your stores. The Temple wants 180, and it wants them today. This is not alms. The Temple has read your ledgers and wants what is written in them.	false
derpy_chd_ex_emp_dem_wrath_rom_iron_secondary	Sacrifice 180 Iron in the Imperial Bourse within 3 turns, or answer for it.	false
derpy_chd_ex_emp_dem_tithe_rom_lead_title	The Temple's Tithe: Salt	false
derpy_chd_ex_emp_dem_tithe_rom_lead_primary	Salt preserves the army's meat and the Temple's patience. Both are running low, and only one is being restocked. The Temple wants 30, and it wants them today. It is a small thing, and the Temple keeps a long memory of small things.	false
derpy_chd_ex_emp_dem_tithe_rom_lead_secondary	Sacrifice 30 Salt in the Imperial Bourse within 3 turns, or answer for it.	false
derpy_chd_ex_emp_dem_hunger_rom_lead_title	Sigmar's Need: Salt	false
derpy_chd_ex_emp_dem_hunger_rom_lead_primary	Salt preserves the army's meat and the Temple's patience. Both are running low, and only one is being restocked. The Temple wants 90, and it wants them today. This is more than the collection plate takes. The war does not wait on your bookkeeping.	false
derpy_chd_ex_emp_dem_hunger_rom_lead_secondary	Sacrifice 90 Salt in the Imperial Bourse within 3 turns, or answer for it.	false
derpy_chd_ex_emp_dem_wrath_rom_lead_title	The Theogonist Asks: Salt	false
derpy_chd_ex_emp_dem_wrath_rom_lead_primary	Salt preserves the army's meat and the Temple's patience. Both are running low, and only one is being restocked. The Temple wants 180, and it wants them today. This is not alms. The Temple has read your ledgers and wants what is written in them.	false
derpy_chd_ex_emp_dem_wrath_rom_lead_secondary	Sacrifice 180 Salt in the Imperial Bourse within 3 turns, or answer for it.	false
derpy_chd_ex_emp_dem_tithe_rom_marble_title	The Temple's Tithe: Marble	false
derpy_chd_ex_emp_dem_tithe_rom_marble_primary	The cathedral's east front has stood scaffolded for eleven years. The masons say they are waiting on stone, and they have named yours. The Temple wants 30, and it wants them today. It is a small thing, and the Temple keeps a long memory of small things.	false
derpy_chd_ex_emp_dem_tithe_rom_marble_secondary	Sacrifice 30 Marble in the Imperial Bourse within 3 turns, or answer for it.	false
derpy_chd_ex_emp_dem_hunger_rom_marble_title	Sigmar's Need: Marble	false
derpy_chd_ex_emp_dem_hunger_rom_marble_primary	The cathedral's east front has stood scaffolded for eleven years. The masons say they are waiting on stone, and they have named yours. The Temple wants 90, and it wants them today. This is more than the collection plate takes. The war does not wait on your bookkeeping.	false
derpy_chd_ex_emp_dem_hunger_rom_marble_secondary	Sacrifice 90 Marble in the Imperial Bourse within 3 turns, or answer for it.	false
derpy_chd_ex_emp_dem_wrath_rom_marble_title	The Theogonist Asks: Marble	false
derpy_chd_ex_emp_dem_wrath_rom_marble_primary	The cathedral's east front has stood scaffolded for eleven years. The masons say they are waiting on stone, and they have named yours. The Temple wants 180, and it wants them today. This is not alms. The Temple has read your ledgers and wants what is written in them.	false
derpy_chd_ex_emp_dem_wrath_rom_marble_secondary	Sacrifice 180 Marble in the Imperial Bourse within 3 turns, or answer for it.	false
derpy_chd_ex_emp_dem_tithe_rom_textiles_title	The Temple's Tithe: Pottery	false
derpy_chd_ex_emp_dem_tithe_rom_textiles_primary	Pottery is what the poor eat from, when the Temple can afford to give them bowls. This year it cannot, and you can. The Temple wants 30, and it wants them today. It is a small thing, and the Temple keeps a long memory of small things.	false
derpy_chd_ex_emp_dem_tithe_rom_textiles_secondary	Sacrifice 30 Pottery in the Imperial Bourse within 3 turns, or answer for it.	false
derpy_chd_ex_emp_dem_hunger_rom_textiles_title	Sigmar's Need: Pottery	false
derpy_chd_ex_emp_dem_hunger_rom_textiles_primary	Pottery is what the poor eat from, when the Temple can afford to give them bowls. This year it cannot, and you can. The Temple wants 90, and it wants them today. This is more than the collection plate takes. The war does not wait on your bookkeeping.	false
derpy_chd_ex_emp_dem_hunger_rom_textiles_secondary	Sacrifice 90 Pottery in the Imperial Bourse within 3 turns, or answer for it.	false
derpy_chd_ex_emp_dem_wrath_rom_textiles_title	The Theogonist Asks: Pottery	false
derpy_chd_ex_emp_dem_wrath_rom_textiles_primary	Pottery is what the poor eat from, when the Temple can afford to give them bowls. This year it cannot, and you can. The Temple wants 180, and it wants them today. This is not alms. The Temple has read your ledgers and wants what is written in them.	false
derpy_chd_ex_emp_dem_wrath_rom_textiles_secondary	Sacrifice 180 Pottery in the Imperial Bourse within 3 turns, or answer for it.	false
derpy_chd_ex_emp_dem_tithe_rom_timber_title	The Temple's Tithe: Timber	false
derpy_chd_ex_emp_dem_tithe_rom_timber_primary	The Temple's roofs and the Empire's pike shafts come out of the same forests. Only one of them is being supplied. The Temple wants 30, and it wants them today. It is a small thing, and the Temple keeps a long memory of small things.	false
derpy_chd_ex_emp_dem_tithe_rom_timber_secondary	Sacrifice 30 Timber in the Imperial Bourse within 3 turns, or answer for it.	false
derpy_chd_ex_emp_dem_hunger_rom_timber_title	Sigmar's Need: Timber	false
derpy_chd_ex_emp_dem_hunger_rom_timber_primary	The Temple's roofs and the Empire's pike shafts come out of the same forests. Only one of them is being supplied. The Temple wants 90, and it wants them today. This is more than the collection plate takes. The war does not wait on your bookkeeping.	false
derpy_chd_ex_emp_dem_hunger_rom_timber_secondary	Sacrifice 90 Timber in the Imperial Bourse within 3 turns, or answer for it.	false
derpy_chd_ex_emp_dem_wrath_rom_timber_title	The Theogonist Asks: Timber	false
derpy_chd_ex_emp_dem_wrath_rom_timber_primary	The Temple's roofs and the Empire's pike shafts come out of the same forests. Only one of them is being supplied. The Temple wants 180, and it wants them today. This is not alms. The Temple has read your ledgers and wants what is written in them.	false
derpy_chd_ex_emp_dem_wrath_rom_timber_secondary	Sacrifice 180 Timber in the Imperial Bourse within 3 turns, or answer for it.	false
derpy_chd_ex_emp_dem_tithe_rom_wine_title	The Temple's Tithe: Wine	false
derpy_chd_ex_emp_dem_tithe_rom_wine_primary	Communion wine has been watered since Mitterfruhl. The priests know whose cellars it was watered to protect. The Temple wants 30, and it wants them today. It is a small thing, and the Temple keeps a long memory of small things.	false
derpy_chd_ex_emp_dem_tithe_rom_wine_secondary	Sacrifice 30 Wine in the Imperial Bourse within 3 turns, or answer for it.	false
derpy_chd_ex_emp_dem_hunger_rom_wine_title	Sigmar's Need: Wine	false
derpy_chd_ex_emp_dem_hunger_rom_wine_primary	Communion wine has been watered since Mitterfruhl. The priests know whose cellars it was watered to protect. The Temple wants 90, and it wants them today. This is more than the collection plate takes. The war does not wait on your bookkeeping.	false
derpy_chd_ex_emp_dem_hunger_rom_wine_secondary	Sacrifice 90 Wine in the Imperial Bourse within 3 turns, or answer for it.	false
derpy_chd_ex_emp_dem_wrath_rom_wine_title	The Theogonist Asks: Wine	false
derpy_chd_ex_emp_dem_wrath_rom_wine_primary	Communion wine has been watered since Mitterfruhl. The priests know whose cellars it was watered to protect. The Temple wants 180, and it wants them today. This is not alms. The Temple has read your ledgers and wants what is written in them.	false
derpy_chd_ex_emp_dem_wrath_rom_wine_secondary	Sacrifice 180 Wine in the Imperial Bourse within 3 turns, or answer for it.	false
derpy_chd_ex_emp_dem_tithe_spices_title	The Temple's Tithe: Spices	false
derpy_chd_ex_emp_dem_tithe_spices_primary	Incense has been thin at every service this season. The censer-bearers can recite your inventory from memory. The Temple wants 30, and it wants them today. It is a small thing, and the Temple keeps a long memory of small things.	false
derpy_chd_ex_emp_dem_tithe_spices_secondary	Sacrifice 30 Spices in the Imperial Bourse within 3 turns, or answer for it.	false
derpy_chd_ex_emp_dem_hunger_spices_title	Sigmar's Need: Spices	false
derpy_chd_ex_emp_dem_hunger_spices_primary	Incense has been thin at every service this season. The censer-bearers can recite your inventory from memory. The Temple wants 90, and it wants them today. This is more than the collection plate takes. The war does not wait on your bookkeeping.	false
derpy_chd_ex_emp_dem_hunger_spices_secondary	Sacrifice 90 Spices in the Imperial Bourse within 3 turns, or answer for it.	false
derpy_chd_ex_emp_dem_wrath_spices_title	The Theogonist Asks: Spices	false
derpy_chd_ex_emp_dem_wrath_spices_primary	Incense has been thin at every service this season. The censer-bearers can recite your inventory from memory. The Temple wants 180, and it wants them today. This is not alms. The Temple has read your ledgers and wants what is written in them.	false
derpy_chd_ex_emp_dem_wrath_spices_secondary	Sacrifice 180 Spices in the Imperial Bourse within 3 turns, or answer for it.	false
derpy_chd_ex_emp_dem_tithe_trinkets_title	The Temple's Tithe: Elven Trinkets	false
derpy_chd_ex_emp_dem_tithe_trinkets_primary	Elf-work is suspect and valuable, in that order. The Temple would rather it sat in a reliquary than in your warehouse. The Temple wants 30, and it wants them today. It is a small thing, and the Temple keeps a long memory of small things.	false
derpy_chd_ex_emp_dem_tithe_trinkets_secondary	Sacrifice 30 Elven Trinkets in the Imperial Bourse within 3 turns, or answer for it.	false
derpy_chd_ex_emp_dem_hunger_trinkets_title	Sigmar's Need: Elven Trinkets	false
derpy_chd_ex_emp_dem_hunger_trinkets_primary	Elf-work is suspect and valuable, in that order. The Temple would rather it sat in a reliquary than in your warehouse. The Temple wants 90, and it wants them today. This is more than the collection plate takes. The war does not wait on your bookkeeping.	false
derpy_chd_ex_emp_dem_hunger_trinkets_secondary	Sacrifice 90 Elven Trinkets in the Imperial Bourse within 3 turns, or answer for it.	false
derpy_chd_ex_emp_dem_wrath_trinkets_title	The Theogonist Asks: Elven Trinkets	false
derpy_chd_ex_emp_dem_wrath_trinkets_primary	Elf-work is suspect and valuable, in that order. The Temple would rather it sat in a reliquary than in your warehouse. The Temple wants 180, and it wants them today. This is not alms. The Temple has read your ledgers and wants what is written in them.	false
derpy_chd_ex_emp_dem_wrath_trinkets_secondary	Sacrifice 180 Elven Trinkets in the Imperial Bourse within 3 turns, or answer for it.	false
derpy_chd_ex_emp_dem_tithe_derpy_amber_title	The Temple's Tithe: Amber	false
derpy_chd_ex_emp_dem_tithe_derpy_amber_primary	Amber is prized by jewellers and wizards alike. Your chests of it have not gone unremarked. The Temple wants 30, and it wants them today. It is a small thing, and the Temple keeps a long memory of small things.	false
derpy_chd_ex_emp_dem_tithe_derpy_amber_secondary	Sacrifice 30 Amber in the Imperial Bourse within 3 turns, or answer for it.	false
derpy_chd_ex_emp_dem_hunger_derpy_amber_title	Sigmar's Need: Amber	false
derpy_chd_ex_emp_dem_hunger_derpy_amber_primary	Amber is prized by jewellers and wizards alike. Your chests of it have not gone unremarked. The Temple wants 90, and it wants them today. This is more than the collection plate takes. The war does not wait on your bookkeeping.	false
derpy_chd_ex_emp_dem_hunger_derpy_amber_secondary	Sacrifice 90 Amber in the Imperial Bourse within 3 turns, or answer for it.	false
derpy_chd_ex_emp_dem_wrath_derpy_amber_title	The Theogonist Asks: Amber	false
derpy_chd_ex_emp_dem_wrath_derpy_amber_primary	Amber is prized by jewellers and wizards alike. Your chests of it have not gone unremarked. The Temple wants 180, and it wants them today. This is not alms. The Temple has read your ledgers and wants what is written in them.	false
derpy_chd_ex_emp_dem_wrath_derpy_amber_secondary	Sacrifice 180 Amber in the Imperial Bourse within 3 turns, or answer for it.	false
derpy_chd_ex_emp_dem_tithe_derpy_black_lotus_title	The Temple's Tithe: Black Lotus	false
derpy_chd_ex_emp_dem_tithe_derpy_black_lotus_primary	Black lotus is sought by assassins and healers alike. Somebody knows exactly how many ounces you hold. The Temple wants 30, and it wants them today. It is a small thing, and the Temple keeps a long memory of small things.	false
derpy_chd_ex_emp_dem_tithe_derpy_black_lotus_secondary	Sacrifice 30 Black Lotus in the Imperial Bourse within 3 turns, or answer for it.	false
derpy_chd_ex_emp_dem_hunger_derpy_black_lotus_title	Sigmar's Need: Black Lotus	false
derpy_chd_ex_emp_dem_hunger_derpy_black_lotus_primary	Black lotus is sought by assassins and healers alike. Somebody knows exactly how many ounces you hold. The Temple wants 90, and it wants them today. This is more than the collection plate takes. The war does not wait on your bookkeeping.	false
derpy_chd_ex_emp_dem_hunger_derpy_black_lotus_secondary	Sacrifice 90 Black Lotus in the Imperial Bourse within 3 turns, or answer for it.	false
derpy_chd_ex_emp_dem_wrath_derpy_black_lotus_title	The Theogonist Asks: Black Lotus	false
derpy_chd_ex_emp_dem_wrath_derpy_black_lotus_primary	Black lotus is sought by assassins and healers alike. Somebody knows exactly how many ounces you hold. The Temple wants 180, and it wants them today. This is not alms. The Temple has read your ledgers and wants what is written in them.	false
derpy_chd_ex_emp_dem_wrath_derpy_black_lotus_secondary	Sacrifice 180 Black Lotus in the Imperial Bourse within 3 turns, or answer for it.	false
derpy_chd_ex_emp_dem_tithe_derpy_blackpowder_title	The Temple's Tithe: Blackpowder	false
derpy_chd_ex_emp_dem_tithe_derpy_blackpowder_primary	Blackpowder is the cannon's bread. Your kegs are known, and so is how dry you are keeping them. The Temple wants 30, and it wants them today. It is a small thing, and the Temple keeps a long memory of small things.	false
derpy_chd_ex_emp_dem_tithe_derpy_blackpowder_secondary	Sacrifice 30 Blackpowder in the Imperial Bourse within 3 turns, or answer for it.	false
derpy_chd_ex_emp_dem_hunger_derpy_blackpowder_title	Sigmar's Need: Blackpowder	false
derpy_chd_ex_emp_dem_hunger_derpy_blackpowder_primary	Blackpowder is the cannon's bread. Your kegs are known, and so is how dry you are keeping them. The Temple wants 90, and it wants them today. This is more than the collection plate takes. The war does not wait on your bookkeeping.	false
derpy_chd_ex_emp_dem_hunger_derpy_blackpowder_secondary	Sacrifice 90 Blackpowder in the Imperial Bourse within 3 turns, or answer for it.	false
derpy_chd_ex_emp_dem_wrath_derpy_blackpowder_title	The Theogonist Asks: Blackpowder	false
derpy_chd_ex_emp_dem_wrath_derpy_blackpowder_primary	Blackpowder is the cannon's bread. Your kegs are known, and so is how dry you are keeping them. The Temple wants 180, and it wants them today. This is not alms. The Temple has read your ledgers and wants what is written in them.	false
derpy_chd_ex_emp_dem_wrath_derpy_blackpowder_secondary	Sacrifice 180 Blackpowder in the Imperial Bourse within 3 turns, or answer for it.	false
derpy_chd_ex_emp_dem_tithe_derpy_books_title	The Temple's Tithe: Books	false
derpy_chd_ex_emp_dem_tithe_derpy_books_primary	Books are knowledge, and knowledge is owed. Your crates of them have been catalogued by somebody else. The Temple wants 30, and it wants them today. It is a small thing, and the Temple keeps a long memory of small things.	false
derpy_chd_ex_emp_dem_tithe_derpy_books_secondary	Sacrifice 30 Books in the Imperial Bourse within 3 turns, or answer for it.	false
derpy_chd_ex_emp_dem_hunger_derpy_books_title	Sigmar's Need: Books	false
derpy_chd_ex_emp_dem_hunger_derpy_books_primary	Books are knowledge, and knowledge is owed. Your crates of them have been catalogued by somebody else. The Temple wants 90, and it wants them today. This is more than the collection plate takes. The war does not wait on your bookkeeping.	false
derpy_chd_ex_emp_dem_hunger_derpy_books_secondary	Sacrifice 90 Books in the Imperial Bourse within 3 turns, or answer for it.	false
derpy_chd_ex_emp_dem_wrath_derpy_books_title	The Theogonist Asks: Books	false
derpy_chd_ex_emp_dem_wrath_derpy_books_primary	Books are knowledge, and knowledge is owed. Your crates of them have been catalogued by somebody else. The Temple wants 180, and it wants them today. This is not alms. The Temple has read your ledgers and wants what is written in them.	false
derpy_chd_ex_emp_dem_wrath_derpy_books_secondary	Sacrifice 180 Books in the Imperial Bourse within 3 turns, or answer for it.	false
derpy_chd_ex_emp_dem_tithe_derpy_brass_title	The Temple's Tithe: Brass	false
derpy_chd_ex_emp_dem_tithe_derpy_brass_primary	Brass is cast for gears, guns and idols. Your ingots are written into a ledger that is not yours. The Temple wants 30, and it wants them today. It is a small thing, and the Temple keeps a long memory of small things.	false
derpy_chd_ex_emp_dem_tithe_derpy_brass_secondary	Sacrifice 30 Brass in the Imperial Bourse within 3 turns, or answer for it.	false
derpy_chd_ex_emp_dem_hunger_derpy_brass_title	Sigmar's Need: Brass	false
derpy_chd_ex_emp_dem_hunger_derpy_brass_primary	Brass is cast for gears, guns and idols. Your ingots are written into a ledger that is not yours. The Temple wants 90, and it wants them today. This is more than the collection plate takes. The war does not wait on your bookkeeping.	false
derpy_chd_ex_emp_dem_hunger_derpy_brass_secondary	Sacrifice 90 Brass in the Imperial Bourse within 3 turns, or answer for it.	false
derpy_chd_ex_emp_dem_wrath_derpy_brass_title	The Theogonist Asks: Brass	false
derpy_chd_ex_emp_dem_wrath_derpy_brass_primary	Brass is cast for gears, guns and idols. Your ingots are written into a ledger that is not yours. The Temple wants 180, and it wants them today. This is not alms. The Temple has read your ledgers and wants what is written in them.	false
derpy_chd_ex_emp_dem_wrath_derpy_brass_secondary	Sacrifice 180 Brass in the Imperial Bourse within 3 turns, or answer for it.	false
derpy_chd_ex_emp_dem_tithe_derpy_brimstone_title	The Temple's Tithe: Brimstone	false
derpy_chd_ex_emp_dem_tithe_derpy_brimstone_primary	Brimstone feeds the furnace and the powder mill both. Your sacks of it have not gone unnoticed. The Temple wants 30, and it wants them today. It is a small thing, and the Temple keeps a long memory of small things.	false
derpy_chd_ex_emp_dem_tithe_derpy_brimstone_secondary	Sacrifice 30 Brimstone in the Imperial Bourse within 3 turns, or answer for it.	false
derpy_chd_ex_emp_dem_hunger_derpy_brimstone_title	Sigmar's Need: Brimstone	false
derpy_chd_ex_emp_dem_hunger_derpy_brimstone_primary	Brimstone feeds the furnace and the powder mill both. Your sacks of it have not gone unnoticed. The Temple wants 90, and it wants them today. This is more than the collection plate takes. The war does not wait on your bookkeeping.	false
derpy_chd_ex_emp_dem_hunger_derpy_brimstone_secondary	Sacrifice 90 Brimstone in the Imperial Bourse within 3 turns, or answer for it.	false
derpy_chd_ex_emp_dem_wrath_derpy_brimstone_title	The Theogonist Asks: Brimstone	false
derpy_chd_ex_emp_dem_wrath_derpy_brimstone_primary	Brimstone feeds the furnace and the powder mill both. Your sacks of it have not gone unnoticed. The Temple wants 180, and it wants them today. This is not alms. The Temple has read your ledgers and wants what is written in them.	false
derpy_chd_ex_emp_dem_wrath_derpy_brimstone_secondary	Sacrifice 180 Brimstone in the Imperial Bourse within 3 turns, or answer for it.	false
derpy_chd_ex_emp_dem_tithe_derpy_carpets_title	The Temple's Tithe: Arabyan Carpets	false
derpy_chd_ex_emp_dem_tithe_derpy_carpets_primary	Arabyan carpets are knotted in patterns older than the Empire. Your rolls have been unrolled and priced. The Temple wants 30, and it wants them today. It is a small thing, and the Temple keeps a long memory of small things.	false
derpy_chd_ex_emp_dem_tithe_derpy_carpets_secondary	Sacrifice 30 Arabyan Carpets in the Imperial Bourse within 3 turns, or answer for it.	false
derpy_chd_ex_emp_dem_hunger_derpy_carpets_title	Sigmar's Need: Arabyan Carpets	false
derpy_chd_ex_emp_dem_hunger_derpy_carpets_primary	Arabyan carpets are knotted in patterns older than the Empire. Your rolls have been unrolled and priced. The Temple wants 90, and it wants them today. This is more than the collection plate takes. The war does not wait on your bookkeeping.	false
derpy_chd_ex_emp_dem_hunger_derpy_carpets_secondary	Sacrifice 90 Arabyan Carpets in the Imperial Bourse within 3 turns, or answer for it.	false
derpy_chd_ex_emp_dem_wrath_derpy_carpets_title	The Theogonist Asks: Arabyan Carpets	false
derpy_chd_ex_emp_dem_wrath_derpy_carpets_primary	Arabyan carpets are knotted in patterns older than the Empire. Your rolls have been unrolled and priced. The Temple wants 180, and it wants them today. This is not alms. The Temple has read your ledgers and wants what is written in them.	false
derpy_chd_ex_emp_dem_wrath_derpy_carpets_secondary	Sacrifice 180 Arabyan Carpets in the Imperial Bourse within 3 turns, or answer for it.	false
derpy_chd_ex_emp_dem_tithe_derpy_coal_title	The Temple's Tithe: Coal	false
derpy_chd_ex_emp_dem_tithe_derpy_coal_primary	Every forge and furnace burns coal. Yours is stacked in sacks while other fires go hungry. The Temple wants 30, and it wants them today. It is a small thing, and the Temple keeps a long memory of small things.	false
derpy_chd_ex_emp_dem_tithe_derpy_coal_secondary	Sacrifice 30 Coal in the Imperial Bourse within 3 turns, or answer for it.	false
derpy_chd_ex_emp_dem_hunger_derpy_coal_title	Sigmar's Need: Coal	false
derpy_chd_ex_emp_dem_hunger_derpy_coal_primary	Every forge and furnace burns coal. Yours is stacked in sacks while other fires go hungry. The Temple wants 90, and it wants them today. This is more than the collection plate takes. The war does not wait on your bookkeeping.	false
derpy_chd_ex_emp_dem_hunger_derpy_coal_secondary	Sacrifice 90 Coal in the Imperial Bourse within 3 turns, or answer for it.	false
derpy_chd_ex_emp_dem_wrath_derpy_coal_title	The Theogonist Asks: Coal	false
derpy_chd_ex_emp_dem_wrath_derpy_coal_primary	Every forge and furnace burns coal. Yours is stacked in sacks while other fires go hungry. The Temple wants 180, and it wants them today. This is not alms. The Temple has read your ledgers and wants what is written in them.	false
derpy_chd_ex_emp_dem_wrath_derpy_coal_secondary	Sacrifice 180 Coal in the Imperial Bourse within 3 turns, or answer for it.	false
derpy_chd_ex_emp_dem_tithe_derpy_dragon_bone_title	The Temple's Tithe: Dragon Bone	false
derpy_chd_ex_emp_dem_tithe_derpy_dragon_bone_primary	Dragon bone grows rarer every century. Your crates of it are a matter of record. The Temple wants 30, and it wants them today. It is a small thing, and the Temple keeps a long memory of small things.	false
derpy_chd_ex_emp_dem_tithe_derpy_dragon_bone_secondary	Sacrifice 30 Dragon Bone in the Imperial Bourse within 3 turns, or answer for it.	false
derpy_chd_ex_emp_dem_hunger_derpy_dragon_bone_title	Sigmar's Need: Dragon Bone	false
derpy_chd_ex_emp_dem_hunger_derpy_dragon_bone_primary	Dragon bone grows rarer every century. Your crates of it are a matter of record. The Temple wants 90, and it wants them today. This is more than the collection plate takes. The war does not wait on your bookkeeping.	false
derpy_chd_ex_emp_dem_hunger_derpy_dragon_bone_secondary	Sacrifice 90 Dragon Bone in the Imperial Bourse within 3 turns, or answer for it.	false
derpy_chd_ex_emp_dem_wrath_derpy_dragon_bone_title	The Theogonist Asks: Dragon Bone	false
derpy_chd_ex_emp_dem_wrath_derpy_dragon_bone_primary	Dragon bone grows rarer every century. Your crates of it are a matter of record. The Temple wants 180, and it wants them today. This is not alms. The Temple has read your ledgers and wants what is written in them.	false
derpy_chd_ex_emp_dem_wrath_derpy_dragon_bone_secondary	Sacrifice 180 Dragon Bone in the Imperial Bourse within 3 turns, or answer for it.	false
derpy_chd_ex_emp_dem_tithe_derpy_feathers_title	The Temple's Tithe: Griffon and Pegasus Feathers	false
derpy_chd_ex_emp_dem_tithe_derpy_feathers_primary	Griffon and pegasus feathers are gathered from the high eyries at some risk. Your bundles have been counted. The Temple wants 30, and it wants them today. It is a small thing, and the Temple keeps a long memory of small things.	false
derpy_chd_ex_emp_dem_tithe_derpy_feathers_secondary	Sacrifice 30 Griffon and Pegasus Feathers in the Imperial Bourse within 3 turns, or answer for it.	false
derpy_chd_ex_emp_dem_hunger_derpy_feathers_title	Sigmar's Need: Griffon and Pegasus Feathers	false
derpy_chd_ex_emp_dem_hunger_derpy_feathers_primary	Griffon and pegasus feathers are gathered from the high eyries at some risk. Your bundles have been counted. The Temple wants 90, and it wants them today. This is more than the collection plate takes. The war does not wait on your bookkeeping.	false
derpy_chd_ex_emp_dem_hunger_derpy_feathers_secondary	Sacrifice 90 Griffon and Pegasus Feathers in the Imperial Bourse within 3 turns, or answer for it.	false
derpy_chd_ex_emp_dem_wrath_derpy_feathers_title	The Theogonist Asks: Griffon and Pegasus Feathers	false
derpy_chd_ex_emp_dem_wrath_derpy_feathers_primary	Griffon and pegasus feathers are gathered from the high eyries at some risk. Your bundles have been counted. The Temple wants 180, and it wants them today. This is not alms. The Temple has read your ledgers and wants what is written in them.	false
derpy_chd_ex_emp_dem_wrath_derpy_feathers_secondary	Sacrifice 180 Griffon and Pegasus Feathers in the Imperial Bourse within 3 turns, or answer for it.	false
derpy_chd_ex_emp_dem_tithe_derpy_glassware_title	The Temple's Tithe: Glassware	false
derpy_chd_ex_emp_dem_tithe_derpy_glassware_primary	Fine glass is easily broken and dearly bought. Your crates of it have been counted, carefully. The Temple wants 30, and it wants them today. It is a small thing, and the Temple keeps a long memory of small things.	false
derpy_chd_ex_emp_dem_tithe_derpy_glassware_secondary	Sacrifice 30 Glassware in the Imperial Bourse within 3 turns, or answer for it.	false
derpy_chd_ex_emp_dem_hunger_derpy_glassware_title	Sigmar's Need: Glassware	false
derpy_chd_ex_emp_dem_hunger_derpy_glassware_primary	Fine glass is easily broken and dearly bought. Your crates of it have been counted, carefully. The Temple wants 90, and it wants them today. This is more than the collection plate takes. The war does not wait on your bookkeeping.	false
derpy_chd_ex_emp_dem_hunger_derpy_glassware_secondary	Sacrifice 90 Glassware in the Imperial Bourse within 3 turns, or answer for it.	false
derpy_chd_ex_emp_dem_wrath_derpy_glassware_title	The Theogonist Asks: Glassware	false
derpy_chd_ex_emp_dem_wrath_derpy_glassware_primary	Fine glass is easily broken and dearly bought. Your crates of it have been counted, carefully. The Temple wants 180, and it wants them today. This is not alms. The Temple has read your ledgers and wants what is written in them.	false
derpy_chd_ex_emp_dem_wrath_derpy_glassware_secondary	Sacrifice 180 Glassware in the Imperial Bourse within 3 turns, or answer for it.	false
derpy_chd_ex_emp_dem_tithe_derpy_grain_title	The Temple's Tithe: Grain	false
derpy_chd_ex_emp_dem_tithe_derpy_grain_primary	Grain is bread for the cities and fodder for the armies. Your granaries are full while others are not. The Temple wants 30, and it wants them today. It is a small thing, and the Temple keeps a long memory of small things.	false
derpy_chd_ex_emp_dem_tithe_derpy_grain_secondary	Sacrifice 30 Grain in the Imperial Bourse within 3 turns, or answer for it.	false
derpy_chd_ex_emp_dem_hunger_derpy_grain_title	Sigmar's Need: Grain	false
derpy_chd_ex_emp_dem_hunger_derpy_grain_primary	Grain is bread for the cities and fodder for the armies. Your granaries are full while others are not. The Temple wants 90, and it wants them today. This is more than the collection plate takes. The war does not wait on your bookkeeping.	false
derpy_chd_ex_emp_dem_hunger_derpy_grain_secondary	Sacrifice 90 Grain in the Imperial Bourse within 3 turns, or answer for it.	false
derpy_chd_ex_emp_dem_wrath_derpy_grain_title	The Theogonist Asks: Grain	false
derpy_chd_ex_emp_dem_wrath_derpy_grain_primary	Grain is bread for the cities and fodder for the armies. Your granaries are full while others are not. The Temple wants 180, and it wants them today. This is not alms. The Temple has read your ledgers and wants what is written in them.	false
derpy_chd_ex_emp_dem_wrath_derpy_grain_secondary	Sacrifice 180 Grain in the Imperial Bourse within 3 turns, or answer for it.	false
derpy_chd_ex_emp_dem_tithe_derpy_gromril_title	The Temple's Tithe: Gromril	false
derpy_chd_ex_emp_dem_tithe_derpy_gromril_primary	Gromril is the hardest metal there is and the scarcest. Nobody has forgotten that you hold some. The Temple wants 30, and it wants them today. It is a small thing, and the Temple keeps a long memory of small things.	false
derpy_chd_ex_emp_dem_tithe_derpy_gromril_secondary	Sacrifice 30 Gromril in the Imperial Bourse within 3 turns, or answer for it.	false
derpy_chd_ex_emp_dem_hunger_derpy_gromril_title	Sigmar's Need: Gromril	false
derpy_chd_ex_emp_dem_hunger_derpy_gromril_primary	Gromril is the hardest metal there is and the scarcest. Nobody has forgotten that you hold some. The Temple wants 90, and it wants them today. This is more than the collection plate takes. The war does not wait on your bookkeeping.	false
derpy_chd_ex_emp_dem_hunger_derpy_gromril_secondary	Sacrifice 90 Gromril in the Imperial Bourse within 3 turns, or answer for it.	false
derpy_chd_ex_emp_dem_wrath_derpy_gromril_title	The Theogonist Asks: Gromril	false
derpy_chd_ex_emp_dem_wrath_derpy_gromril_primary	Gromril is the hardest metal there is and the scarcest. Nobody has forgotten that you hold some. The Temple wants 180, and it wants them today. This is not alms. The Temple has read your ledgers and wants what is written in them.	false
derpy_chd_ex_emp_dem_wrath_derpy_gromril_secondary	Sacrifice 180 Gromril in the Imperial Bourse within 3 turns, or answer for it.	false
derpy_chd_ex_emp_dem_tithe_derpy_incense_title	The Temple's Tithe: Incense	false
derpy_chd_ex_emp_dem_tithe_derpy_incense_primary	Incense burns in every temple and every tomb. Your sacks of it can be smelled from the street. The Temple wants 30, and it wants them today. It is a small thing, and the Temple keeps a long memory of small things.	false
derpy_chd_ex_emp_dem_tithe_derpy_incense_secondary	Sacrifice 30 Incense in the Imperial Bourse within 3 turns, or answer for it.	false
derpy_chd_ex_emp_dem_hunger_derpy_incense_title	Sigmar's Need: Incense	false
derpy_chd_ex_emp_dem_hunger_derpy_incense_primary	Incense burns in every temple and every tomb. Your sacks of it can be smelled from the street. The Temple wants 90, and it wants them today. This is more than the collection plate takes. The war does not wait on your bookkeeping.	false
derpy_chd_ex_emp_dem_hunger_derpy_incense_secondary	Sacrifice 90 Incense in the Imperial Bourse within 3 turns, or answer for it.	false
derpy_chd_ex_emp_dem_wrath_derpy_incense_title	The Theogonist Asks: Incense	false
derpy_chd_ex_emp_dem_wrath_derpy_incense_primary	Incense burns in every temple and every tomb. Your sacks of it can be smelled from the street. The Temple wants 180, and it wants them today. This is not alms. The Temple has read your ledgers and wants what is written in them.	false
derpy_chd_ex_emp_dem_wrath_derpy_incense_secondary	Sacrifice 180 Incense in the Imperial Bourse within 3 turns, or answer for it.	false
derpy_chd_ex_emp_dem_tithe_derpy_ithilmar_title	The Temple's Tithe: Ithilmar	false
derpy_chd_ex_emp_dem_tithe_derpy_ithilmar_primary	Ithilmar is found in one land only, and every ingot outside it is accounted for. Yours included. The Temple wants 30, and it wants them today. It is a small thing, and the Temple keeps a long memory of small things.	false
derpy_chd_ex_emp_dem_tithe_derpy_ithilmar_secondary	Sacrifice 30 Ithilmar in the Imperial Bourse within 3 turns, or answer for it.	false
derpy_chd_ex_emp_dem_hunger_derpy_ithilmar_title	Sigmar's Need: Ithilmar	false
derpy_chd_ex_emp_dem_hunger_derpy_ithilmar_primary	Ithilmar is found in one land only, and every ingot outside it is accounted for. Yours included. The Temple wants 90, and it wants them today. This is more than the collection plate takes. The war does not wait on your bookkeeping.	false
derpy_chd_ex_emp_dem_hunger_derpy_ithilmar_secondary	Sacrifice 90 Ithilmar in the Imperial Bourse within 3 turns, or answer for it.	false
derpy_chd_ex_emp_dem_wrath_derpy_ithilmar_title	The Theogonist Asks: Ithilmar	false
derpy_chd_ex_emp_dem_wrath_derpy_ithilmar_primary	Ithilmar is found in one land only, and every ingot outside it is accounted for. Yours included. The Temple wants 180, and it wants them today. This is not alms. The Temple has read your ledgers and wants what is written in them.	false
derpy_chd_ex_emp_dem_wrath_derpy_ithilmar_secondary	Sacrifice 180 Ithilmar in the Imperial Bourse within 3 turns, or answer for it.	false
derpy_chd_ex_emp_dem_tithe_derpy_jade_title	The Temple's Tithe: Jade	false
derpy_chd_ex_emp_dem_tithe_derpy_jade_primary	Jade is carved into charms, seals and statues. Your slabs of it are on a list. The Temple wants 30, and it wants them today. It is a small thing, and the Temple keeps a long memory of small things.	false
derpy_chd_ex_emp_dem_tithe_derpy_jade_secondary	Sacrifice 30 Jade in the Imperial Bourse within 3 turns, or answer for it.	false
derpy_chd_ex_emp_dem_hunger_derpy_jade_title	Sigmar's Need: Jade	false
derpy_chd_ex_emp_dem_hunger_derpy_jade_primary	Jade is carved into charms, seals and statues. Your slabs of it are on a list. The Temple wants 90, and it wants them today. This is more than the collection plate takes. The war does not wait on your bookkeeping.	false
derpy_chd_ex_emp_dem_hunger_derpy_jade_secondary	Sacrifice 90 Jade in the Imperial Bourse within 3 turns, or answer for it.	false
derpy_chd_ex_emp_dem_wrath_derpy_jade_title	The Theogonist Asks: Jade	false
derpy_chd_ex_emp_dem_wrath_derpy_jade_primary	Jade is carved into charms, seals and statues. Your slabs of it are on a list. The Temple wants 180, and it wants them today. This is not alms. The Temple has read your ledgers and wants what is written in them.	false
derpy_chd_ex_emp_dem_wrath_derpy_jade_secondary	Sacrifice 180 Jade in the Imperial Bourse within 3 turns, or answer for it.	false
derpy_chd_ex_emp_dem_tithe_derpy_kvas_title	The Temple's Tithe: Kvas	false
derpy_chd_ex_emp_dem_tithe_derpy_kvas_primary	Every stanitsa keeps a barrel of kvas. Yours are fuller than most, and that has been noticed. The Temple wants 30, and it wants them today. It is a small thing, and the Temple keeps a long memory of small things.	false
derpy_chd_ex_emp_dem_tithe_derpy_kvas_secondary	Sacrifice 30 Kvas in the Imperial Bourse within 3 turns, or answer for it.	false
derpy_chd_ex_emp_dem_hunger_derpy_kvas_title	Sigmar's Need: Kvas	false
derpy_chd_ex_emp_dem_hunger_derpy_kvas_primary	Every stanitsa keeps a barrel of kvas. Yours are fuller than most, and that has been noticed. The Temple wants 90, and it wants them today. This is more than the collection plate takes. The war does not wait on your bookkeeping.	false
derpy_chd_ex_emp_dem_hunger_derpy_kvas_secondary	Sacrifice 90 Kvas in the Imperial Bourse within 3 turns, or answer for it.	false
derpy_chd_ex_emp_dem_wrath_derpy_kvas_title	The Theogonist Asks: Kvas	false
derpy_chd_ex_emp_dem_wrath_derpy_kvas_primary	Every stanitsa keeps a barrel of kvas. Yours are fuller than most, and that has been noticed. The Temple wants 180, and it wants them today. This is not alms. The Temple has read your ledgers and wants what is written in them.	false
derpy_chd_ex_emp_dem_wrath_derpy_kvas_secondary	Sacrifice 180 Kvas in the Imperial Bourse within 3 turns, or answer for it.	false
derpy_chd_ex_emp_dem_tithe_derpy_lustrian_plumes_title	The Temple's Tithe: Lustrian Plumes	false
derpy_chd_ex_emp_dem_tithe_derpy_lustrian_plumes_primary	Lustrian plumes are worth their weight in gold at court. Yours have been counted feather by feather. The Temple wants 30, and it wants them today. It is a small thing, and the Temple keeps a long memory of small things.	false
derpy_chd_ex_emp_dem_tithe_derpy_lustrian_plumes_secondary	Sacrifice 30 Lustrian Plumes in the Imperial Bourse within 3 turns, or answer for it.	false
derpy_chd_ex_emp_dem_hunger_derpy_lustrian_plumes_title	Sigmar's Need: Lustrian Plumes	false
derpy_chd_ex_emp_dem_hunger_derpy_lustrian_plumes_primary	Lustrian plumes are worth their weight in gold at court. Yours have been counted feather by feather. The Temple wants 90, and it wants them today. This is more than the collection plate takes. The war does not wait on your bookkeeping.	false
derpy_chd_ex_emp_dem_hunger_derpy_lustrian_plumes_secondary	Sacrifice 90 Lustrian Plumes in the Imperial Bourse within 3 turns, or answer for it.	false
derpy_chd_ex_emp_dem_wrath_derpy_lustrian_plumes_title	The Theogonist Asks: Lustrian Plumes	false
derpy_chd_ex_emp_dem_wrath_derpy_lustrian_plumes_primary	Lustrian plumes are worth their weight in gold at court. Yours have been counted feather by feather. The Temple wants 180, and it wants them today. This is not alms. The Temple has read your ledgers and wants what is written in them.	false
derpy_chd_ex_emp_dem_wrath_derpy_lustrian_plumes_secondary	Sacrifice 180 Lustrian Plumes in the Imperial Bourse within 3 turns, or answer for it.	false
derpy_chd_ex_emp_dem_tithe_derpy_mead_title	The Temple's Tithe: Mead	false
derpy_chd_ex_emp_dem_tithe_derpy_mead_primary	Mead is drunk from horns before every raid. Your kegs have been counted by thirsty men. The Temple wants 30, and it wants them today. It is a small thing, and the Temple keeps a long memory of small things.	false
derpy_chd_ex_emp_dem_tithe_derpy_mead_secondary	Sacrifice 30 Mead in the Imperial Bourse within 3 turns, or answer for it.	false
derpy_chd_ex_emp_dem_hunger_derpy_mead_title	Sigmar's Need: Mead	false
derpy_chd_ex_emp_dem_hunger_derpy_mead_primary	Mead is drunk from horns before every raid. Your kegs have been counted by thirsty men. The Temple wants 90, and it wants them today. This is more than the collection plate takes. The war does not wait on your bookkeeping.	false
derpy_chd_ex_emp_dem_hunger_derpy_mead_secondary	Sacrifice 90 Mead in the Imperial Bourse within 3 turns, or answer for it.	false
derpy_chd_ex_emp_dem_wrath_derpy_mead_title	The Theogonist Asks: Mead	false
derpy_chd_ex_emp_dem_wrath_derpy_mead_primary	Mead is drunk from horns before every raid. Your kegs have been counted by thirsty men. The Temple wants 180, and it wants them today. This is not alms. The Temple has read your ledgers and wants what is written in them.	false
derpy_chd_ex_emp_dem_wrath_derpy_mead_secondary	Sacrifice 180 Mead in the Imperial Bourse within 3 turns, or answer for it.	false
derpy_chd_ex_emp_dem_tithe_derpy_olive_oil_title	The Temple's Tithe: Olive Oil	false
derpy_chd_ex_emp_dem_tithe_derpy_olive_oil_primary	Olive oil lights the lamps and dresses the bread of the Middle Sea. Your barrels have been tallied. The Temple wants 30, and it wants them today. It is a small thing, and the Temple keeps a long memory of small things.	false
derpy_chd_ex_emp_dem_tithe_derpy_olive_oil_secondary	Sacrifice 30 Olive Oil in the Imperial Bourse within 3 turns, or answer for it.	false
derpy_chd_ex_emp_dem_hunger_derpy_olive_oil_title	Sigmar's Need: Olive Oil	false
derpy_chd_ex_emp_dem_hunger_derpy_olive_oil_primary	Olive oil lights the lamps and dresses the bread of the Middle Sea. Your barrels have been tallied. The Temple wants 90, and it wants them today. This is more than the collection plate takes. The war does not wait on your bookkeeping.	false
derpy_chd_ex_emp_dem_hunger_derpy_olive_oil_secondary	Sacrifice 90 Olive Oil in the Imperial Bourse within 3 turns, or answer for it.	false
derpy_chd_ex_emp_dem_wrath_derpy_olive_oil_title	The Theogonist Asks: Olive Oil	false
derpy_chd_ex_emp_dem_wrath_derpy_olive_oil_primary	Olive oil lights the lamps and dresses the bread of the Middle Sea. Your barrels have been tallied. The Temple wants 180, and it wants them today. This is not alms. The Temple has read your ledgers and wants what is written in them.	false
derpy_chd_ex_emp_dem_wrath_derpy_olive_oil_secondary	Sacrifice 180 Olive Oil in the Imperial Bourse within 3 turns, or answer for it.	false
derpy_chd_ex_emp_dem_tithe_derpy_pearls_title	The Temple's Tithe: Pearls	false
derpy_chd_ex_emp_dem_tithe_derpy_pearls_primary	Pearls come up from the warm seas and go round the neck of anyone who can pay. Yours have been counted. The Temple wants 30, and it wants them today. It is a small thing, and the Temple keeps a long memory of small things.	false
derpy_chd_ex_emp_dem_tithe_derpy_pearls_secondary	Sacrifice 30 Pearls in the Imperial Bourse within 3 turns, or answer for it.	false
derpy_chd_ex_emp_dem_hunger_derpy_pearls_title	Sigmar's Need: Pearls	false
derpy_chd_ex_emp_dem_hunger_derpy_pearls_primary	Pearls come up from the warm seas and go round the neck of anyone who can pay. Yours have been counted. The Temple wants 90, and it wants them today. This is more than the collection plate takes. The war does not wait on your bookkeeping.	false
derpy_chd_ex_emp_dem_hunger_derpy_pearls_secondary	Sacrifice 90 Pearls in the Imperial Bourse within 3 turns, or answer for it.	false
derpy_chd_ex_emp_dem_wrath_derpy_pearls_title	The Theogonist Asks: Pearls	false
derpy_chd_ex_emp_dem_wrath_derpy_pearls_primary	Pearls come up from the warm seas and go round the neck of anyone who can pay. Yours have been counted. The Temple wants 180, and it wants them today. This is not alms. The Temple has read your ledgers and wants what is written in them.	false
derpy_chd_ex_emp_dem_wrath_derpy_pearls_secondary	Sacrifice 180 Pearls in the Imperial Bourse within 3 turns, or answer for it.	false
derpy_chd_ex_emp_dem_tithe_derpy_pipeweed_title	The Temple's Tithe: Pipeweed	false
derpy_chd_ex_emp_dem_tithe_derpy_pipeweed_primary	Pipeweed is smoked in every tavern from Altdorf to Marienburg. Your bales are known to more than the tax-man. The Temple wants 30, and it wants them today. It is a small thing, and the Temple keeps a long memory of small things.	false
derpy_chd_ex_emp_dem_tithe_derpy_pipeweed_secondary	Sacrifice 30 Pipeweed in the Imperial Bourse within 3 turns, or answer for it.	false
derpy_chd_ex_emp_dem_hunger_derpy_pipeweed_title	Sigmar's Need: Pipeweed	false
derpy_chd_ex_emp_dem_hunger_derpy_pipeweed_primary	Pipeweed is smoked in every tavern from Altdorf to Marienburg. Your bales are known to more than the tax-man. The Temple wants 90, and it wants them today. This is more than the collection plate takes. The war does not wait on your bookkeeping.	false
derpy_chd_ex_emp_dem_hunger_derpy_pipeweed_secondary	Sacrifice 90 Pipeweed in the Imperial Bourse within 3 turns, or answer for it.	false
derpy_chd_ex_emp_dem_wrath_derpy_pipeweed_title	The Theogonist Asks: Pipeweed	false
derpy_chd_ex_emp_dem_wrath_derpy_pipeweed_primary	Pipeweed is smoked in every tavern from Altdorf to Marienburg. Your bales are known to more than the tax-man. The Temple wants 180, and it wants them today. This is not alms. The Temple has read your ledgers and wants what is written in them.	false
derpy_chd_ex_emp_dem_wrath_derpy_pipeweed_secondary	Sacrifice 180 Pipeweed in the Imperial Bourse within 3 turns, or answer for it.	false
derpy_chd_ex_emp_dem_tithe_derpy_porcelain_title	The Temple's Tithe: Porcelain	false
derpy_chd_ex_emp_dem_tithe_derpy_porcelain_primary	Porcelain is fired in Cathay and treasured everywhere else. Your crates of it are on a list. The Temple wants 30, and it wants them today. It is a small thing, and the Temple keeps a long memory of small things.	false
derpy_chd_ex_emp_dem_tithe_derpy_porcelain_secondary	Sacrifice 30 Porcelain in the Imperial Bourse within 3 turns, or answer for it.	false
derpy_chd_ex_emp_dem_hunger_derpy_porcelain_title	Sigmar's Need: Porcelain	false
derpy_chd_ex_emp_dem_hunger_derpy_porcelain_primary	Porcelain is fired in Cathay and treasured everywhere else. Your crates of it are on a list. The Temple wants 90, and it wants them today. This is more than the collection plate takes. The war does not wait on your bookkeeping.	false
derpy_chd_ex_emp_dem_hunger_derpy_porcelain_secondary	Sacrifice 90 Porcelain in the Imperial Bourse within 3 turns, or answer for it.	false
derpy_chd_ex_emp_dem_wrath_derpy_porcelain_title	The Theogonist Asks: Porcelain	false
derpy_chd_ex_emp_dem_wrath_derpy_porcelain_primary	Porcelain is fired in Cathay and treasured everywhere else. Your crates of it are on a list. The Temple wants 180, and it wants them today. This is not alms. The Temple has read your ledgers and wants what is written in them.	false
derpy_chd_ex_emp_dem_wrath_derpy_porcelain_secondary	Sacrifice 180 Porcelain in the Imperial Bourse within 3 turns, or answer for it.	false
derpy_chd_ex_emp_dem_tithe_derpy_quicksilver_title	The Temple's Tithe: Quicksilver	false
derpy_chd_ex_emp_dem_tithe_derpy_quicksilver_primary	Every alchemist and engineer wants quicksilver. Your flasks have been counted. The Temple wants 30, and it wants them today. It is a small thing, and the Temple keeps a long memory of small things.	false
derpy_chd_ex_emp_dem_tithe_derpy_quicksilver_secondary	Sacrifice 30 Quicksilver in the Imperial Bourse within 3 turns, or answer for it.	false
derpy_chd_ex_emp_dem_hunger_derpy_quicksilver_title	Sigmar's Need: Quicksilver	false
derpy_chd_ex_emp_dem_hunger_derpy_quicksilver_primary	Every alchemist and engineer wants quicksilver. Your flasks have been counted. The Temple wants 90, and it wants them today. This is more than the collection plate takes. The war does not wait on your bookkeeping.	false
derpy_chd_ex_emp_dem_hunger_derpy_quicksilver_secondary	Sacrifice 90 Quicksilver in the Imperial Bourse within 3 turns, or answer for it.	false
derpy_chd_ex_emp_dem_wrath_derpy_quicksilver_title	The Theogonist Asks: Quicksilver	false
derpy_chd_ex_emp_dem_wrath_derpy_quicksilver_primary	Every alchemist and engineer wants quicksilver. Your flasks have been counted. The Temple wants 180, and it wants them today. This is not alms. The Temple has read your ledgers and wants what is written in them.	false
derpy_chd_ex_emp_dem_wrath_derpy_quicksilver_secondary	Sacrifice 180 Quicksilver in the Imperial Bourse within 3 turns, or answer for it.	false
derpy_chd_ex_emp_dem_tithe_derpy_rhinox_hides_title	The Temple's Tithe: Rhinox Hides	false
derpy_chd_ex_emp_dem_tithe_derpy_rhinox_hides_primary	Rhinox hide is tough enough to make armour of. Your stacks of it have been counted. The Temple wants 30, and it wants them today. It is a small thing, and the Temple keeps a long memory of small things.	false
derpy_chd_ex_emp_dem_tithe_derpy_rhinox_hides_secondary	Sacrifice 30 Rhinox Hides in the Imperial Bourse within 3 turns, or answer for it.	false
derpy_chd_ex_emp_dem_hunger_derpy_rhinox_hides_title	Sigmar's Need: Rhinox Hides	false
derpy_chd_ex_emp_dem_hunger_derpy_rhinox_hides_primary	Rhinox hide is tough enough to make armour of. Your stacks of it have been counted. The Temple wants 90, and it wants them today. This is more than the collection plate takes. The war does not wait on your bookkeeping.	false
derpy_chd_ex_emp_dem_hunger_derpy_rhinox_hides_secondary	Sacrifice 90 Rhinox Hides in the Imperial Bourse within 3 turns, or answer for it.	false
derpy_chd_ex_emp_dem_wrath_derpy_rhinox_hides_title	The Theogonist Asks: Rhinox Hides	false
derpy_chd_ex_emp_dem_wrath_derpy_rhinox_hides_primary	Rhinox hide is tough enough to make armour of. Your stacks of it have been counted. The Temple wants 180, and it wants them today. This is not alms. The Temple has read your ledgers and wants what is written in them.	false
derpy_chd_ex_emp_dem_wrath_derpy_rhinox_hides_secondary	Sacrifice 180 Rhinox Hides in the Imperial Bourse within 3 turns, or answer for it.	false
derpy_chd_ex_emp_dem_tithe_derpy_rum_title	The Temple's Tithe: Rum	false
derpy_chd_ex_emp_dem_tithe_derpy_rum_primary	Rum keeps crews at sea and quiet ashore. Your kegs have been noticed by people who keep lists. The Temple wants 30, and it wants them today. It is a small thing, and the Temple keeps a long memory of small things.	false
derpy_chd_ex_emp_dem_tithe_derpy_rum_secondary	Sacrifice 30 Rum in the Imperial Bourse within 3 turns, or answer for it.	false
derpy_chd_ex_emp_dem_hunger_derpy_rum_title	Sigmar's Need: Rum	false
derpy_chd_ex_emp_dem_hunger_derpy_rum_primary	Rum keeps crews at sea and quiet ashore. Your kegs have been noticed by people who keep lists. The Temple wants 90, and it wants them today. This is more than the collection plate takes. The war does not wait on your bookkeeping.	false
derpy_chd_ex_emp_dem_hunger_derpy_rum_secondary	Sacrifice 90 Rum in the Imperial Bourse within 3 turns, or answer for it.	false
derpy_chd_ex_emp_dem_wrath_derpy_rum_title	The Theogonist Asks: Rum	false
derpy_chd_ex_emp_dem_wrath_derpy_rum_primary	Rum keeps crews at sea and quiet ashore. Your kegs have been noticed by people who keep lists. The Temple wants 180, and it wants them today. This is not alms. The Temple has read your ledgers and wants what is written in them.	false
derpy_chd_ex_emp_dem_wrath_derpy_rum_secondary	Sacrifice 180 Rum in the Imperial Bourse within 3 turns, or answer for it.	false
derpy_chd_ex_emp_dem_tithe_derpy_salted_fish_title	The Temple's Tithe: Salted Fish	false
derpy_chd_ex_emp_dem_tithe_derpy_salted_fish_primary	Salted fish feeds sailors, soldiers and the poor through the lean months. Your barrels have been counted. The Temple wants 30, and it wants them today. It is a small thing, and the Temple keeps a long memory of small things.	false
derpy_chd_ex_emp_dem_tithe_derpy_salted_fish_secondary	Sacrifice 30 Salted Fish in the Imperial Bourse within 3 turns, or answer for it.	false
derpy_chd_ex_emp_dem_hunger_derpy_salted_fish_title	Sigmar's Need: Salted Fish	false
derpy_chd_ex_emp_dem_hunger_derpy_salted_fish_primary	Salted fish feeds sailors, soldiers and the poor through the lean months. Your barrels have been counted. The Temple wants 90, and it wants them today. This is more than the collection plate takes. The war does not wait on your bookkeeping.	false
derpy_chd_ex_emp_dem_hunger_derpy_salted_fish_secondary	Sacrifice 90 Salted Fish in the Imperial Bourse within 3 turns, or answer for it.	false
derpy_chd_ex_emp_dem_wrath_derpy_salted_fish_title	The Theogonist Asks: Salted Fish	false
derpy_chd_ex_emp_dem_wrath_derpy_salted_fish_primary	Salted fish feeds sailors, soldiers and the poor through the lean months. Your barrels have been counted. The Temple wants 180, and it wants them today. This is not alms. The Temple has read your ledgers and wants what is written in them.	false
derpy_chd_ex_emp_dem_wrath_derpy_salted_fish_secondary	Sacrifice 180 Salted Fish in the Imperial Bourse within 3 turns, or answer for it.	false
derpy_chd_ex_emp_dem_tithe_derpy_salted_meat_title	The Temple's Tithe: Salted Meat	false
derpy_chd_ex_emp_dem_tithe_derpy_salted_meat_primary	Salted meat keeps, and armies march on it. Your barrels have been counted. The Temple wants 30, and it wants them today. It is a small thing, and the Temple keeps a long memory of small things.	false
derpy_chd_ex_emp_dem_tithe_derpy_salted_meat_secondary	Sacrifice 30 Salted Meat in the Imperial Bourse within 3 turns, or answer for it.	false
derpy_chd_ex_emp_dem_hunger_derpy_salted_meat_title	Sigmar's Need: Salted Meat	false
derpy_chd_ex_emp_dem_hunger_derpy_salted_meat_primary	Salted meat keeps, and armies march on it. Your barrels have been counted. The Temple wants 90, and it wants them today. This is more than the collection plate takes. The war does not wait on your bookkeeping.	false
derpy_chd_ex_emp_dem_hunger_derpy_salted_meat_secondary	Sacrifice 90 Salted Meat in the Imperial Bourse within 3 turns, or answer for it.	false
derpy_chd_ex_emp_dem_wrath_derpy_salted_meat_title	The Theogonist Asks: Salted Meat	false
derpy_chd_ex_emp_dem_wrath_derpy_salted_meat_primary	Salted meat keeps, and armies march on it. Your barrels have been counted. The Temple wants 180, and it wants them today. This is not alms. The Temple has read your ledgers and wants what is written in them.	false
derpy_chd_ex_emp_dem_wrath_derpy_salted_meat_secondary	Sacrifice 180 Salted Meat in the Imperial Bourse within 3 turns, or answer for it.	false
derpy_chd_ex_emp_dem_tithe_derpy_sea_dragon_hide_title	The Temple's Tithe: Sea Dragon Hide	false
derpy_chd_ex_emp_dem_tithe_derpy_sea_dragon_hide_primary	Sea dragon hide turns a blade, and there is less of it every year. Somebody knows how much of it you hold. The Temple wants 30, and it wants them today. It is a small thing, and the Temple keeps a long memory of small things.	false
derpy_chd_ex_emp_dem_tithe_derpy_sea_dragon_hide_secondary	Sacrifice 30 Sea Dragon Hide in the Imperial Bourse within 3 turns, or answer for it.	false
derpy_chd_ex_emp_dem_hunger_derpy_sea_dragon_hide_title	Sigmar's Need: Sea Dragon Hide	false
derpy_chd_ex_emp_dem_hunger_derpy_sea_dragon_hide_primary	Sea dragon hide turns a blade, and there is less of it every year. Somebody knows how much of it you hold. The Temple wants 90, and it wants them today. This is more than the collection plate takes. The war does not wait on your bookkeeping.	false
derpy_chd_ex_emp_dem_hunger_derpy_sea_dragon_hide_secondary	Sacrifice 90 Sea Dragon Hide in the Imperial Bourse within 3 turns, or answer for it.	false
derpy_chd_ex_emp_dem_wrath_derpy_sea_dragon_hide_title	The Theogonist Asks: Sea Dragon Hide	false
derpy_chd_ex_emp_dem_wrath_derpy_sea_dragon_hide_primary	Sea dragon hide turns a blade, and there is less of it every year. Somebody knows how much of it you hold. The Temple wants 180, and it wants them today. This is not alms. The Temple has read your ledgers and wants what is written in them.	false
derpy_chd_ex_emp_dem_wrath_derpy_sea_dragon_hide_secondary	Sacrifice 180 Sea Dragon Hide in the Imperial Bourse within 3 turns, or answer for it.	false
derpy_chd_ex_emp_dem_tithe_derpy_silk_title	The Temple's Tithe: Silk	false
derpy_chd_ex_emp_dem_tithe_derpy_silk_primary	Silk is what the Ivory Road carries west. Your bolts have been measured by somebody other than your factor. The Temple wants 30, and it wants them today. It is a small thing, and the Temple keeps a long memory of small things.	false
derpy_chd_ex_emp_dem_tithe_derpy_silk_secondary	Sacrifice 30 Silk in the Imperial Bourse within 3 turns, or answer for it.	false
derpy_chd_ex_emp_dem_hunger_derpy_silk_title	Sigmar's Need: Silk	false
derpy_chd_ex_emp_dem_hunger_derpy_silk_primary	Silk is what the Ivory Road carries west. Your bolts have been measured by somebody other than your factor. The Temple wants 90, and it wants them today. This is more than the collection plate takes. The war does not wait on your bookkeeping.	false
derpy_chd_ex_emp_dem_hunger_derpy_silk_secondary	Sacrifice 90 Silk in the Imperial Bourse within 3 turns, or answer for it.	false
derpy_chd_ex_emp_dem_wrath_derpy_silk_title	The Theogonist Asks: Silk	false
derpy_chd_ex_emp_dem_wrath_derpy_silk_primary	Silk is what the Ivory Road carries west. Your bolts have been measured by somebody other than your factor. The Temple wants 180, and it wants them today. This is not alms. The Temple has read your ledgers and wants what is written in them.	false
derpy_chd_ex_emp_dem_wrath_derpy_silk_secondary	Sacrifice 180 Silk in the Imperial Bourse within 3 turns, or answer for it.	false
derpy_chd_ex_emp_dem_tithe_derpy_silver_title	The Temple's Tithe: Silver	false
derpy_chd_ex_emp_dem_tithe_derpy_silver_primary	Silver is coin, plate and a blade-edge against the dead. Your ingots have been weighed twice. The Temple wants 30, and it wants them today. It is a small thing, and the Temple keeps a long memory of small things.	false
derpy_chd_ex_emp_dem_tithe_derpy_silver_secondary	Sacrifice 30 Silver in the Imperial Bourse within 3 turns, or answer for it.	false
derpy_chd_ex_emp_dem_hunger_derpy_silver_title	Sigmar's Need: Silver	false
derpy_chd_ex_emp_dem_hunger_derpy_silver_primary	Silver is coin, plate and a blade-edge against the dead. Your ingots have been weighed twice. The Temple wants 90, and it wants them today. This is more than the collection plate takes. The war does not wait on your bookkeeping.	false
derpy_chd_ex_emp_dem_hunger_derpy_silver_secondary	Sacrifice 90 Silver in the Imperial Bourse within 3 turns, or answer for it.	false
derpy_chd_ex_emp_dem_wrath_derpy_silver_title	The Theogonist Asks: Silver	false
derpy_chd_ex_emp_dem_wrath_derpy_silver_primary	Silver is coin, plate and a blade-edge against the dead. Your ingots have been weighed twice. The Temple wants 180, and it wants them today. This is not alms. The Temple has read your ledgers and wants what is written in them.	false
derpy_chd_ex_emp_dem_wrath_derpy_silver_secondary	Sacrifice 180 Silver in the Imperial Bourse within 3 turns, or answer for it.	false
derpy_chd_ex_emp_dem_tithe_derpy_starwood_title	The Temple's Tithe: Starwood	false
derpy_chd_ex_emp_dem_tithe_derpy_starwood_primary	Starwood is given by the trees of Athel Loren and never cut. That you hold any at all has been noticed. The Temple wants 30, and it wants them today. It is a small thing, and the Temple keeps a long memory of small things.	false
derpy_chd_ex_emp_dem_tithe_derpy_starwood_secondary	Sacrifice 30 Starwood in the Imperial Bourse within 3 turns, or answer for it.	false
derpy_chd_ex_emp_dem_hunger_derpy_starwood_title	Sigmar's Need: Starwood	false
derpy_chd_ex_emp_dem_hunger_derpy_starwood_primary	Starwood is given by the trees of Athel Loren and never cut. That you hold any at all has been noticed. The Temple wants 90, and it wants them today. This is more than the collection plate takes. The war does not wait on your bookkeeping.	false
derpy_chd_ex_emp_dem_hunger_derpy_starwood_secondary	Sacrifice 90 Starwood in the Imperial Bourse within 3 turns, or answer for it.	false
derpy_chd_ex_emp_dem_wrath_derpy_starwood_title	The Theogonist Asks: Starwood	false
derpy_chd_ex_emp_dem_wrath_derpy_starwood_primary	Starwood is given by the trees of Athel Loren and never cut. That you hold any at all has been noticed. The Temple wants 180, and it wants them today. This is not alms. The Temple has read your ledgers and wants what is written in them.	false
derpy_chd_ex_emp_dem_wrath_derpy_starwood_secondary	Sacrifice 180 Starwood in the Imperial Bourse within 3 turns, or answer for it.	false
derpy_chd_ex_emp_dem_tithe_derpy_tea_title	The Temple's Tithe: Tea	false
derpy_chd_ex_emp_dem_tithe_derpy_tea_primary	Tea is poured at every audience worth attending. Your chests of it have been weighed. The Temple wants 30, and it wants them today. It is a small thing, and the Temple keeps a long memory of small things.	false
derpy_chd_ex_emp_dem_tithe_derpy_tea_secondary	Sacrifice 30 Tea in the Imperial Bourse within 3 turns, or answer for it.	false
derpy_chd_ex_emp_dem_hunger_derpy_tea_title	Sigmar's Need: Tea	false
derpy_chd_ex_emp_dem_hunger_derpy_tea_primary	Tea is poured at every audience worth attending. Your chests of it have been weighed. The Temple wants 90, and it wants them today. This is more than the collection plate takes. The war does not wait on your bookkeeping.	false
derpy_chd_ex_emp_dem_hunger_derpy_tea_secondary	Sacrifice 90 Tea in the Imperial Bourse within 3 turns, or answer for it.	false
derpy_chd_ex_emp_dem_wrath_derpy_tea_title	The Theogonist Asks: Tea	false
derpy_chd_ex_emp_dem_wrath_derpy_tea_primary	Tea is poured at every audience worth attending. Your chests of it have been weighed. The Temple wants 180, and it wants them today. This is not alms. The Temple has read your ledgers and wants what is written in them.	false
derpy_chd_ex_emp_dem_wrath_derpy_tea_secondary	Sacrifice 180 Tea in the Imperial Bourse within 3 turns, or answer for it.	false
derpy_chd_ex_emp_dem_tithe_derpy_warhorses_title	The Temple's Tithe: Warhorses	false
derpy_chd_ex_emp_dem_tithe_derpy_warhorses_primary	A warhorse eats every day it is not ridden. Your stables are full, and the count has been taken. The Temple wants 30, and it wants them today. It is a small thing, and the Temple keeps a long memory of small things.	false
derpy_chd_ex_emp_dem_tithe_derpy_warhorses_secondary	Sacrifice 30 Warhorses in the Imperial Bourse within 3 turns, or answer for it.	false
derpy_chd_ex_emp_dem_hunger_derpy_warhorses_title	Sigmar's Need: Warhorses	false
derpy_chd_ex_emp_dem_hunger_derpy_warhorses_primary	A warhorse eats every day it is not ridden. Your stables are full, and the count has been taken. The Temple wants 90, and it wants them today. This is more than the collection plate takes. The war does not wait on your bookkeeping.	false
derpy_chd_ex_emp_dem_hunger_derpy_warhorses_secondary	Sacrifice 90 Warhorses in the Imperial Bourse within 3 turns, or answer for it.	false
derpy_chd_ex_emp_dem_wrath_derpy_warhorses_title	The Theogonist Asks: Warhorses	false
derpy_chd_ex_emp_dem_wrath_derpy_warhorses_primary	A warhorse eats every day it is not ridden. Your stables are full, and the count has been taken. The Temple wants 180, and it wants them today. This is not alms. The Temple has read your ledgers and wants what is written in them.	false
derpy_chd_ex_emp_dem_wrath_derpy_warhorses_secondary	Sacrifice 180 Warhorses in the Imperial Bourse within 3 turns, or answer for it.	false
derpy_chd_ex_emp_dem_tithe_derpy_whale_oil_title	The Temple's Tithe: Whale Oil	false
derpy_chd_ex_emp_dem_tithe_derpy_whale_oil_primary	Lamp oil burns in every hall that can afford the light. Yours is sitting in barrels in the dark. The Temple wants 30, and it wants them today. It is a small thing, and the Temple keeps a long memory of small things.	false
derpy_chd_ex_emp_dem_tithe_derpy_whale_oil_secondary	Sacrifice 30 Whale Oil in the Imperial Bourse within 3 turns, or answer for it.	false
derpy_chd_ex_emp_dem_hunger_derpy_whale_oil_title	Sigmar's Need: Whale Oil	false
derpy_chd_ex_emp_dem_hunger_derpy_whale_oil_primary	Lamp oil burns in every hall that can afford the light. Yours is sitting in barrels in the dark. The Temple wants 90, and it wants them today. This is more than the collection plate takes. The war does not wait on your bookkeeping.	false
derpy_chd_ex_emp_dem_hunger_derpy_whale_oil_secondary	Sacrifice 90 Whale Oil in the Imperial Bourse within 3 turns, or answer for it.	false
derpy_chd_ex_emp_dem_wrath_derpy_whale_oil_title	The Theogonist Asks: Whale Oil	false
derpy_chd_ex_emp_dem_wrath_derpy_whale_oil_primary	Lamp oil burns in every hall that can afford the light. Yours is sitting in barrels in the dark. The Temple wants 180, and it wants them today. This is not alms. The Temple has read your ledgers and wants what is written in them.	false
derpy_chd_ex_emp_dem_wrath_derpy_whale_oil_secondary	Sacrifice 180 Whale Oil in the Imperial Bourse within 3 turns, or answer for it.	false
derpy_chd_ex_emp_dem_tithe_derpy_wool_title	The Temple's Tithe: Wool	false
derpy_chd_ex_emp_dem_tithe_derpy_wool_primary	Wool is spun and woven in every town. Your bales are stacked to the rafters and somebody has climbed up to count them. The Temple wants 30, and it wants them today. It is a small thing, and the Temple keeps a long memory of small things.	false
derpy_chd_ex_emp_dem_tithe_derpy_wool_secondary	Sacrifice 30 Wool in the Imperial Bourse within 3 turns, or answer for it.	false
derpy_chd_ex_emp_dem_hunger_derpy_wool_title	Sigmar's Need: Wool	false
derpy_chd_ex_emp_dem_hunger_derpy_wool_primary	Wool is spun and woven in every town. Your bales are stacked to the rafters and somebody has climbed up to count them. The Temple wants 90, and it wants them today. This is more than the collection plate takes. The war does not wait on your bookkeeping.	false
derpy_chd_ex_emp_dem_hunger_derpy_wool_secondary	Sacrifice 90 Wool in the Imperial Bourse within 3 turns, or answer for it.	false
derpy_chd_ex_emp_dem_wrath_derpy_wool_title	The Theogonist Asks: Wool	false
derpy_chd_ex_emp_dem_wrath_derpy_wool_primary	Wool is spun and woven in every town. Your bales are stacked to the rafters and somebody has climbed up to count them. The Temple wants 180, and it wants them today. This is not alms. The Temple has read your ledgers and wants what is written in them.	false
derpy_chd_ex_emp_dem_wrath_derpy_wool_secondary	Sacrifice 180 Wool in the Imperial Bourse within 3 turns, or answer for it.	false
derpy_chd_ex_emp_dem_tithe_derpy_wyvern_scales_title	The Temple's Tithe: Wyvern Scales	false
derpy_chd_ex_emp_dem_tithe_derpy_wyvern_scales_primary	Wyvern scales are taken at great cost from the nesting peaks. Yours have been counted. The Temple wants 30, and it wants them today. It is a small thing, and the Temple keeps a long memory of small things.	false
derpy_chd_ex_emp_dem_tithe_derpy_wyvern_scales_secondary	Sacrifice 30 Wyvern Scales in the Imperial Bourse within 3 turns, or answer for it.	false
derpy_chd_ex_emp_dem_hunger_derpy_wyvern_scales_title	Sigmar's Need: Wyvern Scales	false
derpy_chd_ex_emp_dem_hunger_derpy_wyvern_scales_primary	Wyvern scales are taken at great cost from the nesting peaks. Yours have been counted. The Temple wants 90, and it wants them today. This is more than the collection plate takes. The war does not wait on your bookkeeping.	false
derpy_chd_ex_emp_dem_hunger_derpy_wyvern_scales_secondary	Sacrifice 90 Wyvern Scales in the Imperial Bourse within 3 turns, or answer for it.	false
derpy_chd_ex_emp_dem_wrath_derpy_wyvern_scales_title	The Theogonist Asks: Wyvern Scales	false
derpy_chd_ex_emp_dem_wrath_derpy_wyvern_scales_primary	Wyvern scales are taken at great cost from the nesting peaks. Yours have been counted. The Temple wants 180, and it wants them today. This is not alms. The Temple has read your ledgers and wants what is written in them.	false
derpy_chd_ex_emp_dem_wrath_derpy_wyvern_scales_secondary	Sacrifice 180 Wyvern Scales in the Imperial Bourse within 3 turns, or answer for it.	false
derpy_chd_ex_emp_dem_paid_title	The Tithe Received	false
derpy_chd_ex_emp_dem_paid_primary	The wagons reached the Temple before the clerks had finished the tally.	false
derpy_chd_ex_emp_dem_paid_secondary	Sigmar is served, and the ledger is closed for this season.	false
derpy_chd_ex_emp_dem_wrath_title	The Tithe Unpaid	false
derpy_chd_ex_emp_dem_wrath_primary	The plate went round the province and came back empty. The priests closed their books and went to report it.	false
derpy_chd_ex_emp_dem_wrath_secondary	The Temple collects what it is owed in other coin.	false
derpy_chd_ex_shock_animals_title	Trade Disrupted: Exotic Animals	false
derpy_chd_ex_shock_animals_primary	Burned settlements and armies astride the caravan roads. Word reaches the Exchange of one line in particular: Exotic Animals. The price is marked up on the news alone, before a warehouse anywhere has run dry.	false
derpy_chd_ex_shock_animals_secondary	The spike fades as the roads clear. Sell into it or wait it out.	false
derpy_chd_ex_shock_dyes_title	Trade Disrupted: Dyes	false
derpy_chd_ex_shock_dyes_primary	Burned settlements and armies astride the caravan roads. Word reaches the Exchange of one line in particular: Dyes. The price is marked up on the news alone, before a warehouse anywhere has run dry.	false
derpy_chd_ex_shock_dyes_secondary	The spike fades as the roads clear. Sell into it or wait it out.	false
derpy_chd_ex_shock_gems_title	Trade Disrupted: Gemstones	false
derpy_chd_ex_shock_gems_primary	Burned settlements and armies astride the caravan roads. Word reaches the Exchange of one line in particular: Gemstones. The price is marked up on the news alone, before a warehouse anywhere has run dry.	false
derpy_chd_ex_shock_gems_secondary	The spike fades as the roads clear. Sell into it or wait it out.	false
derpy_chd_ex_shock_gold_idols_title	Trade Disrupted: Golden Idols	false
derpy_chd_ex_shock_gold_idols_primary	Burned settlements and armies astride the caravan roads. Word reaches the Exchange of one line in particular: Golden Idols. The price is marked up on the news alone, before a warehouse anywhere has run dry.	false
derpy_chd_ex_shock_gold_idols_secondary	The spike fades as the roads clear. Sell into it or wait it out.	false
derpy_chd_ex_shock_ivory_title	Trade Disrupted: Tusks	false
derpy_chd_ex_shock_ivory_primary	Burned settlements and armies astride the caravan roads. Word reaches the Exchange of one line in particular: Tusks. The price is marked up on the news alone, before a warehouse anywhere has run dry.	false
derpy_chd_ex_shock_ivory_secondary	The spike fades as the roads clear. Sell into it or wait it out.	false
derpy_chd_ex_shock_medicine_title	Trade Disrupted: Medicinal Plants	false
derpy_chd_ex_shock_medicine_primary	Burned settlements and armies astride the caravan roads. Word reaches the Exchange of one line in particular: Medicinal Plants. The price is marked up on the news alone, before a warehouse anywhere has run dry.	false
derpy_chd_ex_shock_medicine_secondary	The spike fades as the roads clear. Sell into it or wait it out.	false
derpy_chd_ex_shock_obsidian_title	Trade Disrupted: Carved Obsidian	false
derpy_chd_ex_shock_obsidian_primary	Burned settlements and armies astride the caravan roads. Word reaches the Exchange of one line in particular: Carved Obsidian. The price is marked up on the news alone, before a warehouse anywhere has run dry.	false
derpy_chd_ex_shock_obsidian_secondary	The spike fades as the roads clear. Sell into it or wait it out.	false
derpy_chd_ex_shock_rom_furs_title	Trade Disrupted: Furs	false
derpy_chd_ex_shock_rom_furs_primary	Burned settlements and armies astride the caravan roads. Word reaches the Exchange of one line in particular: Furs. The price is marked up on the news alone, before a warehouse anywhere has run dry.	false
derpy_chd_ex_shock_rom_furs_secondary	The spike fades as the roads clear. Sell into it or wait it out.	false
derpy_chd_ex_shock_rom_glass_title	Trade Disrupted: Dwarf Beer	false
derpy_chd_ex_shock_rom_glass_primary	Burned settlements and armies astride the caravan roads. Word reaches the Exchange of one line in particular: Dwarf Beer. The price is marked up on the news alone, before a warehouse anywhere has run dry.	false
derpy_chd_ex_shock_rom_glass_secondary	The spike fades as the roads clear. Sell into it or wait it out.	false
derpy_chd_ex_shock_rom_iron_title	Trade Disrupted: Iron	false
derpy_chd_ex_shock_rom_iron_primary	Burned settlements and armies astride the caravan roads. Word reaches the Exchange of one line in particular: Iron. The price is marked up on the news alone, before a warehouse anywhere has run dry.	false
derpy_chd_ex_shock_rom_iron_secondary	The spike fades as the roads clear. Sell into it or wait it out.	false
derpy_chd_ex_shock_rom_lead_title	Trade Disrupted: Salt	false
derpy_chd_ex_shock_rom_lead_primary	Burned settlements and armies astride the caravan roads. Word reaches the Exchange of one line in particular: Salt. The price is marked up on the news alone, before a warehouse anywhere has run dry.	false
derpy_chd_ex_shock_rom_lead_secondary	The spike fades as the roads clear. Sell into it or wait it out.	false
derpy_chd_ex_shock_rom_marble_title	Trade Disrupted: Marble	false
derpy_chd_ex_shock_rom_marble_primary	Burned settlements and armies astride the caravan roads. Word reaches the Exchange of one line in particular: Marble. The price is marked up on the news alone, before a warehouse anywhere has run dry.	false
derpy_chd_ex_shock_rom_marble_secondary	The spike fades as the roads clear. Sell into it or wait it out.	false
derpy_chd_ex_shock_rom_textiles_title	Trade Disrupted: Pottery	false
derpy_chd_ex_shock_rom_textiles_primary	Burned settlements and armies astride the caravan roads. Word reaches the Exchange of one line in particular: Pottery. The price is marked up on the news alone, before a warehouse anywhere has run dry.	false
derpy_chd_ex_shock_rom_textiles_secondary	The spike fades as the roads clear. Sell into it or wait it out.	false
derpy_chd_ex_shock_rom_timber_title	Trade Disrupted: Timber	false
derpy_chd_ex_shock_rom_timber_primary	Burned settlements and armies astride the caravan roads. Word reaches the Exchange of one line in particular: Timber. The price is marked up on the news alone, before a warehouse anywhere has run dry.	false
derpy_chd_ex_shock_rom_timber_secondary	The spike fades as the roads clear. Sell into it or wait it out.	false
derpy_chd_ex_shock_rom_wine_title	Trade Disrupted: Wine	false
derpy_chd_ex_shock_rom_wine_primary	Burned settlements and armies astride the caravan roads. Word reaches the Exchange of one line in particular: Wine. The price is marked up on the news alone, before a warehouse anywhere has run dry.	false
derpy_chd_ex_shock_rom_wine_secondary	The spike fades as the roads clear. Sell into it or wait it out.	false
derpy_chd_ex_shock_spices_title	Trade Disrupted: Spices	false
derpy_chd_ex_shock_spices_primary	Burned settlements and armies astride the caravan roads. Word reaches the Exchange of one line in particular: Spices. The price is marked up on the news alone, before a warehouse anywhere has run dry.	false
derpy_chd_ex_shock_spices_secondary	The spike fades as the roads clear. Sell into it or wait it out.	false
derpy_chd_ex_shock_trinkets_title	Trade Disrupted: Elven Trinkets	false
derpy_chd_ex_shock_trinkets_primary	Burned settlements and armies astride the caravan roads. Word reaches the Exchange of one line in particular: Elven Trinkets. The price is marked up on the news alone, before a warehouse anywhere has run dry.	false
derpy_chd_ex_shock_trinkets_secondary	The spike fades as the roads clear. Sell into it or wait it out.	false
derpy_chd_ex_shock_derpy_amber_title	Trade Disrupted: Amber	false
derpy_chd_ex_shock_derpy_amber_primary	Burned settlements and armies astride the caravan roads. Word reaches the Exchange of one line in particular: Amber. The price is marked up on the news alone, before a warehouse anywhere has run dry.	false
derpy_chd_ex_shock_derpy_amber_secondary	The spike fades as the roads clear. Sell into it or wait it out.	false
derpy_chd_ex_shock_derpy_black_lotus_title	Trade Disrupted: Black Lotus	false
derpy_chd_ex_shock_derpy_black_lotus_primary	Burned settlements and armies astride the caravan roads. Word reaches the Exchange of one line in particular: Black Lotus. The price is marked up on the news alone, before a warehouse anywhere has run dry.	false
derpy_chd_ex_shock_derpy_black_lotus_secondary	The spike fades as the roads clear. Sell into it or wait it out.	false
derpy_chd_ex_shock_derpy_blackpowder_title	Trade Disrupted: Blackpowder	false
derpy_chd_ex_shock_derpy_blackpowder_primary	Burned settlements and armies astride the caravan roads. Word reaches the Exchange of one line in particular: Blackpowder. The price is marked up on the news alone, before a warehouse anywhere has run dry.	false
derpy_chd_ex_shock_derpy_blackpowder_secondary	The spike fades as the roads clear. Sell into it or wait it out.	false
derpy_chd_ex_shock_derpy_books_title	Trade Disrupted: Books	false
derpy_chd_ex_shock_derpy_books_primary	Burned settlements and armies astride the caravan roads. Word reaches the Exchange of one line in particular: Books. The price is marked up on the news alone, before a warehouse anywhere has run dry.	false
derpy_chd_ex_shock_derpy_books_secondary	The spike fades as the roads clear. Sell into it or wait it out.	false
derpy_chd_ex_shock_derpy_brass_title	Trade Disrupted: Brass	false
derpy_chd_ex_shock_derpy_brass_primary	Burned settlements and armies astride the caravan roads. Word reaches the Exchange of one line in particular: Brass. The price is marked up on the news alone, before a warehouse anywhere has run dry.	false
derpy_chd_ex_shock_derpy_brass_secondary	The spike fades as the roads clear. Sell into it or wait it out.	false
derpy_chd_ex_shock_derpy_brimstone_title	Trade Disrupted: Brimstone	false
derpy_chd_ex_shock_derpy_brimstone_primary	Burned settlements and armies astride the caravan roads. Word reaches the Exchange of one line in particular: Brimstone. The price is marked up on the news alone, before a warehouse anywhere has run dry.	false
derpy_chd_ex_shock_derpy_brimstone_secondary	The spike fades as the roads clear. Sell into it or wait it out.	false
derpy_chd_ex_shock_derpy_carpets_title	Trade Disrupted: Arabyan Carpets	false
derpy_chd_ex_shock_derpy_carpets_primary	Burned settlements and armies astride the caravan roads. Word reaches the Exchange of one line in particular: Arabyan Carpets. The price is marked up on the news alone, before a warehouse anywhere has run dry.	false
derpy_chd_ex_shock_derpy_carpets_secondary	The spike fades as the roads clear. Sell into it or wait it out.	false
derpy_chd_ex_shock_derpy_coal_title	Trade Disrupted: Coal	false
derpy_chd_ex_shock_derpy_coal_primary	Burned settlements and armies astride the caravan roads. Word reaches the Exchange of one line in particular: Coal. The price is marked up on the news alone, before a warehouse anywhere has run dry.	false
derpy_chd_ex_shock_derpy_coal_secondary	The spike fades as the roads clear. Sell into it or wait it out.	false
derpy_chd_ex_shock_derpy_dragon_bone_title	Trade Disrupted: Dragon Bone	false
derpy_chd_ex_shock_derpy_dragon_bone_primary	Burned settlements and armies astride the caravan roads. Word reaches the Exchange of one line in particular: Dragon Bone. The price is marked up on the news alone, before a warehouse anywhere has run dry.	false
derpy_chd_ex_shock_derpy_dragon_bone_secondary	The spike fades as the roads clear. Sell into it or wait it out.	false
derpy_chd_ex_shock_derpy_feathers_title	Trade Disrupted: Griffon and Pegasus Feathers	false
derpy_chd_ex_shock_derpy_feathers_primary	Burned settlements and armies astride the caravan roads. Word reaches the Exchange of one line in particular: Griffon and Pegasus Feathers. The price is marked up on the news alone, before a warehouse anywhere has run dry.	false
derpy_chd_ex_shock_derpy_feathers_secondary	The spike fades as the roads clear. Sell into it or wait it out.	false
derpy_chd_ex_shock_derpy_glassware_title	Trade Disrupted: Glassware	false
derpy_chd_ex_shock_derpy_glassware_primary	Burned settlements and armies astride the caravan roads. Word reaches the Exchange of one line in particular: Glassware. The price is marked up on the news alone, before a warehouse anywhere has run dry.	false
derpy_chd_ex_shock_derpy_glassware_secondary	The spike fades as the roads clear. Sell into it or wait it out.	false
derpy_chd_ex_shock_derpy_grain_title	Trade Disrupted: Grain	false
derpy_chd_ex_shock_derpy_grain_primary	Burned settlements and armies astride the caravan roads. Word reaches the Exchange of one line in particular: Grain. The price is marked up on the news alone, before a warehouse anywhere has run dry.	false
derpy_chd_ex_shock_derpy_grain_secondary	The spike fades as the roads clear. Sell into it or wait it out.	false
derpy_chd_ex_shock_derpy_gromril_title	Trade Disrupted: Gromril	false
derpy_chd_ex_shock_derpy_gromril_primary	Burned settlements and armies astride the caravan roads. Word reaches the Exchange of one line in particular: Gromril. The price is marked up on the news alone, before a warehouse anywhere has run dry.	false
derpy_chd_ex_shock_derpy_gromril_secondary	The spike fades as the roads clear. Sell into it or wait it out.	false
derpy_chd_ex_shock_derpy_incense_title	Trade Disrupted: Incense	false
derpy_chd_ex_shock_derpy_incense_primary	Burned settlements and armies astride the caravan roads. Word reaches the Exchange of one line in particular: Incense. The price is marked up on the news alone, before a warehouse anywhere has run dry.	false
derpy_chd_ex_shock_derpy_incense_secondary	The spike fades as the roads clear. Sell into it or wait it out.	false
derpy_chd_ex_shock_derpy_ithilmar_title	Trade Disrupted: Ithilmar	false
derpy_chd_ex_shock_derpy_ithilmar_primary	Burned settlements and armies astride the caravan roads. Word reaches the Exchange of one line in particular: Ithilmar. The price is marked up on the news alone, before a warehouse anywhere has run dry.	false
derpy_chd_ex_shock_derpy_ithilmar_secondary	The spike fades as the roads clear. Sell into it or wait it out.	false
derpy_chd_ex_shock_derpy_jade_title	Trade Disrupted: Jade	false
derpy_chd_ex_shock_derpy_jade_primary	Burned settlements and armies astride the caravan roads. Word reaches the Exchange of one line in particular: Jade. The price is marked up on the news alone, before a warehouse anywhere has run dry.	false
derpy_chd_ex_shock_derpy_jade_secondary	The spike fades as the roads clear. Sell into it or wait it out.	false
derpy_chd_ex_shock_derpy_kvas_title	Trade Disrupted: Kvas	false
derpy_chd_ex_shock_derpy_kvas_primary	Burned settlements and armies astride the caravan roads. Word reaches the Exchange of one line in particular: Kvas. The price is marked up on the news alone, before a warehouse anywhere has run dry.	false
derpy_chd_ex_shock_derpy_kvas_secondary	The spike fades as the roads clear. Sell into it or wait it out.	false
derpy_chd_ex_shock_derpy_lustrian_plumes_title	Trade Disrupted: Lustrian Plumes	false
derpy_chd_ex_shock_derpy_lustrian_plumes_primary	Burned settlements and armies astride the caravan roads. Word reaches the Exchange of one line in particular: Lustrian Plumes. The price is marked up on the news alone, before a warehouse anywhere has run dry.	false
derpy_chd_ex_shock_derpy_lustrian_plumes_secondary	The spike fades as the roads clear. Sell into it or wait it out.	false
derpy_chd_ex_shock_derpy_mead_title	Trade Disrupted: Mead	false
derpy_chd_ex_shock_derpy_mead_primary	Burned settlements and armies astride the caravan roads. Word reaches the Exchange of one line in particular: Mead. The price is marked up on the news alone, before a warehouse anywhere has run dry.	false
derpy_chd_ex_shock_derpy_mead_secondary	The spike fades as the roads clear. Sell into it or wait it out.	false
derpy_chd_ex_shock_derpy_olive_oil_title	Trade Disrupted: Olive Oil	false
derpy_chd_ex_shock_derpy_olive_oil_primary	Burned settlements and armies astride the caravan roads. Word reaches the Exchange of one line in particular: Olive Oil. The price is marked up on the news alone, before a warehouse anywhere has run dry.	false
derpy_chd_ex_shock_derpy_olive_oil_secondary	The spike fades as the roads clear. Sell into it or wait it out.	false
derpy_chd_ex_shock_derpy_pearls_title	Trade Disrupted: Pearls	false
derpy_chd_ex_shock_derpy_pearls_primary	Burned settlements and armies astride the caravan roads. Word reaches the Exchange of one line in particular: Pearls. The price is marked up on the news alone, before a warehouse anywhere has run dry.	false
derpy_chd_ex_shock_derpy_pearls_secondary	The spike fades as the roads clear. Sell into it or wait it out.	false
derpy_chd_ex_shock_derpy_pipeweed_title	Trade Disrupted: Pipeweed	false
derpy_chd_ex_shock_derpy_pipeweed_primary	Burned settlements and armies astride the caravan roads. Word reaches the Exchange of one line in particular: Pipeweed. The price is marked up on the news alone, before a warehouse anywhere has run dry.	false
derpy_chd_ex_shock_derpy_pipeweed_secondary	The spike fades as the roads clear. Sell into it or wait it out.	false
derpy_chd_ex_shock_derpy_porcelain_title	Trade Disrupted: Porcelain	false
derpy_chd_ex_shock_derpy_porcelain_primary	Burned settlements and armies astride the caravan roads. Word reaches the Exchange of one line in particular: Porcelain. The price is marked up on the news alone, before a warehouse anywhere has run dry.	false
derpy_chd_ex_shock_derpy_porcelain_secondary	The spike fades as the roads clear. Sell into it or wait it out.	false
derpy_chd_ex_shock_derpy_quicksilver_title	Trade Disrupted: Quicksilver	false
derpy_chd_ex_shock_derpy_quicksilver_primary	Burned settlements and armies astride the caravan roads. Word reaches the Exchange of one line in particular: Quicksilver. The price is marked up on the news alone, before a warehouse anywhere has run dry.	false
derpy_chd_ex_shock_derpy_quicksilver_secondary	The spike fades as the roads clear. Sell into it or wait it out.	false
derpy_chd_ex_shock_derpy_rhinox_hides_title	Trade Disrupted: Rhinox Hides	false
derpy_chd_ex_shock_derpy_rhinox_hides_primary	Burned settlements and armies astride the caravan roads. Word reaches the Exchange of one line in particular: Rhinox Hides. The price is marked up on the news alone, before a warehouse anywhere has run dry.	false
derpy_chd_ex_shock_derpy_rhinox_hides_secondary	The spike fades as the roads clear. Sell into it or wait it out.	false
derpy_chd_ex_shock_derpy_rum_title	Trade Disrupted: Rum	false
derpy_chd_ex_shock_derpy_rum_primary	Burned settlements and armies astride the caravan roads. Word reaches the Exchange of one line in particular: Rum. The price is marked up on the news alone, before a warehouse anywhere has run dry.	false
derpy_chd_ex_shock_derpy_rum_secondary	The spike fades as the roads clear. Sell into it or wait it out.	false
derpy_chd_ex_shock_derpy_salted_fish_title	Trade Disrupted: Salted Fish	false
derpy_chd_ex_shock_derpy_salted_fish_primary	Burned settlements and armies astride the caravan roads. Word reaches the Exchange of one line in particular: Salted Fish. The price is marked up on the news alone, before a warehouse anywhere has run dry.	false
derpy_chd_ex_shock_derpy_salted_fish_secondary	The spike fades as the roads clear. Sell into it or wait it out.	false
derpy_chd_ex_shock_derpy_salted_meat_title	Trade Disrupted: Salted Meat	false
derpy_chd_ex_shock_derpy_salted_meat_primary	Burned settlements and armies astride the caravan roads. Word reaches the Exchange of one line in particular: Salted Meat. The price is marked up on the news alone, before a warehouse anywhere has run dry.	false
derpy_chd_ex_shock_derpy_salted_meat_secondary	The spike fades as the roads clear. Sell into it or wait it out.	false
derpy_chd_ex_shock_derpy_sea_dragon_hide_title	Trade Disrupted: Sea Dragon Hide	false
derpy_chd_ex_shock_derpy_sea_dragon_hide_primary	Burned settlements and armies astride the caravan roads. Word reaches the Exchange of one line in particular: Sea Dragon Hide. The price is marked up on the news alone, before a warehouse anywhere has run dry.	false
derpy_chd_ex_shock_derpy_sea_dragon_hide_secondary	The spike fades as the roads clear. Sell into it or wait it out.	false
derpy_chd_ex_shock_derpy_silk_title	Trade Disrupted: Silk	false
derpy_chd_ex_shock_derpy_silk_primary	Burned settlements and armies astride the caravan roads. Word reaches the Exchange of one line in particular: Silk. The price is marked up on the news alone, before a warehouse anywhere has run dry.	false
derpy_chd_ex_shock_derpy_silk_secondary	The spike fades as the roads clear. Sell into it or wait it out.	false
derpy_chd_ex_shock_derpy_silver_title	Trade Disrupted: Silver	false
derpy_chd_ex_shock_derpy_silver_primary	Burned settlements and armies astride the caravan roads. Word reaches the Exchange of one line in particular: Silver. The price is marked up on the news alone, before a warehouse anywhere has run dry.	false
derpy_chd_ex_shock_derpy_silver_secondary	The spike fades as the roads clear. Sell into it or wait it out.	false
derpy_chd_ex_shock_derpy_starwood_title	Trade Disrupted: Starwood	false
derpy_chd_ex_shock_derpy_starwood_primary	Burned settlements and armies astride the caravan roads. Word reaches the Exchange of one line in particular: Starwood. The price is marked up on the news alone, before a warehouse anywhere has run dry.	false
derpy_chd_ex_shock_derpy_starwood_secondary	The spike fades as the roads clear. Sell into it or wait it out.	false
derpy_chd_ex_shock_derpy_tea_title	Trade Disrupted: Tea	false
derpy_chd_ex_shock_derpy_tea_primary	Burned settlements and armies astride the caravan roads. Word reaches the Exchange of one line in particular: Tea. The price is marked up on the news alone, before a warehouse anywhere has run dry.	false
derpy_chd_ex_shock_derpy_tea_secondary	The spike fades as the roads clear. Sell into it or wait it out.	false
derpy_chd_ex_shock_derpy_warhorses_title	Trade Disrupted: Warhorses	false
derpy_chd_ex_shock_derpy_warhorses_primary	Burned settlements and armies astride the caravan roads. Word reaches the Exchange of one line in particular: Warhorses. The price is marked up on the news alone, before a warehouse anywhere has run dry.	false
derpy_chd_ex_shock_derpy_warhorses_secondary	The spike fades as the roads clear. Sell into it or wait it out.	false
derpy_chd_ex_shock_derpy_whale_oil_title	Trade Disrupted: Whale Oil	false
derpy_chd_ex_shock_derpy_whale_oil_primary	Burned settlements and armies astride the caravan roads. Word reaches the Exchange of one line in particular: Whale Oil. The price is marked up on the news alone, before a warehouse anywhere has run dry.	false
derpy_chd_ex_shock_derpy_whale_oil_secondary	The spike fades as the roads clear. Sell into it or wait it out.	false
derpy_chd_ex_shock_derpy_wool_title	Trade Disrupted: Wool	false
derpy_chd_ex_shock_derpy_wool_primary	Burned settlements and armies astride the caravan roads. Word reaches the Exchange of one line in particular: Wool. The price is marked up on the news alone, before a warehouse anywhere has run dry.	false
derpy_chd_ex_shock_derpy_wool_secondary	The spike fades as the roads clear. Sell into it or wait it out.	false
derpy_chd_ex_shock_derpy_wyvern_scales_title	Trade Disrupted: Wyvern Scales	false
derpy_chd_ex_shock_derpy_wyvern_scales_primary	Burned settlements and armies astride the caravan roads. Word reaches the Exchange of one line in particular: Wyvern Scales. The price is marked up on the news alone, before a warehouse anywhere has run dry.	false
derpy_chd_ex_shock_derpy_wyvern_scales_secondary	The spike fades as the roads clear. Sell into it or wait it out.	false
derpy_chd_ex_delist_buyout_title	A House Bought Out	false
derpy_chd_ex_delist_buyout_primary	The house is finished and its seat is ours. The Exchange settles its paper against the estate we now hold, which is worth more than the last price anyone quoted for it.	false
derpy_chd_ex_delist_buyout_secondary	Your shares are paid out at 1.25 times the last price, and the row is closed.	false
derpy_chd_ex_delist_windup_title	A House Wound Up	false
derpy_chd_ex_delist_windup_primary	The house is finished and somebody else took what was left of it. The Exchange winds up its paper for whatever a creditor will give, which is not what you paid for it.	false
derpy_chd_ex_delist_windup_secondary	Your shares are paid out at 0.5 times the last price, and the row is closed.	false
effect_bundles_localised_title_derpy_chd_ex_trade_neg40	Zharr Exchange	false
effect_bundles_localised_description_derpy_chd_ex_trade_neg40	Commodity prices are depressed and this faction's trade goods fetch less.	false
effect_bundles_localised_title_derpy_chd_ex_trade_neg30	Zharr Exchange	false
effect_bundles_localised_description_derpy_chd_ex_trade_neg30	Commodity prices are depressed and this faction's trade goods fetch less.	false
effect_bundles_localised_title_derpy_chd_ex_trade_neg20	Zharr Exchange	false
effect_bundles_localised_description_derpy_chd_ex_trade_neg20	Commodity prices are depressed and this faction's trade goods fetch less.	false
effect_bundles_localised_title_derpy_chd_ex_trade_neg10	Zharr Exchange	false
effect_bundles_localised_description_derpy_chd_ex_trade_neg10	Commodity prices are depressed and this faction's trade goods fetch less.	false
effect_bundles_localised_title_derpy_chd_ex_trade_pos10	Zharr Exchange	false
effect_bundles_localised_description_derpy_chd_ex_trade_pos10	Commodity prices are high and this faction's trade goods are in demand.	false
effect_bundles_localised_title_derpy_chd_ex_trade_pos20	Zharr Exchange	false
effect_bundles_localised_description_derpy_chd_ex_trade_pos20	Commodity prices are high and this faction's trade goods are in demand.	false
effect_bundles_localised_title_derpy_chd_ex_trade_pos30	Zharr Exchange	false
effect_bundles_localised_description_derpy_chd_ex_trade_pos30	Commodity prices are high and this faction's trade goods are in demand.	false
effect_bundles_localised_title_derpy_chd_ex_trade_pos40	Zharr Exchange	false
effect_bundles_localised_description_derpy_chd_ex_trade_pos40	Commodity prices are high and this faction's trade goods are in demand.	false
effect_bundles_localised_title_derpy_chd_ex_pos_neg02	War Stocks	false
effect_bundles_localised_description_derpy_chd_ex_pos_neg02	This faction has sold the iron, timber and obsidian its armies were counting on.	false
effect_bundles_localised_title_derpy_chd_ex_pos_neg01	War Stocks	false
effect_bundles_localised_description_derpy_chd_ex_pos_neg01	This faction has sold the iron, timber and obsidian its armies were counting on.	false
effect_bundles_localised_title_derpy_chd_ex_pos_pos01	War Stocks	false
effect_bundles_localised_description_derpy_chd_ex_pos_pos01	This faction's stores of iron, timber and obsidian keep its armies in the field.	false
effect_bundles_localised_title_derpy_chd_ex_pos_pos02	War Stocks	false
effect_bundles_localised_description_derpy_chd_ex_pos_pos02	This faction's stores of iron, timber and obsidian keep its armies in the field.	false
effect_bundles_localised_title_derpy_chd_ex_stock_animals_1	Stockpile: Exotic Animals	false
effect_bundles_localised_description_derpy_chd_ex_stock_animals_1	Enough of it stacked in the yards that the work no longer waits on a caravan.	false
effect_bundles_localised_title_derpy_chd_ex_stock_animals_2	Warehouse: Exotic Animals	false
effect_bundles_localised_description_derpy_chd_ex_stock_animals_2	The sheds are full and guarded, and the overseers have stopped rationing it.	false
effect_bundles_localised_title_derpy_chd_ex_stock_animals_3	Vaults: Exotic Animals	false
effect_bundles_localised_description_derpy_chd_ex_stock_animals_3	More than the Conclave can use and more than it will admit to holding.	false
effect_bundles_localised_title_derpy_chd_ex_stock_dyes_1	Stockpile: Dyes	false
effect_bundles_localised_description_derpy_chd_ex_stock_dyes_1	Enough of it stacked in the yards that the work no longer waits on a caravan.	false
effect_bundles_localised_title_derpy_chd_ex_stock_dyes_2	Warehouse: Dyes	false
effect_bundles_localised_description_derpy_chd_ex_stock_dyes_2	The sheds are full and guarded, and the overseers have stopped rationing it.	false
effect_bundles_localised_title_derpy_chd_ex_stock_dyes_3	Vaults: Dyes	false
effect_bundles_localised_description_derpy_chd_ex_stock_dyes_3	More than the Conclave can use and more than it will admit to holding.	false
effect_bundles_localised_title_derpy_chd_ex_stock_gems_1	Stockpile: Gemstones	false
effect_bundles_localised_description_derpy_chd_ex_stock_gems_1	Enough of it stacked in the yards that the work no longer waits on a caravan.	false
effect_bundles_localised_title_derpy_chd_ex_stock_gems_2	Warehouse: Gemstones	false
effect_bundles_localised_description_derpy_chd_ex_stock_gems_2	The sheds are full and guarded, and the overseers have stopped rationing it.	false
effect_bundles_localised_title_derpy_chd_ex_stock_gems_3	Vaults: Gemstones	false
effect_bundles_localised_description_derpy_chd_ex_stock_gems_3	More than the Conclave can use and more than it will admit to holding.	false
effect_bundles_localised_title_derpy_chd_ex_stock_gold_idols_1	Stockpile: Golden Idols	false
effect_bundles_localised_description_derpy_chd_ex_stock_gold_idols_1	Enough of it stacked in the yards that the work no longer waits on a caravan.	false
effect_bundles_localised_title_derpy_chd_ex_stock_gold_idols_2	Warehouse: Golden Idols	false
effect_bundles_localised_description_derpy_chd_ex_stock_gold_idols_2	The sheds are full and guarded, and the overseers have stopped rationing it.	false
effect_bundles_localised_title_derpy_chd_ex_stock_gold_idols_3	Vaults: Golden Idols	false
effect_bundles_localised_description_derpy_chd_ex_stock_gold_idols_3	More than the Conclave can use and more than it will admit to holding.	false
effect_bundles_localised_title_derpy_chd_ex_stock_ivory_1	Stockpile: Tusks	false
effect_bundles_localised_description_derpy_chd_ex_stock_ivory_1	Enough of it stacked in the yards that the work no longer waits on a caravan.	false
effect_bundles_localised_title_derpy_chd_ex_stock_ivory_2	Warehouse: Tusks	false
effect_bundles_localised_description_derpy_chd_ex_stock_ivory_2	The sheds are full and guarded, and the overseers have stopped rationing it.	false
effect_bundles_localised_title_derpy_chd_ex_stock_ivory_3	Vaults: Tusks	false
effect_bundles_localised_description_derpy_chd_ex_stock_ivory_3	More than the Conclave can use and more than it will admit to holding.	false
effect_bundles_localised_title_derpy_chd_ex_stock_medicine_1	Stockpile: Medicinal Plants	false
effect_bundles_localised_description_derpy_chd_ex_stock_medicine_1	Enough of it stacked in the yards that the work no longer waits on a caravan.	false
effect_bundles_localised_title_derpy_chd_ex_stock_medicine_2	Warehouse: Medicinal Plants	false
effect_bundles_localised_description_derpy_chd_ex_stock_medicine_2	The sheds are full and guarded, and the overseers have stopped rationing it.	false
effect_bundles_localised_title_derpy_chd_ex_stock_medicine_3	Vaults: Medicinal Plants	false
effect_bundles_localised_description_derpy_chd_ex_stock_medicine_3	More than the Conclave can use and more than it will admit to holding.	false
effect_bundles_localised_title_derpy_chd_ex_stock_obsidian_1	Stockpile: Carved Obsidian	false
effect_bundles_localised_description_derpy_chd_ex_stock_obsidian_1	Enough of it stacked in the yards that the work no longer waits on a caravan.	false
effect_bundles_localised_title_derpy_chd_ex_stock_obsidian_2	Warehouse: Carved Obsidian	false
effect_bundles_localised_description_derpy_chd_ex_stock_obsidian_2	The sheds are full and guarded, and the overseers have stopped rationing it.	false
effect_bundles_localised_title_derpy_chd_ex_stock_obsidian_3	Vaults: Carved Obsidian	false
effect_bundles_localised_description_derpy_chd_ex_stock_obsidian_3	More than the Conclave can use and more than it will admit to holding.	false
effect_bundles_localised_title_derpy_chd_ex_stock_rom_furs_1	Stockpile: Furs	false
effect_bundles_localised_description_derpy_chd_ex_stock_rom_furs_1	Enough of it stacked in the yards that the work no longer waits on a caravan.	false
effect_bundles_localised_title_derpy_chd_ex_stock_rom_furs_2	Warehouse: Furs	false
effect_bundles_localised_description_derpy_chd_ex_stock_rom_furs_2	The sheds are full and guarded, and the overseers have stopped rationing it.	false
effect_bundles_localised_title_derpy_chd_ex_stock_rom_furs_3	Vaults: Furs	false
effect_bundles_localised_description_derpy_chd_ex_stock_rom_furs_3	More than the Conclave can use and more than it will admit to holding.	false
effect_bundles_localised_title_derpy_chd_ex_stock_rom_glass_1	Stockpile: Dwarf Beer	false
effect_bundles_localised_description_derpy_chd_ex_stock_rom_glass_1	Enough of it stacked in the yards that the work no longer waits on a caravan.	false
effect_bundles_localised_title_derpy_chd_ex_stock_rom_glass_2	Warehouse: Dwarf Beer	false
effect_bundles_localised_description_derpy_chd_ex_stock_rom_glass_2	The sheds are full and guarded, and the overseers have stopped rationing it.	false
effect_bundles_localised_title_derpy_chd_ex_stock_rom_glass_3	Vaults: Dwarf Beer	false
effect_bundles_localised_description_derpy_chd_ex_stock_rom_glass_3	More than the Conclave can use and more than it will admit to holding.	false
effect_bundles_localised_title_derpy_chd_ex_stock_rom_iron_1	Stockpile: Iron	false
effect_bundles_localised_description_derpy_chd_ex_stock_rom_iron_1	Enough of it stacked in the yards that the work no longer waits on a caravan.	false
effect_bundles_localised_title_derpy_chd_ex_stock_rom_iron_2	Warehouse: Iron	false
effect_bundles_localised_description_derpy_chd_ex_stock_rom_iron_2	The sheds are full and guarded, and the overseers have stopped rationing it.	false
effect_bundles_localised_title_derpy_chd_ex_stock_rom_iron_3	Vaults: Iron	false
effect_bundles_localised_description_derpy_chd_ex_stock_rom_iron_3	More than the Conclave can use and more than it will admit to holding.	false
effect_bundles_localised_title_derpy_chd_ex_stock_rom_lead_1	Stockpile: Salt	false
effect_bundles_localised_description_derpy_chd_ex_stock_rom_lead_1	Enough of it stacked in the yards that the work no longer waits on a caravan.	false
effect_bundles_localised_title_derpy_chd_ex_stock_rom_lead_2	Warehouse: Salt	false
effect_bundles_localised_description_derpy_chd_ex_stock_rom_lead_2	The sheds are full and guarded, and the overseers have stopped rationing it.	false
effect_bundles_localised_title_derpy_chd_ex_stock_rom_lead_3	Vaults: Salt	false
effect_bundles_localised_description_derpy_chd_ex_stock_rom_lead_3	More than the Conclave can use and more than it will admit to holding.	false
effect_bundles_localised_title_derpy_chd_ex_stock_rom_marble_1	Stockpile: Marble	false
effect_bundles_localised_description_derpy_chd_ex_stock_rom_marble_1	Enough of it stacked in the yards that the work no longer waits on a caravan.	false
effect_bundles_localised_title_derpy_chd_ex_stock_rom_marble_2	Warehouse: Marble	false
effect_bundles_localised_description_derpy_chd_ex_stock_rom_marble_2	The sheds are full and guarded, and the overseers have stopped rationing it.	false
effect_bundles_localised_title_derpy_chd_ex_stock_rom_marble_3	Vaults: Marble	false
effect_bundles_localised_description_derpy_chd_ex_stock_rom_marble_3	More than the Conclave can use and more than it will admit to holding.	false
effect_bundles_localised_title_derpy_chd_ex_stock_rom_textiles_1	Stockpile: Pottery	false
effect_bundles_localised_description_derpy_chd_ex_stock_rom_textiles_1	Enough of it stacked in the yards that the work no longer waits on a caravan.	false
effect_bundles_localised_title_derpy_chd_ex_stock_rom_textiles_2	Warehouse: Pottery	false
effect_bundles_localised_description_derpy_chd_ex_stock_rom_textiles_2	The sheds are full and guarded, and the overseers have stopped rationing it.	false
effect_bundles_localised_title_derpy_chd_ex_stock_rom_textiles_3	Vaults: Pottery	false
effect_bundles_localised_description_derpy_chd_ex_stock_rom_textiles_3	More than the Conclave can use and more than it will admit to holding.	false
effect_bundles_localised_title_derpy_chd_ex_stock_rom_timber_1	Stockpile: Timber	false
effect_bundles_localised_description_derpy_chd_ex_stock_rom_timber_1	Enough of it stacked in the yards that the work no longer waits on a caravan.	false
effect_bundles_localised_title_derpy_chd_ex_stock_rom_timber_2	Warehouse: Timber	false
effect_bundles_localised_description_derpy_chd_ex_stock_rom_timber_2	The sheds are full and guarded, and the overseers have stopped rationing it.	false
effect_bundles_localised_title_derpy_chd_ex_stock_rom_timber_3	Vaults: Timber	false
effect_bundles_localised_description_derpy_chd_ex_stock_rom_timber_3	More than the Conclave can use and more than it will admit to holding.	false
effect_bundles_localised_title_derpy_chd_ex_stock_rom_wine_1	Stockpile: Wine	false
effect_bundles_localised_description_derpy_chd_ex_stock_rom_wine_1	Enough of it stacked in the yards that the work no longer waits on a caravan.	false
effect_bundles_localised_title_derpy_chd_ex_stock_rom_wine_2	Warehouse: Wine	false
effect_bundles_localised_description_derpy_chd_ex_stock_rom_wine_2	The sheds are full and guarded, and the overseers have stopped rationing it.	false
effect_bundles_localised_title_derpy_chd_ex_stock_rom_wine_3	Vaults: Wine	false
effect_bundles_localised_description_derpy_chd_ex_stock_rom_wine_3	More than the Conclave can use and more than it will admit to holding.	false
effect_bundles_localised_title_derpy_chd_ex_stock_spices_1	Stockpile: Spices	false
effect_bundles_localised_description_derpy_chd_ex_stock_spices_1	Enough of it stacked in the yards that the work no longer waits on a caravan.	false
effect_bundles_localised_title_derpy_chd_ex_stock_spices_2	Warehouse: Spices	false
effect_bundles_localised_description_derpy_chd_ex_stock_spices_2	The sheds are full and guarded, and the overseers have stopped rationing it.	false
effect_bundles_localised_title_derpy_chd_ex_stock_spices_3	Vaults: Spices	false
effect_bundles_localised_description_derpy_chd_ex_stock_spices_3	More than the Conclave can use and more than it will admit to holding.	false
effect_bundles_localised_title_derpy_chd_ex_stock_trinkets_1	Stockpile: Elven Trinkets	false
effect_bundles_localised_description_derpy_chd_ex_stock_trinkets_1	Enough of it stacked in the yards that the work no longer waits on a caravan.	false
effect_bundles_localised_title_derpy_chd_ex_stock_trinkets_2	Warehouse: Elven Trinkets	false
effect_bundles_localised_description_derpy_chd_ex_stock_trinkets_2	The sheds are full and guarded, and the overseers have stopped rationing it.	false
effect_bundles_localised_title_derpy_chd_ex_stock_trinkets_3	Vaults: Elven Trinkets	false
effect_bundles_localised_description_derpy_chd_ex_stock_trinkets_3	More than the Conclave can use and more than it will admit to holding.	false
effect_bundles_localised_title_derpy_chd_ex_stock_derpy_amber_1	Stockpile: Amber	false
effect_bundles_localised_description_derpy_chd_ex_stock_derpy_amber_1	Enough of it stacked in the yards that the work no longer waits on a caravan.	false
effect_bundles_localised_title_derpy_chd_ex_stock_derpy_amber_2	Warehouse: Amber	false
effect_bundles_localised_description_derpy_chd_ex_stock_derpy_amber_2	The sheds are full and guarded, and the overseers have stopped rationing it.	false
effect_bundles_localised_title_derpy_chd_ex_stock_derpy_amber_3	Vaults: Amber	false
effect_bundles_localised_description_derpy_chd_ex_stock_derpy_amber_3	More than the Conclave can use and more than it will admit to holding.	false
effect_bundles_localised_title_derpy_chd_ex_stock_derpy_black_lotus_1	Stockpile: Black Lotus	false
effect_bundles_localised_description_derpy_chd_ex_stock_derpy_black_lotus_1	Enough of it stacked in the yards that the work no longer waits on a caravan.	false
effect_bundles_localised_title_derpy_chd_ex_stock_derpy_black_lotus_2	Warehouse: Black Lotus	false
effect_bundles_localised_description_derpy_chd_ex_stock_derpy_black_lotus_2	The sheds are full and guarded, and the overseers have stopped rationing it.	false
effect_bundles_localised_title_derpy_chd_ex_stock_derpy_black_lotus_3	Vaults: Black Lotus	false
effect_bundles_localised_description_derpy_chd_ex_stock_derpy_black_lotus_3	More than the Conclave can use and more than it will admit to holding.	false
effect_bundles_localised_title_derpy_chd_ex_stock_derpy_blackpowder_1	Stockpile: Blackpowder	false
effect_bundles_localised_description_derpy_chd_ex_stock_derpy_blackpowder_1	Enough of it stacked in the yards that the work no longer waits on a caravan.	false
effect_bundles_localised_title_derpy_chd_ex_stock_derpy_blackpowder_2	Warehouse: Blackpowder	false
effect_bundles_localised_description_derpy_chd_ex_stock_derpy_blackpowder_2	The sheds are full and guarded, and the overseers have stopped rationing it.	false
effect_bundles_localised_title_derpy_chd_ex_stock_derpy_blackpowder_3	Vaults: Blackpowder	false
effect_bundles_localised_description_derpy_chd_ex_stock_derpy_blackpowder_3	More than the Conclave can use and more than it will admit to holding.	false
effect_bundles_localised_title_derpy_chd_ex_stock_derpy_books_1	Stockpile: Books	false
effect_bundles_localised_description_derpy_chd_ex_stock_derpy_books_1	Enough of it stacked in the yards that the work no longer waits on a caravan.	false
effect_bundles_localised_title_derpy_chd_ex_stock_derpy_books_2	Warehouse: Books	false
effect_bundles_localised_description_derpy_chd_ex_stock_derpy_books_2	The sheds are full and guarded, and the overseers have stopped rationing it.	false
effect_bundles_localised_title_derpy_chd_ex_stock_derpy_books_3	Vaults: Books	false
effect_bundles_localised_description_derpy_chd_ex_stock_derpy_books_3	More than the Conclave can use and more than it will admit to holding.	false
effect_bundles_localised_title_derpy_chd_ex_stock_derpy_brass_1	Stockpile: Brass	false
effect_bundles_localised_description_derpy_chd_ex_stock_derpy_brass_1	Enough of it stacked in the yards that the work no longer waits on a caravan.	false
effect_bundles_localised_title_derpy_chd_ex_stock_derpy_brass_2	Warehouse: Brass	false
effect_bundles_localised_description_derpy_chd_ex_stock_derpy_brass_2	The sheds are full and guarded, and the overseers have stopped rationing it.	false
effect_bundles_localised_title_derpy_chd_ex_stock_derpy_brass_3	Vaults: Brass	false
effect_bundles_localised_description_derpy_chd_ex_stock_derpy_brass_3	More than the Conclave can use and more than it will admit to holding.	false
effect_bundles_localised_title_derpy_chd_ex_stock_derpy_brimstone_1	Stockpile: Brimstone	false
effect_bundles_localised_description_derpy_chd_ex_stock_derpy_brimstone_1	Enough of it stacked in the yards that the work no longer waits on a caravan.	false
effect_bundles_localised_title_derpy_chd_ex_stock_derpy_brimstone_2	Warehouse: Brimstone	false
effect_bundles_localised_description_derpy_chd_ex_stock_derpy_brimstone_2	The sheds are full and guarded, and the overseers have stopped rationing it.	false
effect_bundles_localised_title_derpy_chd_ex_stock_derpy_brimstone_3	Vaults: Brimstone	false
effect_bundles_localised_description_derpy_chd_ex_stock_derpy_brimstone_3	More than the Conclave can use and more than it will admit to holding.	false
effect_bundles_localised_title_derpy_chd_ex_stock_derpy_carpets_1	Stockpile: Arabyan Carpets	false
effect_bundles_localised_description_derpy_chd_ex_stock_derpy_carpets_1	Enough of it stacked in the yards that the work no longer waits on a caravan.	false
effect_bundles_localised_title_derpy_chd_ex_stock_derpy_carpets_2	Warehouse: Arabyan Carpets	false
effect_bundles_localised_description_derpy_chd_ex_stock_derpy_carpets_2	The sheds are full and guarded, and the overseers have stopped rationing it.	false
effect_bundles_localised_title_derpy_chd_ex_stock_derpy_carpets_3	Vaults: Arabyan Carpets	false
effect_bundles_localised_description_derpy_chd_ex_stock_derpy_carpets_3	More than the Conclave can use and more than it will admit to holding.	false
effect_bundles_localised_title_derpy_chd_ex_stock_derpy_coal_1	Stockpile: Coal	false
effect_bundles_localised_description_derpy_chd_ex_stock_derpy_coal_1	Enough of it stacked in the yards that the work no longer waits on a caravan.	false
effect_bundles_localised_title_derpy_chd_ex_stock_derpy_coal_2	Warehouse: Coal	false
effect_bundles_localised_description_derpy_chd_ex_stock_derpy_coal_2	The sheds are full and guarded, and the overseers have stopped rationing it.	false
effect_bundles_localised_title_derpy_chd_ex_stock_derpy_coal_3	Vaults: Coal	false
effect_bundles_localised_description_derpy_chd_ex_stock_derpy_coal_3	More than the Conclave can use and more than it will admit to holding.	false
effect_bundles_localised_title_derpy_chd_ex_stock_derpy_dragon_bone_1	Stockpile: Dragon Bone	false
effect_bundles_localised_description_derpy_chd_ex_stock_derpy_dragon_bone_1	Enough of it stacked in the yards that the work no longer waits on a caravan.	false
effect_bundles_localised_title_derpy_chd_ex_stock_derpy_dragon_bone_2	Warehouse: Dragon Bone	false
effect_bundles_localised_description_derpy_chd_ex_stock_derpy_dragon_bone_2	The sheds are full and guarded, and the overseers have stopped rationing it.	false
effect_bundles_localised_title_derpy_chd_ex_stock_derpy_dragon_bone_3	Vaults: Dragon Bone	false
effect_bundles_localised_description_derpy_chd_ex_stock_derpy_dragon_bone_3	More than the Conclave can use and more than it will admit to holding.	false
effect_bundles_localised_title_derpy_chd_ex_stock_derpy_feathers_1	Stockpile: Griffon and Pegasus Feathers	false
effect_bundles_localised_description_derpy_chd_ex_stock_derpy_feathers_1	Enough of it stacked in the yards that the work no longer waits on a caravan.	false
effect_bundles_localised_title_derpy_chd_ex_stock_derpy_feathers_2	Warehouse: Griffon and Pegasus Feathers	false
effect_bundles_localised_description_derpy_chd_ex_stock_derpy_feathers_2	The sheds are full and guarded, and the overseers have stopped rationing it.	false
effect_bundles_localised_title_derpy_chd_ex_stock_derpy_feathers_3	Vaults: Griffon and Pegasus Feathers	false
effect_bundles_localised_description_derpy_chd_ex_stock_derpy_feathers_3	More than the Conclave can use and more than it will admit to holding.	false
effect_bundles_localised_title_derpy_chd_ex_stock_derpy_glassware_1	Stockpile: Glassware	false
effect_bundles_localised_description_derpy_chd_ex_stock_derpy_glassware_1	Enough of it stacked in the yards that the work no longer waits on a caravan.	false
effect_bundles_localised_title_derpy_chd_ex_stock_derpy_glassware_2	Warehouse: Glassware	false
effect_bundles_localised_description_derpy_chd_ex_stock_derpy_glassware_2	The sheds are full and guarded, and the overseers have stopped rationing it.	false
effect_bundles_localised_title_derpy_chd_ex_stock_derpy_glassware_3	Vaults: Glassware	false
effect_bundles_localised_description_derpy_chd_ex_stock_derpy_glassware_3	More than the Conclave can use and more than it will admit to holding.	false
effect_bundles_localised_title_derpy_chd_ex_stock_derpy_grain_1	Stockpile: Grain	false
effect_bundles_localised_description_derpy_chd_ex_stock_derpy_grain_1	Enough of it stacked in the yards that the work no longer waits on a caravan.	false
effect_bundles_localised_title_derpy_chd_ex_stock_derpy_grain_2	Warehouse: Grain	false
effect_bundles_localised_description_derpy_chd_ex_stock_derpy_grain_2	The sheds are full and guarded, and the overseers have stopped rationing it.	false
effect_bundles_localised_title_derpy_chd_ex_stock_derpy_grain_3	Vaults: Grain	false
effect_bundles_localised_description_derpy_chd_ex_stock_derpy_grain_3	More than the Conclave can use and more than it will admit to holding.	false
effect_bundles_localised_title_derpy_chd_ex_stock_derpy_gromril_1	Stockpile: Gromril	false
effect_bundles_localised_description_derpy_chd_ex_stock_derpy_gromril_1	Enough of it stacked in the yards that the work no longer waits on a caravan.	false
effect_bundles_localised_title_derpy_chd_ex_stock_derpy_gromril_2	Warehouse: Gromril	false
effect_bundles_localised_description_derpy_chd_ex_stock_derpy_gromril_2	The sheds are full and guarded, and the overseers have stopped rationing it.	false
effect_bundles_localised_title_derpy_chd_ex_stock_derpy_gromril_3	Vaults: Gromril	false
effect_bundles_localised_description_derpy_chd_ex_stock_derpy_gromril_3	More than the Conclave can use and more than it will admit to holding.	false
effect_bundles_localised_title_derpy_chd_ex_stock_derpy_incense_1	Stockpile: Incense	false
effect_bundles_localised_description_derpy_chd_ex_stock_derpy_incense_1	Enough of it stacked in the yards that the work no longer waits on a caravan.	false
effect_bundles_localised_title_derpy_chd_ex_stock_derpy_incense_2	Warehouse: Incense	false
effect_bundles_localised_description_derpy_chd_ex_stock_derpy_incense_2	The sheds are full and guarded, and the overseers have stopped rationing it.	false
effect_bundles_localised_title_derpy_chd_ex_stock_derpy_incense_3	Vaults: Incense	false
effect_bundles_localised_description_derpy_chd_ex_stock_derpy_incense_3	More than the Conclave can use and more than it will admit to holding.	false
effect_bundles_localised_title_derpy_chd_ex_stock_derpy_ithilmar_1	Stockpile: Ithilmar	false
effect_bundles_localised_description_derpy_chd_ex_stock_derpy_ithilmar_1	Enough of it stacked in the yards that the work no longer waits on a caravan.	false
effect_bundles_localised_title_derpy_chd_ex_stock_derpy_ithilmar_2	Warehouse: Ithilmar	false
effect_bundles_localised_description_derpy_chd_ex_stock_derpy_ithilmar_2	The sheds are full and guarded, and the overseers have stopped rationing it.	false
effect_bundles_localised_title_derpy_chd_ex_stock_derpy_ithilmar_3	Vaults: Ithilmar	false
effect_bundles_localised_description_derpy_chd_ex_stock_derpy_ithilmar_3	More than the Conclave can use and more than it will admit to holding.	false
effect_bundles_localised_title_derpy_chd_ex_stock_derpy_jade_1	Stockpile: Jade	false
effect_bundles_localised_description_derpy_chd_ex_stock_derpy_jade_1	Enough of it stacked in the yards that the work no longer waits on a caravan.	false
effect_bundles_localised_title_derpy_chd_ex_stock_derpy_jade_2	Warehouse: Jade	false
effect_bundles_localised_description_derpy_chd_ex_stock_derpy_jade_2	The sheds are full and guarded, and the overseers have stopped rationing it.	false
effect_bundles_localised_title_derpy_chd_ex_stock_derpy_jade_3	Vaults: Jade	false
effect_bundles_localised_description_derpy_chd_ex_stock_derpy_jade_3	More than the Conclave can use and more than it will admit to holding.	false
effect_bundles_localised_title_derpy_chd_ex_stock_derpy_kvas_1	Stockpile: Kvas	false
effect_bundles_localised_description_derpy_chd_ex_stock_derpy_kvas_1	Enough of it stacked in the yards that the work no longer waits on a caravan.	false
effect_bundles_localised_title_derpy_chd_ex_stock_derpy_kvas_2	Warehouse: Kvas	false
effect_bundles_localised_description_derpy_chd_ex_stock_derpy_kvas_2	The sheds are full and guarded, and the overseers have stopped rationing it.	false
effect_bundles_localised_title_derpy_chd_ex_stock_derpy_kvas_3	Vaults: Kvas	false
effect_bundles_localised_description_derpy_chd_ex_stock_derpy_kvas_3	More than the Conclave can use and more than it will admit to holding.	false
effect_bundles_localised_title_derpy_chd_ex_stock_derpy_lustrian_plumes_1	Stockpile: Lustrian Plumes	false
effect_bundles_localised_description_derpy_chd_ex_stock_derpy_lustrian_plumes_1	Enough of it stacked in the yards that the work no longer waits on a caravan.	false
effect_bundles_localised_title_derpy_chd_ex_stock_derpy_lustrian_plumes_2	Warehouse: Lustrian Plumes	false
effect_bundles_localised_description_derpy_chd_ex_stock_derpy_lustrian_plumes_2	The sheds are full and guarded, and the overseers have stopped rationing it.	false
effect_bundles_localised_title_derpy_chd_ex_stock_derpy_lustrian_plumes_3	Vaults: Lustrian Plumes	false
effect_bundles_localised_description_derpy_chd_ex_stock_derpy_lustrian_plumes_3	More than the Conclave can use and more than it will admit to holding.	false
effect_bundles_localised_title_derpy_chd_ex_stock_derpy_mead_1	Stockpile: Mead	false
effect_bundles_localised_description_derpy_chd_ex_stock_derpy_mead_1	Enough of it stacked in the yards that the work no longer waits on a caravan.	false
effect_bundles_localised_title_derpy_chd_ex_stock_derpy_mead_2	Warehouse: Mead	false
effect_bundles_localised_description_derpy_chd_ex_stock_derpy_mead_2	The sheds are full and guarded, and the overseers have stopped rationing it.	false
effect_bundles_localised_title_derpy_chd_ex_stock_derpy_mead_3	Vaults: Mead	false
effect_bundles_localised_description_derpy_chd_ex_stock_derpy_mead_3	More than the Conclave can use and more than it will admit to holding.	false
effect_bundles_localised_title_derpy_chd_ex_stock_derpy_olive_oil_1	Stockpile: Olive Oil	false
effect_bundles_localised_description_derpy_chd_ex_stock_derpy_olive_oil_1	Enough of it stacked in the yards that the work no longer waits on a caravan.	false
effect_bundles_localised_title_derpy_chd_ex_stock_derpy_olive_oil_2	Warehouse: Olive Oil	false
effect_bundles_localised_description_derpy_chd_ex_stock_derpy_olive_oil_2	The sheds are full and guarded, and the overseers have stopped rationing it.	false
effect_bundles_localised_title_derpy_chd_ex_stock_derpy_olive_oil_3	Vaults: Olive Oil	false
effect_bundles_localised_description_derpy_chd_ex_stock_derpy_olive_oil_3	More than the Conclave can use and more than it will admit to holding.	false
effect_bundles_localised_title_derpy_chd_ex_stock_derpy_pearls_1	Stockpile: Pearls	false
effect_bundles_localised_description_derpy_chd_ex_stock_derpy_pearls_1	Enough of it stacked in the yards that the work no longer waits on a caravan.	false
effect_bundles_localised_title_derpy_chd_ex_stock_derpy_pearls_2	Warehouse: Pearls	false
effect_bundles_localised_description_derpy_chd_ex_stock_derpy_pearls_2	The sheds are full and guarded, and the overseers have stopped rationing it.	false
effect_bundles_localised_title_derpy_chd_ex_stock_derpy_pearls_3	Vaults: Pearls	false
effect_bundles_localised_description_derpy_chd_ex_stock_derpy_pearls_3	More than the Conclave can use and more than it will admit to holding.	false
effect_bundles_localised_title_derpy_chd_ex_stock_derpy_pipeweed_1	Stockpile: Pipeweed	false
effect_bundles_localised_description_derpy_chd_ex_stock_derpy_pipeweed_1	Enough of it stacked in the yards that the work no longer waits on a caravan.	false
effect_bundles_localised_title_derpy_chd_ex_stock_derpy_pipeweed_2	Warehouse: Pipeweed	false
effect_bundles_localised_description_derpy_chd_ex_stock_derpy_pipeweed_2	The sheds are full and guarded, and the overseers have stopped rationing it.	false
effect_bundles_localised_title_derpy_chd_ex_stock_derpy_pipeweed_3	Vaults: Pipeweed	false
effect_bundles_localised_description_derpy_chd_ex_stock_derpy_pipeweed_3	More than the Conclave can use and more than it will admit to holding.	false
effect_bundles_localised_title_derpy_chd_ex_stock_derpy_porcelain_1	Stockpile: Porcelain	false
effect_bundles_localised_description_derpy_chd_ex_stock_derpy_porcelain_1	Enough of it stacked in the yards that the work no longer waits on a caravan.	false
effect_bundles_localised_title_derpy_chd_ex_stock_derpy_porcelain_2	Warehouse: Porcelain	false
effect_bundles_localised_description_derpy_chd_ex_stock_derpy_porcelain_2	The sheds are full and guarded, and the overseers have stopped rationing it.	false
effect_bundles_localised_title_derpy_chd_ex_stock_derpy_porcelain_3	Vaults: Porcelain	false
effect_bundles_localised_description_derpy_chd_ex_stock_derpy_porcelain_3	More than the Conclave can use and more than it will admit to holding.	false
effect_bundles_localised_title_derpy_chd_ex_stock_derpy_quicksilver_1	Stockpile: Quicksilver	false
effect_bundles_localised_description_derpy_chd_ex_stock_derpy_quicksilver_1	Enough of it stacked in the yards that the work no longer waits on a caravan.	false
effect_bundles_localised_title_derpy_chd_ex_stock_derpy_quicksilver_2	Warehouse: Quicksilver	false
effect_bundles_localised_description_derpy_chd_ex_stock_derpy_quicksilver_2	The sheds are full and guarded, and the overseers have stopped rationing it.	false
effect_bundles_localised_title_derpy_chd_ex_stock_derpy_quicksilver_3	Vaults: Quicksilver	false
effect_bundles_localised_description_derpy_chd_ex_stock_derpy_quicksilver_3	More than the Conclave can use and more than it will admit to holding.	false
effect_bundles_localised_title_derpy_chd_ex_stock_derpy_rhinox_hides_1	Stockpile: Rhinox Hides	false
effect_bundles_localised_description_derpy_chd_ex_stock_derpy_rhinox_hides_1	Enough of it stacked in the yards that the work no longer waits on a caravan.	false
effect_bundles_localised_title_derpy_chd_ex_stock_derpy_rhinox_hides_2	Warehouse: Rhinox Hides	false
effect_bundles_localised_description_derpy_chd_ex_stock_derpy_rhinox_hides_2	The sheds are full and guarded, and the overseers have stopped rationing it.	false
effect_bundles_localised_title_derpy_chd_ex_stock_derpy_rhinox_hides_3	Vaults: Rhinox Hides	false
effect_bundles_localised_description_derpy_chd_ex_stock_derpy_rhinox_hides_3	More than the Conclave can use and more than it will admit to holding.	false
effect_bundles_localised_title_derpy_chd_ex_stock_derpy_rum_1	Stockpile: Rum	false
effect_bundles_localised_description_derpy_chd_ex_stock_derpy_rum_1	Enough of it stacked in the yards that the work no longer waits on a caravan.	false
effect_bundles_localised_title_derpy_chd_ex_stock_derpy_rum_2	Warehouse: Rum	false
effect_bundles_localised_description_derpy_chd_ex_stock_derpy_rum_2	The sheds are full and guarded, and the overseers have stopped rationing it.	false
effect_bundles_localised_title_derpy_chd_ex_stock_derpy_rum_3	Vaults: Rum	false
effect_bundles_localised_description_derpy_chd_ex_stock_derpy_rum_3	More than the Conclave can use and more than it will admit to holding.	false
effect_bundles_localised_title_derpy_chd_ex_stock_derpy_salted_fish_1	Stockpile: Salted Fish	false
effect_bundles_localised_description_derpy_chd_ex_stock_derpy_salted_fish_1	Enough of it stacked in the yards that the work no longer waits on a caravan.	false
effect_bundles_localised_title_derpy_chd_ex_stock_derpy_salted_fish_2	Warehouse: Salted Fish	false
effect_bundles_localised_description_derpy_chd_ex_stock_derpy_salted_fish_2	The sheds are full and guarded, and the overseers have stopped rationing it.	false
effect_bundles_localised_title_derpy_chd_ex_stock_derpy_salted_fish_3	Vaults: Salted Fish	false
effect_bundles_localised_description_derpy_chd_ex_stock_derpy_salted_fish_3	More than the Conclave can use and more than it will admit to holding.	false
effect_bundles_localised_title_derpy_chd_ex_stock_derpy_salted_meat_1	Stockpile: Salted Meat	false
effect_bundles_localised_description_derpy_chd_ex_stock_derpy_salted_meat_1	Enough of it stacked in the yards that the work no longer waits on a caravan.	false
effect_bundles_localised_title_derpy_chd_ex_stock_derpy_salted_meat_2	Warehouse: Salted Meat	false
effect_bundles_localised_description_derpy_chd_ex_stock_derpy_salted_meat_2	The sheds are full and guarded, and the overseers have stopped rationing it.	false
effect_bundles_localised_title_derpy_chd_ex_stock_derpy_salted_meat_3	Vaults: Salted Meat	false
effect_bundles_localised_description_derpy_chd_ex_stock_derpy_salted_meat_3	More than the Conclave can use and more than it will admit to holding.	false
effect_bundles_localised_title_derpy_chd_ex_stock_derpy_sea_dragon_hide_1	Stockpile: Sea Dragon Hide	false
effect_bundles_localised_description_derpy_chd_ex_stock_derpy_sea_dragon_hide_1	Enough of it stacked in the yards that the work no longer waits on a caravan.	false
effect_bundles_localised_title_derpy_chd_ex_stock_derpy_sea_dragon_hide_2	Warehouse: Sea Dragon Hide	false
effect_bundles_localised_description_derpy_chd_ex_stock_derpy_sea_dragon_hide_2	The sheds are full and guarded, and the overseers have stopped rationing it.	false
effect_bundles_localised_title_derpy_chd_ex_stock_derpy_sea_dragon_hide_3	Vaults: Sea Dragon Hide	false
effect_bundles_localised_description_derpy_chd_ex_stock_derpy_sea_dragon_hide_3	More than the Conclave can use and more than it will admit to holding.	false
effect_bundles_localised_title_derpy_chd_ex_stock_derpy_silk_1	Stockpile: Silk	false
effect_bundles_localised_description_derpy_chd_ex_stock_derpy_silk_1	Enough of it stacked in the yards that the work no longer waits on a caravan.	false
effect_bundles_localised_title_derpy_chd_ex_stock_derpy_silk_2	Warehouse: Silk	false
effect_bundles_localised_description_derpy_chd_ex_stock_derpy_silk_2	The sheds are full and guarded, and the overseers have stopped rationing it.	false
effect_bundles_localised_title_derpy_chd_ex_stock_derpy_silk_3	Vaults: Silk	false
effect_bundles_localised_description_derpy_chd_ex_stock_derpy_silk_3	More than the Conclave can use and more than it will admit to holding.	false
effect_bundles_localised_title_derpy_chd_ex_stock_derpy_silver_1	Stockpile: Silver	false
effect_bundles_localised_description_derpy_chd_ex_stock_derpy_silver_1	Enough of it stacked in the yards that the work no longer waits on a caravan.	false
effect_bundles_localised_title_derpy_chd_ex_stock_derpy_silver_2	Warehouse: Silver	false
effect_bundles_localised_description_derpy_chd_ex_stock_derpy_silver_2	The sheds are full and guarded, and the overseers have stopped rationing it.	false
effect_bundles_localised_title_derpy_chd_ex_stock_derpy_silver_3	Vaults: Silver	false
effect_bundles_localised_description_derpy_chd_ex_stock_derpy_silver_3	More than the Conclave can use and more than it will admit to holding.	false
effect_bundles_localised_title_derpy_chd_ex_stock_derpy_starwood_1	Stockpile: Starwood	false
effect_bundles_localised_description_derpy_chd_ex_stock_derpy_starwood_1	Enough of it stacked in the yards that the work no longer waits on a caravan.	false
effect_bundles_localised_title_derpy_chd_ex_stock_derpy_starwood_2	Warehouse: Starwood	false
effect_bundles_localised_description_derpy_chd_ex_stock_derpy_starwood_2	The sheds are full and guarded, and the overseers have stopped rationing it.	false
effect_bundles_localised_title_derpy_chd_ex_stock_derpy_starwood_3	Vaults: Starwood	false
effect_bundles_localised_description_derpy_chd_ex_stock_derpy_starwood_3	More than the Conclave can use and more than it will admit to holding.	false
effect_bundles_localised_title_derpy_chd_ex_stock_derpy_tea_1	Stockpile: Tea	false
effect_bundles_localised_description_derpy_chd_ex_stock_derpy_tea_1	Enough of it stacked in the yards that the work no longer waits on a caravan.	false
effect_bundles_localised_title_derpy_chd_ex_stock_derpy_tea_2	Warehouse: Tea	false
effect_bundles_localised_description_derpy_chd_ex_stock_derpy_tea_2	The sheds are full and guarded, and the overseers have stopped rationing it.	false
effect_bundles_localised_title_derpy_chd_ex_stock_derpy_tea_3	Vaults: Tea	false
effect_bundles_localised_description_derpy_chd_ex_stock_derpy_tea_3	More than the Conclave can use and more than it will admit to holding.	false
effect_bundles_localised_title_derpy_chd_ex_stock_derpy_warhorses_1	Stockpile: Warhorses	false
effect_bundles_localised_description_derpy_chd_ex_stock_derpy_warhorses_1	Enough of it stacked in the yards that the work no longer waits on a caravan.	false
effect_bundles_localised_title_derpy_chd_ex_stock_derpy_warhorses_2	Warehouse: Warhorses	false
effect_bundles_localised_description_derpy_chd_ex_stock_derpy_warhorses_2	The sheds are full and guarded, and the overseers have stopped rationing it.	false
effect_bundles_localised_title_derpy_chd_ex_stock_derpy_warhorses_3	Vaults: Warhorses	false
effect_bundles_localised_description_derpy_chd_ex_stock_derpy_warhorses_3	More than the Conclave can use and more than it will admit to holding.	false
effect_bundles_localised_title_derpy_chd_ex_stock_derpy_whale_oil_1	Stockpile: Whale Oil	false
effect_bundles_localised_description_derpy_chd_ex_stock_derpy_whale_oil_1	Enough of it stacked in the yards that the work no longer waits on a caravan.	false
effect_bundles_localised_title_derpy_chd_ex_stock_derpy_whale_oil_2	Warehouse: Whale Oil	false
effect_bundles_localised_description_derpy_chd_ex_stock_derpy_whale_oil_2	The sheds are full and guarded, and the overseers have stopped rationing it.	false
effect_bundles_localised_title_derpy_chd_ex_stock_derpy_whale_oil_3	Vaults: Whale Oil	false
effect_bundles_localised_description_derpy_chd_ex_stock_derpy_whale_oil_3	More than the Conclave can use and more than it will admit to holding.	false
effect_bundles_localised_title_derpy_chd_ex_stock_derpy_wool_1	Stockpile: Wool	false
effect_bundles_localised_description_derpy_chd_ex_stock_derpy_wool_1	Enough of it stacked in the yards that the work no longer waits on a caravan.	false
effect_bundles_localised_title_derpy_chd_ex_stock_derpy_wool_2	Warehouse: Wool	false
effect_bundles_localised_description_derpy_chd_ex_stock_derpy_wool_2	The sheds are full and guarded, and the overseers have stopped rationing it.	false
effect_bundles_localised_title_derpy_chd_ex_stock_derpy_wool_3	Vaults: Wool	false
effect_bundles_localised_description_derpy_chd_ex_stock_derpy_wool_3	More than the Conclave can use and more than it will admit to holding.	false
effect_bundles_localised_title_derpy_chd_ex_stock_derpy_wyvern_scales_1	Stockpile: Wyvern Scales	false
effect_bundles_localised_description_derpy_chd_ex_stock_derpy_wyvern_scales_1	Enough of it stacked in the yards that the work no longer waits on a caravan.	false
effect_bundles_localised_title_derpy_chd_ex_stock_derpy_wyvern_scales_2	Warehouse: Wyvern Scales	false
effect_bundles_localised_description_derpy_chd_ex_stock_derpy_wyvern_scales_2	The sheds are full and guarded, and the overseers have stopped rationing it.	false
effect_bundles_localised_title_derpy_chd_ex_stock_derpy_wyvern_scales_3	Vaults: Wyvern Scales	false
effect_bundles_localised_description_derpy_chd_ex_stock_derpy_wyvern_scales_3	More than the Conclave can use and more than it will admit to holding.	false
effect_bundles_localised_title_derpy_chd_ex_teb_offering_animals	Consigned to the Temple: Exotic Animals	false
effect_bundles_localised_description_derpy_chd_ex_teb_offering_animals	The feast is held at the Compact's expense and the crowd is told whose expense it was.	false
effect_bundles_localised_title_derpy_chd_ex_teb_offering_derpy_amber	Consigned to the Temple: Amber	false
effect_bundles_localised_description_derpy_chd_ex_teb_offering_derpy_amber	A house in good standing with the Compact is a house whose cargo clears the mole first.	false
effect_bundles_localised_title_derpy_chd_ex_teb_offering_derpy_black_lotus	Consigned to the Temple: Black Lotus	false
effect_bundles_localised_description_derpy_chd_ex_teb_offering_derpy_black_lotus	Gold in the strongroom buys letters of introduction, and letters buy people.	false
effect_bundles_localised_title_derpy_chd_ex_teb_offering_derpy_blackpowder	Consigned to the Temple: Blackpowder	false
effect_bundles_localised_description_derpy_chd_ex_teb_offering_derpy_blackpowder	Cloth delivered to the muster is a company clothed before it is paid, and cheaper for it.	false
effect_bundles_localised_title_derpy_chd_ex_teb_offering_derpy_books	Consigned to the Temple: Books	false
effect_bundles_localised_description_derpy_chd_ex_teb_offering_derpy_books	The ivory endows a chair at Remas, and a chair returns findings to its endower.	false
effect_bundles_localised_title_derpy_chd_ex_teb_offering_derpy_brass	Consigned to the Temple: Brass	false
effect_bundles_localised_description_derpy_chd_ex_teb_offering_derpy_brass	The metal goes to the armourers of Miragliano and comes back as plate, on schedule.	false
effect_bundles_localised_title_derpy_chd_ex_teb_offering_derpy_brimstone	Consigned to the Temple: Brimstone	false
effect_bundles_localised_description_derpy_chd_ex_teb_offering_derpy_brimstone	The colleges take the glass and the wind runs deeper for those who paid.	false
effect_bundles_localised_title_derpy_chd_ex_teb_offering_derpy_carpets	Consigned to the Temple: Arabyan Carpets	false
effect_bundles_localised_description_derpy_chd_ex_teb_offering_derpy_carpets	A house in good standing with the Compact is a house whose cargo clears the mole first.	false
effect_bundles_localised_title_derpy_chd_ex_teb_offering_derpy_coal	Consigned to the Temple: Coal	false
effect_bundles_localised_description_derpy_chd_ex_teb_offering_derpy_coal	Materials pledged in advance are materials bought at last year's price.	false
effect_bundles_localised_title_derpy_chd_ex_teb_offering_derpy_dragon_bone	Consigned to the Temple: Dragon Bone	false
effect_bundles_localised_description_derpy_chd_ex_teb_offering_derpy_dragon_bone	Gold in the strongroom buys letters of introduction, and letters buy people.	false
effect_bundles_localised_title_derpy_chd_ex_teb_offering_derpy_feathers	Consigned to the Temple: Griffon and Pegasus Feathers	false
effect_bundles_localised_description_derpy_chd_ex_teb_offering_derpy_feathers	Furs, remounts and a courier's warrant: your columns keep the road in weather that closes it.	false
effect_bundles_localised_title_derpy_chd_ex_teb_offering_derpy_glassware	Consigned to the Temple: Glassware	false
effect_bundles_localised_description_derpy_chd_ex_teb_offering_derpy_glassware	A house in good standing with the Compact is a house whose cargo clears the mole first.	false
effect_bundles_localised_title_derpy_chd_ex_teb_offering_derpy_grain	Consigned to the Temple: Grain	false
effect_bundles_localised_description_derpy_chd_ex_teb_offering_derpy_grain	The surgeons are paid by the Compact and billeted with your companies.	false
effect_bundles_localised_title_derpy_chd_ex_teb_offering_derpy_gromril	Consigned to the Temple: Gromril	false
effect_bundles_localised_description_derpy_chd_ex_teb_offering_derpy_gromril	The metal goes to the armourers of Miragliano and comes back as plate, on schedule.	false
effect_bundles_localised_title_derpy_chd_ex_teb_offering_derpy_incense	Consigned to the Temple: Incense	false
effect_bundles_localised_description_derpy_chd_ex_teb_offering_derpy_incense	The colleges take the glass and the wind runs deeper for those who paid.	false
effect_bundles_localised_title_derpy_chd_ex_teb_offering_derpy_ithilmar	Consigned to the Temple: Ithilmar	false
effect_bundles_localised_description_derpy_chd_ex_teb_offering_derpy_ithilmar	The metal goes to the armourers of Miragliano and comes back as plate, on schedule.	false
effect_bundles_localised_title_derpy_chd_ex_teb_offering_derpy_jade	Consigned to the Temple: Jade	false
effect_bundles_localised_description_derpy_chd_ex_teb_offering_derpy_jade	A house in good standing with the Compact is a house whose cargo clears the mole first.	false
effect_bundles_localised_title_derpy_chd_ex_teb_offering_derpy_kvas	Consigned to the Temple: Kvas	false
effect_bundles_localised_description_derpy_chd_ex_teb_offering_derpy_kvas	The feast is held at the Compact's expense and the crowd is told whose expense it was.	false
effect_bundles_localised_title_derpy_chd_ex_teb_offering_derpy_lustrian_plumes	Consigned to the Temple: Lustrian Plumes	false
effect_bundles_localised_description_derpy_chd_ex_teb_offering_derpy_lustrian_plumes	A house in good standing with the Compact is a house whose cargo clears the mole first.	false
effect_bundles_localised_title_derpy_chd_ex_teb_offering_derpy_mead	Consigned to the Temple: Mead	false
effect_bundles_localised_description_derpy_chd_ex_teb_offering_derpy_mead	The feast is held at the Compact's expense and the crowd is told whose expense it was.	false
effect_bundles_localised_title_derpy_chd_ex_teb_offering_derpy_olive_oil	Consigned to the Temple: Olive Oil	false
effect_bundles_localised_description_derpy_chd_ex_teb_offering_derpy_olive_oil	The feast is held at the Compact's expense and the crowd is told whose expense it was.	false
effect_bundles_localised_title_derpy_chd_ex_teb_offering_derpy_pearls	Consigned to the Temple: Pearls	false
effect_bundles_localised_description_derpy_chd_ex_teb_offering_derpy_pearls	A house in good standing with the Compact is a house whose cargo clears the mole first.	false
effect_bundles_localised_title_derpy_chd_ex_teb_offering_derpy_pipeweed	Consigned to the Temple: Pipeweed	false
effect_bundles_localised_description_derpy_chd_ex_teb_offering_derpy_pipeweed	The feast is held at the Compact's expense and the crowd is told whose expense it was.	false
effect_bundles_localised_title_derpy_chd_ex_teb_offering_derpy_porcelain	Consigned to the Temple: Porcelain	false
effect_bundles_localised_description_derpy_chd_ex_teb_offering_derpy_porcelain	A house in good standing with the Compact is a house whose cargo clears the mole first.	false
effect_bundles_localised_title_derpy_chd_ex_teb_offering_derpy_quicksilver	Consigned to the Temple: Quicksilver	false
effect_bundles_localised_description_derpy_chd_ex_teb_offering_derpy_quicksilver	The ivory endows a chair at Remas, and a chair returns findings to its endower.	false
effect_bundles_localised_title_derpy_chd_ex_teb_offering_derpy_rhinox_hides	Consigned to the Temple: Rhinox Hides	false
effect_bundles_localised_description_derpy_chd_ex_teb_offering_derpy_rhinox_hides	The metal goes to the armourers of Miragliano and comes back as plate, on schedule.	false
effect_bundles_localised_title_derpy_chd_ex_teb_offering_derpy_rum	Consigned to the Temple: Rum	false
effect_bundles_localised_description_derpy_chd_ex_teb_offering_derpy_rum	The feast is held at the Compact's expense and the crowd is told whose expense it was.	false
effect_bundles_localised_title_derpy_chd_ex_teb_offering_derpy_salted_fish	Consigned to the Temple: Salted Fish	false
effect_bundles_localised_description_derpy_chd_ex_teb_offering_derpy_salted_fish	The surgeons are paid by the Compact and billeted with your companies.	false
effect_bundles_localised_title_derpy_chd_ex_teb_offering_derpy_salted_meat	Consigned to the Temple: Salted Meat	false
effect_bundles_localised_description_derpy_chd_ex_teb_offering_derpy_salted_meat	The surgeons are paid by the Compact and billeted with your companies.	false
effect_bundles_localised_title_derpy_chd_ex_teb_offering_derpy_sea_dragon_hide	Consigned to the Temple: Sea Dragon Hide	false
effect_bundles_localised_description_derpy_chd_ex_teb_offering_derpy_sea_dragon_hide	The metal goes to the armourers of Miragliano and comes back as plate, on schedule.	false
effect_bundles_localised_title_derpy_chd_ex_teb_offering_derpy_silk	Consigned to the Temple: Silk	false
effect_bundles_localised_description_derpy_chd_ex_teb_offering_derpy_silk	A house in good standing with the Compact is a house whose cargo clears the mole first.	false
effect_bundles_localised_title_derpy_chd_ex_teb_offering_derpy_silver	Consigned to the Temple: Silver	false
effect_bundles_localised_description_derpy_chd_ex_teb_offering_derpy_silver	A house in good standing with the Compact is a house whose cargo clears the mole first.	false
effect_bundles_localised_title_derpy_chd_ex_teb_offering_derpy_starwood	Consigned to the Temple: Starwood	false
effect_bundles_localised_description_derpy_chd_ex_teb_offering_derpy_starwood	The colleges take the glass and the wind runs deeper for those who paid.	false
effect_bundles_localised_title_derpy_chd_ex_teb_offering_derpy_tea	Consigned to the Temple: Tea	false
effect_bundles_localised_description_derpy_chd_ex_teb_offering_derpy_tea	The feast is held at the Compact's expense and the crowd is told whose expense it was.	false
effect_bundles_localised_title_derpy_chd_ex_teb_offering_derpy_warhorses	Consigned to the Temple: Warhorses	false
effect_bundles_localised_description_derpy_chd_ex_teb_offering_derpy_warhorses	Furs, remounts and a courier's warrant: your columns keep the road in weather that closes it.	false
effect_bundles_localised_title_derpy_chd_ex_teb_offering_derpy_whale_oil	Consigned to the Temple: Whale Oil	false
effect_bundles_localised_description_derpy_chd_ex_teb_offering_derpy_whale_oil	The feast is held at the Compact's expense and the crowd is told whose expense it was.	false
effect_bundles_localised_title_derpy_chd_ex_teb_offering_derpy_wool	Consigned to the Temple: Wool	false
effect_bundles_localised_description_derpy_chd_ex_teb_offering_derpy_wool	Furs, remounts and a courier's warrant: your columns keep the road in weather that closes it.	false
effect_bundles_localised_title_derpy_chd_ex_teb_offering_derpy_wyvern_scales	Consigned to the Temple: Wyvern Scales	false
effect_bundles_localised_description_derpy_chd_ex_teb_offering_derpy_wyvern_scales	The metal goes to the armourers of Miragliano and comes back as plate, on schedule.	false
effect_bundles_localised_title_derpy_chd_ex_teb_offering_dyes	Consigned to the Temple: Dyes	false
effect_bundles_localised_description_derpy_chd_ex_teb_offering_dyes	A house in good standing with the Compact is a house whose cargo clears the mole first.	false
effect_bundles_localised_title_derpy_chd_ex_teb_offering_gems	Consigned to the Temple: Gemstones	false
effect_bundles_localised_description_derpy_chd_ex_teb_offering_gems	A house in good standing with the Compact is a house whose cargo clears the mole first.	false
effect_bundles_localised_title_derpy_chd_ex_teb_offering_gold_idols	Consigned to the Temple: Golden Idols	false
effect_bundles_localised_description_derpy_chd_ex_teb_offering_gold_idols	Gold in the strongroom buys letters of introduction, and letters buy people.	false
effect_bundles_localised_title_derpy_chd_ex_teb_offering_ivory	Consigned to the Temple: Tusks	false
effect_bundles_localised_description_derpy_chd_ex_teb_offering_ivory	The ivory endows a chair at Remas, and a chair returns findings to its endower.	false
effect_bundles_localised_title_derpy_chd_ex_teb_offering_medicine	Consigned to the Temple: Medicinal Plants	false
effect_bundles_localised_description_derpy_chd_ex_teb_offering_medicine	The surgeons are paid by the Compact and billeted with your companies.	false
effect_bundles_localised_title_derpy_chd_ex_teb_offering_obsidian	Consigned to the Temple: Carved Obsidian	false
effect_bundles_localised_description_derpy_chd_ex_teb_offering_obsidian	The colleges take the glass and the wind runs deeper for those who paid.	false
effect_bundles_localised_title_derpy_chd_ex_teb_offering_rom_furs	Consigned to the Temple: Furs	false
effect_bundles_localised_description_derpy_chd_ex_teb_offering_rom_furs	Furs, remounts and a courier's warrant: your columns keep the road in weather that closes it.	false
effect_bundles_localised_title_derpy_chd_ex_teb_offering_rom_glass	Consigned to the Temple: Dwarf Beer	false
effect_bundles_localised_description_derpy_chd_ex_teb_offering_rom_glass	The feast is held at the Compact's expense and the crowd is told whose expense it was.	false
effect_bundles_localised_title_derpy_chd_ex_teb_offering_rom_iron	Consigned to the Temple: Iron	false
effect_bundles_localised_description_derpy_chd_ex_teb_offering_rom_iron	The metal goes to the armourers of Miragliano and comes back as plate, on schedule.	false
effect_bundles_localised_title_derpy_chd_ex_teb_offering_rom_lead	Consigned to the Temple: Salt	false
effect_bundles_localised_description_derpy_chd_ex_teb_offering_rom_lead	The surgeons are paid by the Compact and billeted with your companies.	false
effect_bundles_localised_title_derpy_chd_ex_teb_offering_rom_marble	Consigned to the Temple: Marble	false
effect_bundles_localised_description_derpy_chd_ex_teb_offering_rom_marble	Materials pledged in advance are materials bought at last year's price.	false
effect_bundles_localised_title_derpy_chd_ex_teb_offering_rom_textiles	Consigned to the Temple: Pottery	false
effect_bundles_localised_description_derpy_chd_ex_teb_offering_rom_textiles	Cloth delivered to the muster is a company clothed before it is paid, and cheaper for it.	false
effect_bundles_localised_title_derpy_chd_ex_teb_offering_rom_timber	Consigned to the Temple: Timber	false
effect_bundles_localised_description_derpy_chd_ex_teb_offering_rom_timber	Materials pledged in advance are materials bought at last year's price.	false
effect_bundles_localised_title_derpy_chd_ex_teb_offering_rom_wine	Consigned to the Temple: Wine	false
effect_bundles_localised_description_derpy_chd_ex_teb_offering_rom_wine	The feast is held at the Compact's expense and the crowd is told whose expense it was.	false
effect_bundles_localised_title_derpy_chd_ex_teb_offering_spices	Consigned to the Temple: Spices	false
effect_bundles_localised_description_derpy_chd_ex_teb_offering_spices	The feast is held at the Compact's expense and the crowd is told whose expense it was.	false
effect_bundles_localised_title_derpy_chd_ex_teb_offering_trinkets	Consigned to the Temple: Elven Trinkets	false
effect_bundles_localised_description_derpy_chd_ex_teb_offering_trinkets	A house in good standing with the Compact is a house whose cargo clears the mole first.	false
effect_bundles_localised_title_derpy_chd_ex_teb_myrmidia_pleased	Discharged in Full	false
effect_bundles_localised_description_derpy_chd_ex_teb_myrmidia_pleased	The consignment was delivered, weighed and receipted without a query. The Compact extends terms it does not extend to everyone.	false
effect_bundles_localised_title_derpy_chd_ex_teb_myrmidia_wrath	Protested for Non-Payment	false
effect_bundles_localised_description_derpy_chd_ex_teb_myrmidia_wrath	The note came back unpaid and was protested before a notary the same morning. Every counting house on the coast reads that register.	false
effect_bundles_localised_title_derpy_chd_ex_def_offering_animals	Given to the Temple: Exotic Animals	false
effect_bundles_localised_description_derpy_chd_ex_def_offering_animals	The temple holds a rite, the city attends, and the city is quiet for a while afterwards.	false
effect_bundles_localised_title_derpy_chd_ex_def_offering_derpy_amber	Given to the Temple: Amber	false
effect_bundles_localised_description_derpy_chd_ex_def_offering_derpy_amber	A house in favour at the temple is a house whose cargo is not looked at closely.	false
effect_bundles_localised_title_derpy_chd_ex_def_offering_derpy_black_lotus	Given to the Temple: Black Lotus	false
effect_bundles_localised_description_derpy_chd_ex_def_offering_derpy_black_lotus	Melted gold buys the kind of servant who is already in the room.	false
effect_bundles_localised_title_derpy_chd_ex_def_offering_derpy_blackpowder	Given to the Temple: Blackpowder	false
effect_bundles_localised_description_derpy_chd_ex_def_offering_derpy_blackpowder	Tribute paid early buys a levy at the temple's rate, which stays low for exactly as long as you keep paying it.	false
effect_bundles_localised_title_derpy_chd_ex_def_offering_derpy_books	Given to the Temple: Books	false
effect_bundles_localised_description_derpy_chd_ex_def_offering_derpy_books	Curiosities go to the Convent and come back as a method nobody wants explained.	false
effect_bundles_localised_title_derpy_chd_ex_def_offering_derpy_brass	Given to the Temple: Brass	false
effect_bundles_localised_description_derpy_chd_ex_def_offering_derpy_brass	The iron goes to Hag Graef and comes back as plate, worked by hands that were not paid for it.	false
effect_bundles_localised_title_derpy_chd_ex_def_offering_derpy_brimstone	Given to the Temple: Brimstone	false
effect_bundles_localised_description_derpy_chd_ex_def_offering_derpy_brimstone	The Convent takes the black glass, and the winds answer more readily than is wise.	false
effect_bundles_localised_title_derpy_chd_ex_def_offering_derpy_carpets	Given to the Temple: Arabyan Carpets	false
effect_bundles_localised_description_derpy_chd_ex_def_offering_derpy_carpets	A house in favour at the temple is a house whose cargo is not looked at closely.	false
effect_bundles_localised_title_derpy_chd_ex_def_offering_derpy_coal	Given to the Temple: Coal	false
effect_bundles_localised_description_derpy_chd_ex_def_offering_derpy_coal	Materials given up front are materials not requisitioned later, and the work goes cheaper for it.	false
effect_bundles_localised_title_derpy_chd_ex_def_offering_derpy_dragon_bone	Given to the Temple: Dragon Bone	false
effect_bundles_localised_description_derpy_chd_ex_def_offering_derpy_dragon_bone	Melted gold buys the kind of servant who is already in the room.	false
effect_bundles_localised_title_derpy_chd_ex_def_offering_derpy_feathers	Given to the Temple: Griffon and Pegasus Feathers	false
effect_bundles_localised_description_derpy_chd_ex_def_offering_derpy_feathers	Furs for the long marches, and the columns cross Naggaroth without losing a quarter of themselves.	false
effect_bundles_localised_title_derpy_chd_ex_def_offering_derpy_glassware	Given to the Temple: Glassware	false
effect_bundles_localised_description_derpy_chd_ex_def_offering_derpy_glassware	A house in favour at the temple is a house whose cargo is not looked at closely.	false
effect_bundles_localised_title_derpy_chd_ex_def_offering_derpy_grain	Given to the Temple: Grain	false
effect_bundles_localised_description_derpy_chd_ex_def_offering_derpy_grain	Medicine and salt for the host, and the ranks close up again.	false
effect_bundles_localised_title_derpy_chd_ex_def_offering_derpy_gromril	Given to the Temple: Gromril	false
effect_bundles_localised_description_derpy_chd_ex_def_offering_derpy_gromril	The iron goes to Hag Graef and comes back as plate, worked by hands that were not paid for it.	false
effect_bundles_localised_title_derpy_chd_ex_def_offering_derpy_incense	Given to the Temple: Incense	false
effect_bundles_localised_description_derpy_chd_ex_def_offering_derpy_incense	The Convent takes the black glass, and the winds answer more readily than is wise.	false
effect_bundles_localised_title_derpy_chd_ex_def_offering_derpy_ithilmar	Given to the Temple: Ithilmar	false
effect_bundles_localised_description_derpy_chd_ex_def_offering_derpy_ithilmar	The iron goes to Hag Graef and comes back as plate, worked by hands that were not paid for it.	false
effect_bundles_localised_title_derpy_chd_ex_def_offering_derpy_jade	Given to the Temple: Jade	false
effect_bundles_localised_description_derpy_chd_ex_def_offering_derpy_jade	A house in favour at the temple is a house whose cargo is not looked at closely.	false
effect_bundles_localised_title_derpy_chd_ex_def_offering_derpy_kvas	Given to the Temple: Kvas	false
effect_bundles_localised_description_derpy_chd_ex_def_offering_derpy_kvas	The temple holds a rite, the city attends, and the city is quiet for a while afterwards.	false
effect_bundles_localised_title_derpy_chd_ex_def_offering_derpy_lustrian_plumes	Given to the Temple: Lustrian Plumes	false
effect_bundles_localised_description_derpy_chd_ex_def_offering_derpy_lustrian_plumes	A house in favour at the temple is a house whose cargo is not looked at closely.	false
effect_bundles_localised_title_derpy_chd_ex_def_offering_derpy_mead	Given to the Temple: Mead	false
effect_bundles_localised_description_derpy_chd_ex_def_offering_derpy_mead	The temple holds a rite, the city attends, and the city is quiet for a while afterwards.	false
effect_bundles_localised_title_derpy_chd_ex_def_offering_derpy_olive_oil	Given to the Temple: Olive Oil	false
effect_bundles_localised_description_derpy_chd_ex_def_offering_derpy_olive_oil	The temple holds a rite, the city attends, and the city is quiet for a while afterwards.	false
effect_bundles_localised_title_derpy_chd_ex_def_offering_derpy_pearls	Given to the Temple: Pearls	false
effect_bundles_localised_description_derpy_chd_ex_def_offering_derpy_pearls	A house in favour at the temple is a house whose cargo is not looked at closely.	false
effect_bundles_localised_title_derpy_chd_ex_def_offering_derpy_pipeweed	Given to the Temple: Pipeweed	false
effect_bundles_localised_description_derpy_chd_ex_def_offering_derpy_pipeweed	The temple holds a rite, the city attends, and the city is quiet for a while afterwards.	false
effect_bundles_localised_title_derpy_chd_ex_def_offering_derpy_porcelain	Given to the Temple: Porcelain	false
effect_bundles_localised_description_derpy_chd_ex_def_offering_derpy_porcelain	A house in favour at the temple is a house whose cargo is not looked at closely.	false
effect_bundles_localised_title_derpy_chd_ex_def_offering_derpy_quicksilver	Given to the Temple: Quicksilver	false
effect_bundles_localised_description_derpy_chd_ex_def_offering_derpy_quicksilver	Curiosities go to the Convent and come back as a method nobody wants explained.	false
effect_bundles_localised_title_derpy_chd_ex_def_offering_derpy_rhinox_hides	Given to the Temple: Rhinox Hides	false
effect_bundles_localised_description_derpy_chd_ex_def_offering_derpy_rhinox_hides	The iron goes to Hag Graef and comes back as plate, worked by hands that were not paid for it.	false
effect_bundles_localised_title_derpy_chd_ex_def_offering_derpy_rum	Given to the Temple: Rum	false
effect_bundles_localised_description_derpy_chd_ex_def_offering_derpy_rum	The temple holds a rite, the city attends, and the city is quiet for a while afterwards.	false
effect_bundles_localised_title_derpy_chd_ex_def_offering_derpy_salted_fish	Given to the Temple: Salted Fish	false
effect_bundles_localised_description_derpy_chd_ex_def_offering_derpy_salted_fish	Medicine and salt for the host, and the ranks close up again.	false
effect_bundles_localised_title_derpy_chd_ex_def_offering_derpy_salted_meat	Given to the Temple: Salted Meat	false
effect_bundles_localised_description_derpy_chd_ex_def_offering_derpy_salted_meat	Medicine and salt for the host, and the ranks close up again.	false
effect_bundles_localised_title_derpy_chd_ex_def_offering_derpy_sea_dragon_hide	Given to the Temple: Sea Dragon Hide	false
effect_bundles_localised_description_derpy_chd_ex_def_offering_derpy_sea_dragon_hide	The iron goes to Hag Graef and comes back as plate, worked by hands that were not paid for it.	false
effect_bundles_localised_title_derpy_chd_ex_def_offering_derpy_silk	Given to the Temple: Silk	false
effect_bundles_localised_description_derpy_chd_ex_def_offering_derpy_silk	A house in favour at the temple is a house whose cargo is not looked at closely.	false
effect_bundles_localised_title_derpy_chd_ex_def_offering_derpy_silver	Given to the Temple: Silver	false
effect_bundles_localised_description_derpy_chd_ex_def_offering_derpy_silver	A house in favour at the temple is a house whose cargo is not looked at closely.	false
effect_bundles_localised_title_derpy_chd_ex_def_offering_derpy_starwood	Given to the Temple: Starwood	false
effect_bundles_localised_description_derpy_chd_ex_def_offering_derpy_starwood	The Convent takes the black glass, and the winds answer more readily than is wise.	false
effect_bundles_localised_title_derpy_chd_ex_def_offering_derpy_tea	Given to the Temple: Tea	false
effect_bundles_localised_description_derpy_chd_ex_def_offering_derpy_tea	The temple holds a rite, the city attends, and the city is quiet for a while afterwards.	false
effect_bundles_localised_title_derpy_chd_ex_def_offering_derpy_warhorses	Given to the Temple: Warhorses	false
effect_bundles_localised_description_derpy_chd_ex_def_offering_derpy_warhorses	Furs for the long marches, and the columns cross Naggaroth without losing a quarter of themselves.	false
effect_bundles_localised_title_derpy_chd_ex_def_offering_derpy_whale_oil	Given to the Temple: Whale Oil	false
effect_bundles_localised_description_derpy_chd_ex_def_offering_derpy_whale_oil	The temple holds a rite, the city attends, and the city is quiet for a while afterwards.	false
effect_bundles_localised_title_derpy_chd_ex_def_offering_derpy_wool	Given to the Temple: Wool	false
effect_bundles_localised_description_derpy_chd_ex_def_offering_derpy_wool	Furs for the long marches, and the columns cross Naggaroth without losing a quarter of themselves.	false
effect_bundles_localised_title_derpy_chd_ex_def_offering_derpy_wyvern_scales	Given to the Temple: Wyvern Scales	false
effect_bundles_localised_description_derpy_chd_ex_def_offering_derpy_wyvern_scales	The iron goes to Hag Graef and comes back as plate, worked by hands that were not paid for it.	false
effect_bundles_localised_title_derpy_chd_ex_def_offering_dyes	Given to the Temple: Dyes	false
effect_bundles_localised_description_derpy_chd_ex_def_offering_dyes	A house in favour at the temple is a house whose cargo is not looked at closely.	false
effect_bundles_localised_title_derpy_chd_ex_def_offering_gems	Given to the Temple: Gemstones	false
effect_bundles_localised_description_derpy_chd_ex_def_offering_gems	A house in favour at the temple is a house whose cargo is not looked at closely.	false
effect_bundles_localised_title_derpy_chd_ex_def_offering_gold_idols	Given to the Temple: Golden Idols	false
effect_bundles_localised_description_derpy_chd_ex_def_offering_gold_idols	Melted gold buys the kind of servant who is already in the room.	false
effect_bundles_localised_title_derpy_chd_ex_def_offering_ivory	Given to the Temple: Tusks	false
effect_bundles_localised_description_derpy_chd_ex_def_offering_ivory	Curiosities go to the Convent and come back as a method nobody wants explained.	false
effect_bundles_localised_title_derpy_chd_ex_def_offering_medicine	Given to the Temple: Medicinal Plants	false
effect_bundles_localised_description_derpy_chd_ex_def_offering_medicine	Medicine and salt for the host, and the ranks close up again.	false
effect_bundles_localised_title_derpy_chd_ex_def_offering_obsidian	Given to the Temple: Carved Obsidian	false
effect_bundles_localised_description_derpy_chd_ex_def_offering_obsidian	The Convent takes the black glass, and the winds answer more readily than is wise.	false
effect_bundles_localised_title_derpy_chd_ex_def_offering_rom_furs	Given to the Temple: Furs	false
effect_bundles_localised_description_derpy_chd_ex_def_offering_rom_furs	Furs for the long marches, and the columns cross Naggaroth without losing a quarter of themselves.	false
effect_bundles_localised_title_derpy_chd_ex_def_offering_rom_glass	Given to the Temple: Dwarf Beer	false
effect_bundles_localised_description_derpy_chd_ex_def_offering_rom_glass	The temple holds a rite, the city attends, and the city is quiet for a while afterwards.	false
effect_bundles_localised_title_derpy_chd_ex_def_offering_rom_iron	Given to the Temple: Iron	false
effect_bundles_localised_description_derpy_chd_ex_def_offering_rom_iron	The iron goes to Hag Graef and comes back as plate, worked by hands that were not paid for it.	false
effect_bundles_localised_title_derpy_chd_ex_def_offering_rom_lead	Given to the Temple: Salt	false
effect_bundles_localised_description_derpy_chd_ex_def_offering_rom_lead	Medicine and salt for the host, and the ranks close up again.	false
effect_bundles_localised_title_derpy_chd_ex_def_offering_rom_marble	Given to the Temple: Marble	false
effect_bundles_localised_description_derpy_chd_ex_def_offering_rom_marble	Materials given up front are materials not requisitioned later, and the work goes cheaper for it.	false
effect_bundles_localised_title_derpy_chd_ex_def_offering_rom_textiles	Given to the Temple: Pottery	false
effect_bundles_localised_description_derpy_chd_ex_def_offering_rom_textiles	Tribute paid early buys a levy at the temple's rate, which stays low for exactly as long as you keep paying it.	false
effect_bundles_localised_title_derpy_chd_ex_def_offering_rom_timber	Given to the Temple: Timber	false
effect_bundles_localised_description_derpy_chd_ex_def_offering_rom_timber	Materials given up front are materials not requisitioned later, and the work goes cheaper for it.	false
effect_bundles_localised_title_derpy_chd_ex_def_offering_rom_wine	Given to the Temple: Wine	false
effect_bundles_localised_description_derpy_chd_ex_def_offering_rom_wine	The temple holds a rite, the city attends, and the city is quiet for a while afterwards.	false
effect_bundles_localised_title_derpy_chd_ex_def_offering_spices	Given to the Temple: Spices	false
effect_bundles_localised_description_derpy_chd_ex_def_offering_spices	The temple holds a rite, the city attends, and the city is quiet for a while afterwards.	false
effect_bundles_localised_title_derpy_chd_ex_def_offering_trinkets	Given to the Temple: Elven Trinkets	false
effect_bundles_localised_description_derpy_chd_ex_def_offering_trinkets	A house in favour at the temple is a house whose cargo is not looked at closely.	false
effect_bundles_localised_title_derpy_chd_ex_def_khaine_pleased	Khaine is Served	false
effect_bundles_localised_description_derpy_chd_ex_def_khaine_pleased	The portion was given whole and on the day named. The temple has noticed, which is not the same as being safe and is better than the alternative.	false
effect_bundles_localised_title_derpy_chd_ex_def_khaine_wrath	Marked at the Temple	false
effect_bundles_localised_description_derpy_chd_ex_def_khaine_wrath	The portion was not given, and the Hag Queens were told the same evening. They did not seem surprised, which is the part worth worrying about.	false
effect_bundles_localised_title_derpy_chd_ex_hef_offering_animals	Tribute to Asuryan: Exotic Animals	false
effect_bundles_localised_description_derpy_chd_ex_hef_offering_animals	The wine goes to the audience hall and the audience goes home satisfied, which is the whole art of it.	false
effect_bundles_localised_title_derpy_chd_ex_hef_offering_derpy_amber	Tribute to Asuryan: Amber	false
effect_bundles_localised_description_derpy_chd_ex_hef_offering_derpy_amber	A house in the Court's regard is a house whose cargo clears the Gate without being weighed twice.	false
effect_bundles_localised_title_derpy_chd_ex_hef_offering_derpy_black_lotus	Tribute to Asuryan: Black Lotus	false
effect_bundles_localised_description_derpy_chd_ex_hef_offering_derpy_black_lotus	Melted gold pays for the sort of Elf who arrives before the message does.	false
effect_bundles_localised_title_derpy_chd_ex_hef_offering_derpy_blackpowder	Tribute to Asuryan: Blackpowder	false
effect_bundles_localised_description_derpy_chd_ex_hef_offering_derpy_blackpowder	Tribute rendered early is a levy raised cheaply. The Court remembers which houses were early.	false
effect_bundles_localised_title_derpy_chd_ex_hef_offering_derpy_books	Tribute to Asuryan: Books	false
effect_bundles_localised_description_derpy_chd_ex_hef_offering_derpy_books	Curiosities reach the White Tower, and the White Tower returns something more useful than thanks.	false
effect_bundles_localised_title_derpy_chd_ex_hef_offering_derpy_brass	Tribute to Asuryan: Brass	false
effect_bundles_localised_description_derpy_chd_ex_hef_offering_derpy_brass	The iron goes to the armourers of Lothern and comes back as something a mortal smith would not attempt.	false
effect_bundles_localised_title_derpy_chd_ex_hef_offering_derpy_brimstone	Tribute to Asuryan: Brimstone	false
effect_bundles_localised_description_derpy_chd_ex_hef_offering_derpy_brimstone	Saphery takes the black glass, and the winds run deeper for whoever gave it.	false
effect_bundles_localised_title_derpy_chd_ex_hef_offering_derpy_carpets	Tribute to Asuryan: Arabyan Carpets	false
effect_bundles_localised_description_derpy_chd_ex_hef_offering_derpy_carpets	A house in the Court's regard is a house whose cargo clears the Gate without being weighed twice.	false
effect_bundles_localised_title_derpy_chd_ex_hef_offering_derpy_coal	Tribute to Asuryan: Coal	false
effect_bundles_localised_description_derpy_chd_ex_hef_offering_derpy_coal	Stone pledged in advance is stone at last century's price, and the masons of Chrace keep their word.	false
effect_bundles_localised_title_derpy_chd_ex_hef_offering_derpy_dragon_bone	Tribute to Asuryan: Dragon Bone	false
effect_bundles_localised_description_derpy_chd_ex_hef_offering_derpy_dragon_bone	Melted gold pays for the sort of Elf who arrives before the message does.	false
effect_bundles_localised_title_derpy_chd_ex_hef_offering_derpy_feathers	Tribute to Asuryan: Griffon and Pegasus Feathers	false
effect_bundles_localised_description_derpy_chd_ex_hef_offering_derpy_feathers	Furs for the northern watch, and the columns keep the pace they are famous for.	false
effect_bundles_localised_title_derpy_chd_ex_hef_offering_derpy_glassware	Tribute to Asuryan: Glassware	false
effect_bundles_localised_description_derpy_chd_ex_hef_offering_derpy_glassware	A house in the Court's regard is a house whose cargo clears the Gate without being weighed twice.	false
effect_bundles_localised_title_derpy_chd_ex_hef_offering_derpy_grain	Tribute to Asuryan: Grain	false
effect_bundles_localised_description_derpy_chd_ex_hef_offering_derpy_grain	Medicine reaches the host, and the host is whole again faster than it has any right to be.	false
effect_bundles_localised_title_derpy_chd_ex_hef_offering_derpy_gromril	Tribute to Asuryan: Gromril	false
effect_bundles_localised_description_derpy_chd_ex_hef_offering_derpy_gromril	The iron goes to the armourers of Lothern and comes back as something a mortal smith would not attempt.	false
effect_bundles_localised_title_derpy_chd_ex_hef_offering_derpy_incense	Tribute to Asuryan: Incense	false
effect_bundles_localised_description_derpy_chd_ex_hef_offering_derpy_incense	Saphery takes the black glass, and the winds run deeper for whoever gave it.	false
effect_bundles_localised_title_derpy_chd_ex_hef_offering_derpy_ithilmar	Tribute to Asuryan: Ithilmar	false
effect_bundles_localised_description_derpy_chd_ex_hef_offering_derpy_ithilmar	The iron goes to the armourers of Lothern and comes back as something a mortal smith would not attempt.	false
effect_bundles_localised_title_derpy_chd_ex_hef_offering_derpy_jade	Tribute to Asuryan: Jade	false
effect_bundles_localised_description_derpy_chd_ex_hef_offering_derpy_jade	A house in the Court's regard is a house whose cargo clears the Gate without being weighed twice.	false
effect_bundles_localised_title_derpy_chd_ex_hef_offering_derpy_kvas	Tribute to Asuryan: Kvas	false
effect_bundles_localised_description_derpy_chd_ex_hef_offering_derpy_kvas	The wine goes to the audience hall and the audience goes home satisfied, which is the whole art of it.	false
effect_bundles_localised_title_derpy_chd_ex_hef_offering_derpy_lustrian_plumes	Tribute to Asuryan: Lustrian Plumes	false
effect_bundles_localised_description_derpy_chd_ex_hef_offering_derpy_lustrian_plumes	A house in the Court's regard is a house whose cargo clears the Gate without being weighed twice.	false
effect_bundles_localised_title_derpy_chd_ex_hef_offering_derpy_mead	Tribute to Asuryan: Mead	false
effect_bundles_localised_description_derpy_chd_ex_hef_offering_derpy_mead	The wine goes to the audience hall and the audience goes home satisfied, which is the whole art of it.	false
effect_bundles_localised_title_derpy_chd_ex_hef_offering_derpy_olive_oil	Tribute to Asuryan: Olive Oil	false
effect_bundles_localised_description_derpy_chd_ex_hef_offering_derpy_olive_oil	The wine goes to the audience hall and the audience goes home satisfied, which is the whole art of it.	false
effect_bundles_localised_title_derpy_chd_ex_hef_offering_derpy_pearls	Tribute to Asuryan: Pearls	false
effect_bundles_localised_description_derpy_chd_ex_hef_offering_derpy_pearls	A house in the Court's regard is a house whose cargo clears the Gate without being weighed twice.	false
effect_bundles_localised_title_derpy_chd_ex_hef_offering_derpy_pipeweed	Tribute to Asuryan: Pipeweed	false
effect_bundles_localised_description_derpy_chd_ex_hef_offering_derpy_pipeweed	The wine goes to the audience hall and the audience goes home satisfied, which is the whole art of it.	false
effect_bundles_localised_title_derpy_chd_ex_hef_offering_derpy_porcelain	Tribute to Asuryan: Porcelain	false
effect_bundles_localised_description_derpy_chd_ex_hef_offering_derpy_porcelain	A house in the Court's regard is a house whose cargo clears the Gate without being weighed twice.	false
effect_bundles_localised_title_derpy_chd_ex_hef_offering_derpy_quicksilver	Tribute to Asuryan: Quicksilver	false
effect_bundles_localised_description_derpy_chd_ex_hef_offering_derpy_quicksilver	Curiosities reach the White Tower, and the White Tower returns something more useful than thanks.	false
effect_bundles_localised_title_derpy_chd_ex_hef_offering_derpy_rhinox_hides	Tribute to Asuryan: Rhinox Hides	false
effect_bundles_localised_description_derpy_chd_ex_hef_offering_derpy_rhinox_hides	The iron goes to the armourers of Lothern and comes back as something a mortal smith would not attempt.	false
effect_bundles_localised_title_derpy_chd_ex_hef_offering_derpy_rum	Tribute to Asuryan: Rum	false
effect_bundles_localised_description_derpy_chd_ex_hef_offering_derpy_rum	The wine goes to the audience hall and the audience goes home satisfied, which is the whole art of it.	false
effect_bundles_localised_title_derpy_chd_ex_hef_offering_derpy_salted_fish	Tribute to Asuryan: Salted Fish	false
effect_bundles_localised_description_derpy_chd_ex_hef_offering_derpy_salted_fish	Medicine reaches the host, and the host is whole again faster than it has any right to be.	false
effect_bundles_localised_title_derpy_chd_ex_hef_offering_derpy_salted_meat	Tribute to Asuryan: Salted Meat	false
effect_bundles_localised_description_derpy_chd_ex_hef_offering_derpy_salted_meat	Medicine reaches the host, and the host is whole again faster than it has any right to be.	false
effect_bundles_localised_title_derpy_chd_ex_hef_offering_derpy_sea_dragon_hide	Tribute to Asuryan: Sea Dragon Hide	false
effect_bundles_localised_description_derpy_chd_ex_hef_offering_derpy_sea_dragon_hide	The iron goes to the armourers of Lothern and comes back as something a mortal smith would not attempt.	false
effect_bundles_localised_title_derpy_chd_ex_hef_offering_derpy_silk	Tribute to Asuryan: Silk	false
effect_bundles_localised_description_derpy_chd_ex_hef_offering_derpy_silk	A house in the Court's regard is a house whose cargo clears the Gate without being weighed twice.	false
effect_bundles_localised_title_derpy_chd_ex_hef_offering_derpy_silver	Tribute to Asuryan: Silver	false
effect_bundles_localised_description_derpy_chd_ex_hef_offering_derpy_silver	A house in the Court's regard is a house whose cargo clears the Gate without being weighed twice.	false
effect_bundles_localised_title_derpy_chd_ex_hef_offering_derpy_starwood	Tribute to Asuryan: Starwood	false
effect_bundles_localised_description_derpy_chd_ex_hef_offering_derpy_starwood	Saphery takes the black glass, and the winds run deeper for whoever gave it.	false
effect_bundles_localised_title_derpy_chd_ex_hef_offering_derpy_tea	Tribute to Asuryan: Tea	false
effect_bundles_localised_description_derpy_chd_ex_hef_offering_derpy_tea	The wine goes to the audience hall and the audience goes home satisfied, which is the whole art of it.	false
effect_bundles_localised_title_derpy_chd_ex_hef_offering_derpy_warhorses	Tribute to Asuryan: Warhorses	false
effect_bundles_localised_description_derpy_chd_ex_hef_offering_derpy_warhorses	Furs for the northern watch, and the columns keep the pace they are famous for.	false
effect_bundles_localised_title_derpy_chd_ex_hef_offering_derpy_whale_oil	Tribute to Asuryan: Whale Oil	false
effect_bundles_localised_description_derpy_chd_ex_hef_offering_derpy_whale_oil	The wine goes to the audience hall and the audience goes home satisfied, which is the whole art of it.	false
effect_bundles_localised_title_derpy_chd_ex_hef_offering_derpy_wool	Tribute to Asuryan: Wool	false
effect_bundles_localised_description_derpy_chd_ex_hef_offering_derpy_wool	Furs for the northern watch, and the columns keep the pace they are famous for.	false
effect_bundles_localised_title_derpy_chd_ex_hef_offering_derpy_wyvern_scales	Tribute to Asuryan: Wyvern Scales	false
effect_bundles_localised_description_derpy_chd_ex_hef_offering_derpy_wyvern_scales	The iron goes to the armourers of Lothern and comes back as something a mortal smith would not attempt.	false
effect_bundles_localised_title_derpy_chd_ex_hef_offering_dyes	Tribute to Asuryan: Dyes	false
effect_bundles_localised_description_derpy_chd_ex_hef_offering_dyes	A house in the Court's regard is a house whose cargo clears the Gate without being weighed twice.	false
effect_bundles_localised_title_derpy_chd_ex_hef_offering_gems	Tribute to Asuryan: Gemstones	false
effect_bundles_localised_description_derpy_chd_ex_hef_offering_gems	A house in the Court's regard is a house whose cargo clears the Gate without being weighed twice.	false
effect_bundles_localised_title_derpy_chd_ex_hef_offering_gold_idols	Tribute to Asuryan: Golden Idols	false
effect_bundles_localised_description_derpy_chd_ex_hef_offering_gold_idols	Melted gold pays for the sort of Elf who arrives before the message does.	false
effect_bundles_localised_title_derpy_chd_ex_hef_offering_ivory	Tribute to Asuryan: Tusks	false
effect_bundles_localised_description_derpy_chd_ex_hef_offering_ivory	Curiosities reach the White Tower, and the White Tower returns something more useful than thanks.	false
effect_bundles_localised_title_derpy_chd_ex_hef_offering_medicine	Tribute to Asuryan: Medicinal Plants	false
effect_bundles_localised_description_derpy_chd_ex_hef_offering_medicine	Medicine reaches the host, and the host is whole again faster than it has any right to be.	false
effect_bundles_localised_title_derpy_chd_ex_hef_offering_obsidian	Tribute to Asuryan: Carved Obsidian	false
effect_bundles_localised_description_derpy_chd_ex_hef_offering_obsidian	Saphery takes the black glass, and the winds run deeper for whoever gave it.	false
effect_bundles_localised_title_derpy_chd_ex_hef_offering_rom_furs	Tribute to Asuryan: Furs	false
effect_bundles_localised_description_derpy_chd_ex_hef_offering_rom_furs	Furs for the northern watch, and the columns keep the pace they are famous for.	false
effect_bundles_localised_title_derpy_chd_ex_hef_offering_rom_glass	Tribute to Asuryan: Dwarf Beer	false
effect_bundles_localised_description_derpy_chd_ex_hef_offering_rom_glass	The wine goes to the audience hall and the audience goes home satisfied, which is the whole art of it.	false
effect_bundles_localised_title_derpy_chd_ex_hef_offering_rom_iron	Tribute to Asuryan: Iron	false
effect_bundles_localised_description_derpy_chd_ex_hef_offering_rom_iron	The iron goes to the armourers of Lothern and comes back as something a mortal smith would not attempt.	false
effect_bundles_localised_title_derpy_chd_ex_hef_offering_rom_lead	Tribute to Asuryan: Salt	false
effect_bundles_localised_description_derpy_chd_ex_hef_offering_rom_lead	Medicine reaches the host, and the host is whole again faster than it has any right to be.	false
effect_bundles_localised_title_derpy_chd_ex_hef_offering_rom_marble	Tribute to Asuryan: Marble	false
effect_bundles_localised_description_derpy_chd_ex_hef_offering_rom_marble	Stone pledged in advance is stone at last century's price, and the masons of Chrace keep their word.	false
effect_bundles_localised_title_derpy_chd_ex_hef_offering_rom_textiles	Tribute to Asuryan: Pottery	false
effect_bundles_localised_description_derpy_chd_ex_hef_offering_rom_textiles	Tribute rendered early is a levy raised cheaply. The Court remembers which houses were early.	false
effect_bundles_localised_title_derpy_chd_ex_hef_offering_rom_timber	Tribute to Asuryan: Timber	false
effect_bundles_localised_description_derpy_chd_ex_hef_offering_rom_timber	Stone pledged in advance is stone at last century's price, and the masons of Chrace keep their word.	false
effect_bundles_localised_title_derpy_chd_ex_hef_offering_rom_wine	Tribute to Asuryan: Wine	false
effect_bundles_localised_description_derpy_chd_ex_hef_offering_rom_wine	The wine goes to the audience hall and the audience goes home satisfied, which is the whole art of it.	false
effect_bundles_localised_title_derpy_chd_ex_hef_offering_spices	Tribute to Asuryan: Spices	false
effect_bundles_localised_description_derpy_chd_ex_hef_offering_spices	The wine goes to the audience hall and the audience goes home satisfied, which is the whole art of it.	false
effect_bundles_localised_title_derpy_chd_ex_hef_offering_trinkets	Tribute to Asuryan: Elven Trinkets	false
effect_bundles_localised_description_derpy_chd_ex_hef_offering_trinkets	A house in the Court's regard is a house whose cargo clears the Gate without being weighed twice.	false
effect_bundles_localised_title_derpy_chd_ex_hef_phoenix_pleased	Well Regarded	false
effect_bundles_localised_description_derpy_chd_ex_hef_phoenix_pleased	The tribute was rendered in full and on the day named. The Court has said so once, in public, which is a great deal.	false
effect_bundles_localised_title_derpy_chd_ex_hef_phoenix_wrath	Noted at Court	false
effect_bundles_localised_description_derpy_chd_ex_hef_phoenix_wrath	The request was not met, and the omission was noticed by people whose noticing carries. Nobody has said anything. Nobody will need to.	false
effect_bundles_localised_title_derpy_chd_ex_skv_offering_animals	Tribute to the Council: Exotic Animals	false
effect_bundles_localised_description_derpy_chd_ex_skv_offering_animals	The feast goes to the warren and the squeaking stops for a while.	false
effect_bundles_localised_title_derpy_chd_ex_skv_offering_derpy_amber	Tribute to the Council: Amber	false
effect_bundles_localised_description_derpy_chd_ex_skv_offering_derpy_amber	A clan that pays promptly is a clan that is robbed last.	false
effect_bundles_localised_title_derpy_chd_ex_skv_offering_derpy_black_lotus	Tribute to the Council: Black Lotus	false
effect_bundles_localised_description_derpy_chd_ex_skv_offering_derpy_black_lotus	Melted gold buys the sort of underling who arrives unannounced.	false
effect_bundles_localised_title_derpy_chd_ex_skv_offering_derpy_blackpowder	Tribute to the Council: Blackpowder	false
effect_bundles_localised_description_derpy_chd_ex_skv_offering_derpy_blackpowder	Tribute paid up front buys clanrats at the lower rate.	false
effect_bundles_localised_title_derpy_chd_ex_skv_offering_derpy_books	Tribute to the Council: Books	false
effect_bundles_localised_description_derpy_chd_ex_skv_offering_derpy_books	Strange goods reach Skryre and something explodes productively.	false
effect_bundles_localised_title_derpy_chd_ex_skv_offering_derpy_brass	Tribute to the Council: Brass	false
effect_bundles_localised_description_derpy_chd_ex_skv_offering_derpy_brass	Skryre takes the iron and returns plate that mostly holds.	false
effect_bundles_localised_title_derpy_chd_ex_skv_offering_derpy_brimstone	Tribute to the Council: Brimstone	false
effect_bundles_localised_description_derpy_chd_ex_skv_offering_derpy_brimstone	Burnt black glass, and the Seers see further than is good for anyone.	false
effect_bundles_localised_title_derpy_chd_ex_skv_offering_derpy_carpets	Tribute to the Council: Arabyan Carpets	false
effect_bundles_localised_description_derpy_chd_ex_skv_offering_derpy_carpets	A clan that pays promptly is a clan that is robbed last.	false
effect_bundles_localised_title_derpy_chd_ex_skv_offering_derpy_coal	Tribute to the Council: Coal	false
effect_bundles_localised_description_derpy_chd_ex_skv_offering_derpy_coal	Materials surrendered are materials not stolen twice, and the digging goes cheaper.	false
effect_bundles_localised_title_derpy_chd_ex_skv_offering_derpy_dragon_bone	Tribute to the Council: Dragon Bone	false
effect_bundles_localised_description_derpy_chd_ex_skv_offering_derpy_dragon_bone	Melted gold buys the sort of underling who arrives unannounced.	false
effect_bundles_localised_title_derpy_chd_ex_skv_offering_derpy_feathers	Tribute to the Council: Griffon and Pegasus Feathers	false
effect_bundles_localised_description_derpy_chd_ex_skv_offering_derpy_feathers	Furs for the deep tunnels, and the columns run further.	false
effect_bundles_localised_title_derpy_chd_ex_skv_offering_derpy_glassware	Tribute to the Council: Glassware	false
effect_bundles_localised_description_derpy_chd_ex_skv_offering_derpy_glassware	A clan that pays promptly is a clan that is robbed last.	false
effect_bundles_localised_title_derpy_chd_ex_skv_offering_derpy_grain	Tribute to the Council: Grain	false
effect_bundles_localised_description_derpy_chd_ex_skv_offering_derpy_grain	The Council releases the breeding quotas and the swarm refills.	false
effect_bundles_localised_title_derpy_chd_ex_skv_offering_derpy_gromril	Tribute to the Council: Gromril	false
effect_bundles_localised_description_derpy_chd_ex_skv_offering_derpy_gromril	Skryre takes the iron and returns plate that mostly holds.	false
effect_bundles_localised_title_derpy_chd_ex_skv_offering_derpy_incense	Tribute to the Council: Incense	false
effect_bundles_localised_description_derpy_chd_ex_skv_offering_derpy_incense	Burnt black glass, and the Seers see further than is good for anyone.	false
effect_bundles_localised_title_derpy_chd_ex_skv_offering_derpy_ithilmar	Tribute to the Council: Ithilmar	false
effect_bundles_localised_description_derpy_chd_ex_skv_offering_derpy_ithilmar	Skryre takes the iron and returns plate that mostly holds.	false
effect_bundles_localised_title_derpy_chd_ex_skv_offering_derpy_jade	Tribute to the Council: Jade	false
effect_bundles_localised_description_derpy_chd_ex_skv_offering_derpy_jade	A clan that pays promptly is a clan that is robbed last.	false
effect_bundles_localised_title_derpy_chd_ex_skv_offering_derpy_kvas	Tribute to the Council: Kvas	false
effect_bundles_localised_description_derpy_chd_ex_skv_offering_derpy_kvas	The feast goes to the warren and the squeaking stops for a while.	false
effect_bundles_localised_title_derpy_chd_ex_skv_offering_derpy_lustrian_plumes	Tribute to the Council: Lustrian Plumes	false
effect_bundles_localised_description_derpy_chd_ex_skv_offering_derpy_lustrian_plumes	A clan that pays promptly is a clan that is robbed last.	false
effect_bundles_localised_title_derpy_chd_ex_skv_offering_derpy_mead	Tribute to the Council: Mead	false
effect_bundles_localised_description_derpy_chd_ex_skv_offering_derpy_mead	The feast goes to the warren and the squeaking stops for a while.	false
effect_bundles_localised_title_derpy_chd_ex_skv_offering_derpy_olive_oil	Tribute to the Council: Olive Oil	false
effect_bundles_localised_description_derpy_chd_ex_skv_offering_derpy_olive_oil	The feast goes to the warren and the squeaking stops for a while.	false
effect_bundles_localised_title_derpy_chd_ex_skv_offering_derpy_pearls	Tribute to the Council: Pearls	false
effect_bundles_localised_description_derpy_chd_ex_skv_offering_derpy_pearls	A clan that pays promptly is a clan that is robbed last.	false
effect_bundles_localised_title_derpy_chd_ex_skv_offering_derpy_pipeweed	Tribute to the Council: Pipeweed	false
effect_bundles_localised_description_derpy_chd_ex_skv_offering_derpy_pipeweed	The feast goes to the warren and the squeaking stops for a while.	false
effect_bundles_localised_title_derpy_chd_ex_skv_offering_derpy_porcelain	Tribute to the Council: Porcelain	false
effect_bundles_localised_description_derpy_chd_ex_skv_offering_derpy_porcelain	A clan that pays promptly is a clan that is robbed last.	false
effect_bundles_localised_title_derpy_chd_ex_skv_offering_derpy_quicksilver	Tribute to the Council: Quicksilver	false
effect_bundles_localised_description_derpy_chd_ex_skv_offering_derpy_quicksilver	Strange goods reach Skryre and something explodes productively.	false
effect_bundles_localised_title_derpy_chd_ex_skv_offering_derpy_rhinox_hides	Tribute to the Council: Rhinox Hides	false
effect_bundles_localised_description_derpy_chd_ex_skv_offering_derpy_rhinox_hides	Skryre takes the iron and returns plate that mostly holds.	false
effect_bundles_localised_title_derpy_chd_ex_skv_offering_derpy_rum	Tribute to the Council: Rum	false
effect_bundles_localised_description_derpy_chd_ex_skv_offering_derpy_rum	The feast goes to the warren and the squeaking stops for a while.	false
effect_bundles_localised_title_derpy_chd_ex_skv_offering_derpy_salted_fish	Tribute to the Council: Salted Fish	false
effect_bundles_localised_description_derpy_chd_ex_skv_offering_derpy_salted_fish	The Council releases the breeding quotas and the swarm refills.	false
effect_bundles_localised_title_derpy_chd_ex_skv_offering_derpy_salted_meat	Tribute to the Council: Salted Meat	false
effect_bundles_localised_description_derpy_chd_ex_skv_offering_derpy_salted_meat	The Council releases the breeding quotas and the swarm refills.	false
effect_bundles_localised_title_derpy_chd_ex_skv_offering_derpy_sea_dragon_hide	Tribute to the Council: Sea Dragon Hide	false
effect_bundles_localised_description_derpy_chd_ex_skv_offering_derpy_sea_dragon_hide	Skryre takes the iron and returns plate that mostly holds.	false
effect_bundles_localised_title_derpy_chd_ex_skv_offering_derpy_silk	Tribute to the Council: Silk	false
effect_bundles_localised_description_derpy_chd_ex_skv_offering_derpy_silk	A clan that pays promptly is a clan that is robbed last.	false
effect_bundles_localised_title_derpy_chd_ex_skv_offering_derpy_silver	Tribute to the Council: Silver	false
effect_bundles_localised_description_derpy_chd_ex_skv_offering_derpy_silver	A clan that pays promptly is a clan that is robbed last.	false
effect_bundles_localised_title_derpy_chd_ex_skv_offering_derpy_starwood	Tribute to the Council: Starwood	false
effect_bundles_localised_description_derpy_chd_ex_skv_offering_derpy_starwood	Burnt black glass, and the Seers see further than is good for anyone.	false
effect_bundles_localised_title_derpy_chd_ex_skv_offering_derpy_tea	Tribute to the Council: Tea	false
effect_bundles_localised_description_derpy_chd_ex_skv_offering_derpy_tea	The feast goes to the warren and the squeaking stops for a while.	false
effect_bundles_localised_title_derpy_chd_ex_skv_offering_derpy_warhorses	Tribute to the Council: Warhorses	false
effect_bundles_localised_description_derpy_chd_ex_skv_offering_derpy_warhorses	Furs for the deep tunnels, and the columns run further.	false
effect_bundles_localised_title_derpy_chd_ex_skv_offering_derpy_whale_oil	Tribute to the Council: Whale Oil	false
effect_bundles_localised_description_derpy_chd_ex_skv_offering_derpy_whale_oil	The feast goes to the warren and the squeaking stops for a while.	false
effect_bundles_localised_title_derpy_chd_ex_skv_offering_derpy_wool	Tribute to the Council: Wool	false
effect_bundles_localised_description_derpy_chd_ex_skv_offering_derpy_wool	Furs for the deep tunnels, and the columns run further.	false
effect_bundles_localised_title_derpy_chd_ex_skv_offering_derpy_wyvern_scales	Tribute to the Council: Wyvern Scales	false
effect_bundles_localised_description_derpy_chd_ex_skv_offering_derpy_wyvern_scales	Skryre takes the iron and returns plate that mostly holds.	false
effect_bundles_localised_title_derpy_chd_ex_skv_offering_dyes	Tribute to the Council: Dyes	false
effect_bundles_localised_description_derpy_chd_ex_skv_offering_dyes	A clan that pays promptly is a clan that is robbed last.	false
effect_bundles_localised_title_derpy_chd_ex_skv_offering_gems	Tribute to the Council: Gemstones	false
effect_bundles_localised_description_derpy_chd_ex_skv_offering_gems	A clan that pays promptly is a clan that is robbed last.	false
effect_bundles_localised_title_derpy_chd_ex_skv_offering_gold_idols	Tribute to the Council: Golden Idols	false
effect_bundles_localised_description_derpy_chd_ex_skv_offering_gold_idols	Melted gold buys the sort of underling who arrives unannounced.	false
effect_bundles_localised_title_derpy_chd_ex_skv_offering_ivory	Tribute to the Council: Tusks	false
effect_bundles_localised_description_derpy_chd_ex_skv_offering_ivory	Strange goods reach Skryre and something explodes productively.	false
effect_bundles_localised_title_derpy_chd_ex_skv_offering_medicine	Tribute to the Council: Medicinal Plants	false
effect_bundles_localised_description_derpy_chd_ex_skv_offering_medicine	The Council releases the breeding quotas and the swarm refills.	false
effect_bundles_localised_title_derpy_chd_ex_skv_offering_obsidian	Tribute to the Council: Carved Obsidian	false
effect_bundles_localised_description_derpy_chd_ex_skv_offering_obsidian	Burnt black glass, and the Seers see further than is good for anyone.	false
effect_bundles_localised_title_derpy_chd_ex_skv_offering_rom_furs	Tribute to the Council: Furs	false
effect_bundles_localised_description_derpy_chd_ex_skv_offering_rom_furs	Furs for the deep tunnels, and the columns run further.	false
effect_bundles_localised_title_derpy_chd_ex_skv_offering_rom_glass	Tribute to the Council: Dwarf Beer	false
effect_bundles_localised_description_derpy_chd_ex_skv_offering_rom_glass	The feast goes to the warren and the squeaking stops for a while.	false
effect_bundles_localised_title_derpy_chd_ex_skv_offering_rom_iron	Tribute to the Council: Iron	false
effect_bundles_localised_description_derpy_chd_ex_skv_offering_rom_iron	Skryre takes the iron and returns plate that mostly holds.	false
effect_bundles_localised_title_derpy_chd_ex_skv_offering_rom_lead	Tribute to the Council: Salt	false
effect_bundles_localised_description_derpy_chd_ex_skv_offering_rom_lead	The Council releases the breeding quotas and the swarm refills.	false
effect_bundles_localised_title_derpy_chd_ex_skv_offering_rom_marble	Tribute to the Council: Marble	false
effect_bundles_localised_description_derpy_chd_ex_skv_offering_rom_marble	Materials surrendered are materials not stolen twice, and the digging goes cheaper.	false
effect_bundles_localised_title_derpy_chd_ex_skv_offering_rom_textiles	Tribute to the Council: Pottery	false
effect_bundles_localised_description_derpy_chd_ex_skv_offering_rom_textiles	Tribute paid up front buys clanrats at the lower rate.	false
effect_bundles_localised_title_derpy_chd_ex_skv_offering_rom_timber	Tribute to the Council: Timber	false
effect_bundles_localised_description_derpy_chd_ex_skv_offering_rom_timber	Materials surrendered are materials not stolen twice, and the digging goes cheaper.	false
effect_bundles_localised_title_derpy_chd_ex_skv_offering_rom_wine	Tribute to the Council: Wine	false
effect_bundles_localised_description_derpy_chd_ex_skv_offering_rom_wine	The feast goes to the warren and the squeaking stops for a while.	false
effect_bundles_localised_title_derpy_chd_ex_skv_offering_spices	Tribute to the Council: Spices	false
effect_bundles_localised_description_derpy_chd_ex_skv_offering_spices	The feast goes to the warren and the squeaking stops for a while.	false
effect_bundles_localised_title_derpy_chd_ex_skv_offering_trinkets	Tribute to the Council: Elven Trinkets	false
effect_bundles_localised_description_derpy_chd_ex_skv_offering_trinkets	A clan that pays promptly is a clan that is robbed last.	false
effect_bundles_localised_title_derpy_chd_ex_skv_council_pleased	The Council is Pleased	false
effect_bundles_localised_description_derpy_chd_ex_skv_council_pleased	The tribute arrived whole and on time, which the Council was not expecting and has decided to reward anyway.	false
effect_bundles_localised_title_derpy_chd_ex_skv_council_wrath	Marked by the Council	false
effect_bundles_localised_description_derpy_chd_ex_skv_council_wrath	The tribute did not arrive and thirteen of the wrong sort noticed. Word travels faster underground than anywhere.	false
effect_bundles_localised_title_derpy_chd_ex_offering_animals	Offering to Hashut: Exotic Animals	false
effect_bundles_localised_description_derpy_chd_ex_offering_animals	Beasts screaming on the altar, and the columns come home heavier with slaves.	false
effect_bundles_localised_title_derpy_chd_ex_offering_derpy_amber	Offering to Hashut: Amber	false
effect_bundles_localised_description_derpy_chd_ex_offering_derpy_amber	Treasure fed to the furnace buys favour in every market.	false
effect_bundles_localised_title_derpy_chd_ex_offering_derpy_black_lotus	Offering to Hashut: Black Lotus	false
effect_bundles_localised_description_derpy_chd_ex_offering_derpy_black_lotus	Idols melt on the altar and ambitious men come to the Conclave.	false
effect_bundles_localised_title_derpy_chd_ex_offering_derpy_blackpowder	Offering to Hashut: Blackpowder	false
effect_bundles_localised_description_derpy_chd_ex_offering_derpy_blackpowder	Goods offered up buy conscripts cheaper than gold does.	false
effect_bundles_localised_title_derpy_chd_ex_offering_derpy_books	Offering to Hashut: Books	false
effect_bundles_localised_description_derpy_chd_ex_offering_derpy_books	Burnt tusk and rare ash teach the workshops something new.	false
effect_bundles_localised_title_derpy_chd_ex_offering_derpy_brass	Offering to Hashut: Brass	false
effect_bundles_localised_description_derpy_chd_ex_offering_derpy_brass	Hashut takes the iron and hardens every plate in the host.	false
effect_bundles_localised_title_derpy_chd_ex_offering_derpy_brimstone	Offering to Hashut: Brimstone	false
effect_bundles_localised_description_derpy_chd_ex_offering_derpy_brimstone	The smoke of burnt obsidian opens the Sorcerer-Prophets' sight.	false
effect_bundles_localised_title_derpy_chd_ex_offering_derpy_carpets	Offering to Hashut: Arabyan Carpets	false
effect_bundles_localised_description_derpy_chd_ex_offering_derpy_carpets	Treasure fed to the furnace buys favour in every market.	false
effect_bundles_localised_title_derpy_chd_ex_offering_derpy_coal	Offering to Hashut: Coal	false
effect_bundles_localised_description_derpy_chd_ex_offering_derpy_coal	Timber and stone burn on the altar; the work goes cheaper.	false
effect_bundles_localised_title_derpy_chd_ex_offering_derpy_dragon_bone	Offering to Hashut: Dragon Bone	false
effect_bundles_localised_description_derpy_chd_ex_offering_derpy_dragon_bone	Idols melt on the altar and ambitious men come to the Conclave.	false
effect_bundles_localised_title_derpy_chd_ex_offering_derpy_feathers	Offering to Hashut: Griffon and Pegasus Feathers	false
effect_bundles_localised_description_derpy_chd_ex_offering_derpy_feathers	Furs burn, the Bull God warms the road, and columns march further.	false
effect_bundles_localised_title_derpy_chd_ex_offering_derpy_glassware	Offering to Hashut: Glassware	false
effect_bundles_localised_description_derpy_chd_ex_offering_derpy_glassware	Treasure fed to the furnace buys favour in every market.	false
effect_bundles_localised_title_derpy_chd_ex_offering_derpy_grain	Offering to Hashut: Grain	false
effect_bundles_localised_description_derpy_chd_ex_offering_derpy_grain	Hashut blesses the supply train and the armies fill again.	false
effect_bundles_localised_title_derpy_chd_ex_offering_derpy_gromril	Offering to Hashut: Gromril	false
effect_bundles_localised_description_derpy_chd_ex_offering_derpy_gromril	Hashut takes the iron and hardens every plate in the host.	false
effect_bundles_localised_title_derpy_chd_ex_offering_derpy_incense	Offering to Hashut: Incense	false
effect_bundles_localised_description_derpy_chd_ex_offering_derpy_incense	The smoke of burnt obsidian opens the Sorcerer-Prophets' sight.	false
effect_bundles_localised_title_derpy_chd_ex_offering_derpy_ithilmar	Offering to Hashut: Ithilmar	false
effect_bundles_localised_description_derpy_chd_ex_offering_derpy_ithilmar	Hashut takes the iron and hardens every plate in the host.	false
effect_bundles_localised_title_derpy_chd_ex_offering_derpy_jade	Offering to Hashut: Jade	false
effect_bundles_localised_description_derpy_chd_ex_offering_derpy_jade	Treasure fed to the furnace buys favour in every market.	false
effect_bundles_localised_title_derpy_chd_ex_offering_derpy_kvas	Offering to Hashut: Kvas	false
effect_bundles_localised_description_derpy_chd_ex_offering_derpy_kvas	The feast is given to the flames, and the slaves are quiet.	false
effect_bundles_localised_title_derpy_chd_ex_offering_derpy_lustrian_plumes	Offering to Hashut: Lustrian Plumes	false
effect_bundles_localised_description_derpy_chd_ex_offering_derpy_lustrian_plumes	Treasure fed to the furnace buys favour in every market.	false
effect_bundles_localised_title_derpy_chd_ex_offering_derpy_mead	Offering to Hashut: Mead	false
effect_bundles_localised_description_derpy_chd_ex_offering_derpy_mead	The feast is given to the flames, and the slaves are quiet.	false
effect_bundles_localised_title_derpy_chd_ex_offering_derpy_olive_oil	Offering to Hashut: Olive Oil	false
effect_bundles_localised_description_derpy_chd_ex_offering_derpy_olive_oil	The feast is given to the flames, and the slaves are quiet.	false
effect_bundles_localised_title_derpy_chd_ex_offering_derpy_pearls	Offering to Hashut: Pearls	false
effect_bundles_localised_description_derpy_chd_ex_offering_derpy_pearls	Treasure fed to the furnace buys favour in every market.	false
effect_bundles_localised_title_derpy_chd_ex_offering_derpy_pipeweed	Offering to Hashut: Pipeweed	false
effect_bundles_localised_description_derpy_chd_ex_offering_derpy_pipeweed	The feast is given to the flames, and the slaves are quiet.	false
effect_bundles_localised_title_derpy_chd_ex_offering_derpy_porcelain	Offering to Hashut: Porcelain	false
effect_bundles_localised_description_derpy_chd_ex_offering_derpy_porcelain	Treasure fed to the furnace buys favour in every market.	false
effect_bundles_localised_title_derpy_chd_ex_offering_derpy_quicksilver	Offering to Hashut: Quicksilver	false
effect_bundles_localised_description_derpy_chd_ex_offering_derpy_quicksilver	Burnt tusk and rare ash teach the workshops something new.	false
effect_bundles_localised_title_derpy_chd_ex_offering_derpy_rhinox_hides	Offering to Hashut: Rhinox Hides	false
effect_bundles_localised_description_derpy_chd_ex_offering_derpy_rhinox_hides	Hashut takes the iron and hardens every plate in the host.	false
effect_bundles_localised_title_derpy_chd_ex_offering_derpy_rum	Offering to Hashut: Rum	false
effect_bundles_localised_description_derpy_chd_ex_offering_derpy_rum	The feast is given to the flames, and the slaves are quiet.	false
effect_bundles_localised_title_derpy_chd_ex_offering_derpy_salted_fish	Offering to Hashut: Salted Fish	false
effect_bundles_localised_description_derpy_chd_ex_offering_derpy_salted_fish	Hashut blesses the supply train and the armies fill again.	false
effect_bundles_localised_title_derpy_chd_ex_offering_derpy_salted_meat	Offering to Hashut: Salted Meat	false
effect_bundles_localised_description_derpy_chd_ex_offering_derpy_salted_meat	Hashut blesses the supply train and the armies fill again.	false
effect_bundles_localised_title_derpy_chd_ex_offering_derpy_sea_dragon_hide	Offering to Hashut: Sea Dragon Hide	false
effect_bundles_localised_description_derpy_chd_ex_offering_derpy_sea_dragon_hide	Hashut takes the iron and hardens every plate in the host.	false
effect_bundles_localised_title_derpy_chd_ex_offering_derpy_silk	Offering to Hashut: Silk	false
effect_bundles_localised_description_derpy_chd_ex_offering_derpy_silk	Treasure fed to the furnace buys favour in every market.	false
effect_bundles_localised_title_derpy_chd_ex_offering_derpy_silver	Offering to Hashut: Silver	false
effect_bundles_localised_description_derpy_chd_ex_offering_derpy_silver	Treasure fed to the furnace buys favour in every market.	false
effect_bundles_localised_title_derpy_chd_ex_offering_derpy_starwood	Offering to Hashut: Starwood	false
effect_bundles_localised_description_derpy_chd_ex_offering_derpy_starwood	The smoke of burnt obsidian opens the Sorcerer-Prophets' sight.	false
effect_bundles_localised_title_derpy_chd_ex_offering_derpy_tea	Offering to Hashut: Tea	false
effect_bundles_localised_description_derpy_chd_ex_offering_derpy_tea	The feast is given to the flames, and the slaves are quiet.	false
effect_bundles_localised_title_derpy_chd_ex_offering_derpy_warhorses	Offering to Hashut: Warhorses	false
effect_bundles_localised_description_derpy_chd_ex_offering_derpy_warhorses	Furs burn, the Bull God warms the road, and columns march further.	false
effect_bundles_localised_title_derpy_chd_ex_offering_derpy_whale_oil	Offering to Hashut: Whale Oil	false
effect_bundles_localised_description_derpy_chd_ex_offering_derpy_whale_oil	The feast is given to the flames, and the slaves are quiet.	false
effect_bundles_localised_title_derpy_chd_ex_offering_derpy_wool	Offering to Hashut: Wool	false
effect_bundles_localised_description_derpy_chd_ex_offering_derpy_wool	Furs burn, the Bull God warms the road, and columns march further.	false
effect_bundles_localised_title_derpy_chd_ex_offering_derpy_wyvern_scales	Offering to Hashut: Wyvern Scales	false
effect_bundles_localised_description_derpy_chd_ex_offering_derpy_wyvern_scales	Hashut takes the iron and hardens every plate in the host.	false
effect_bundles_localised_title_derpy_chd_ex_offering_dyes	Offering to Hashut: Dyes	false
effect_bundles_localised_description_derpy_chd_ex_offering_dyes	Treasure fed to the furnace buys favour in every market.	false
effect_bundles_localised_title_derpy_chd_ex_offering_gems	Offering to Hashut: Gemstones	false
effect_bundles_localised_description_derpy_chd_ex_offering_gems	Treasure fed to the furnace buys favour in every market.	false
effect_bundles_localised_title_derpy_chd_ex_offering_gold_idols	Offering to Hashut: Golden Idols	false
effect_bundles_localised_description_derpy_chd_ex_offering_gold_idols	Idols melt on the altar and ambitious men come to the Conclave.	false
effect_bundles_localised_title_derpy_chd_ex_offering_ivory	Offering to Hashut: Tusks	false
effect_bundles_localised_description_derpy_chd_ex_offering_ivory	Burnt tusk and rare ash teach the workshops something new.	false
effect_bundles_localised_title_derpy_chd_ex_offering_medicine	Offering to Hashut: Medicinal Plants	false
effect_bundles_localised_description_derpy_chd_ex_offering_medicine	Hashut blesses the supply train and the armies fill again.	false
effect_bundles_localised_title_derpy_chd_ex_offering_obsidian	Offering to Hashut: Carved Obsidian	false
effect_bundles_localised_description_derpy_chd_ex_offering_obsidian	The smoke of burnt obsidian opens the Sorcerer-Prophets' sight.	false
effect_bundles_localised_title_derpy_chd_ex_offering_rom_furs	Offering to Hashut: Furs	false
effect_bundles_localised_description_derpy_chd_ex_offering_rom_furs	Furs burn, the Bull God warms the road, and columns march further.	false
effect_bundles_localised_title_derpy_chd_ex_offering_rom_glass	Offering to Hashut: Dwarf Beer	false
effect_bundles_localised_description_derpy_chd_ex_offering_rom_glass	The feast is given to the flames, and the slaves are quiet.	false
effect_bundles_localised_title_derpy_chd_ex_offering_rom_iron	Offering to Hashut: Iron	false
effect_bundles_localised_description_derpy_chd_ex_offering_rom_iron	Hashut takes the iron and hardens every plate in the host.	false
effect_bundles_localised_title_derpy_chd_ex_offering_rom_lead	Offering to Hashut: Salt	false
effect_bundles_localised_description_derpy_chd_ex_offering_rom_lead	Hashut blesses the supply train and the armies fill again.	false
effect_bundles_localised_title_derpy_chd_ex_offering_rom_marble	Offering to Hashut: Marble	false
effect_bundles_localised_description_derpy_chd_ex_offering_rom_marble	Timber and stone burn on the altar; the work goes cheaper.	false
effect_bundles_localised_title_derpy_chd_ex_offering_rom_textiles	Offering to Hashut: Pottery	false
effect_bundles_localised_description_derpy_chd_ex_offering_rom_textiles	Goods offered up buy conscripts cheaper than gold does.	false
effect_bundles_localised_title_derpy_chd_ex_offering_rom_timber	Offering to Hashut: Timber	false
effect_bundles_localised_description_derpy_chd_ex_offering_rom_timber	Timber and stone burn on the altar; the work goes cheaper.	false
effect_bundles_localised_title_derpy_chd_ex_offering_rom_wine	Offering to Hashut: Wine	false
effect_bundles_localised_description_derpy_chd_ex_offering_rom_wine	The feast is given to the flames, and the slaves are quiet.	false
effect_bundles_localised_title_derpy_chd_ex_offering_spices	Offering to Hashut: Spices	false
effect_bundles_localised_description_derpy_chd_ex_offering_spices	The feast is given to the flames, and the slaves are quiet.	false
effect_bundles_localised_title_derpy_chd_ex_offering_trinkets	Offering to Hashut: Elven Trinkets	false
effect_bundles_localised_description_derpy_chd_ex_offering_trinkets	Treasure fed to the furnace buys favour in every market.	false
effect_bundles_localised_title_derpy_chd_ex_hashut_pleased	Hashut is Pleased	false
effect_bundles_localised_description_derpy_chd_ex_hashut_pleased	The tithe was paid in full and on the day it was asked. Word of that travels too.	false
effect_bundles_localised_title_derpy_chd_ex_hashut_wrath	Hashut's Displeasure	false
effect_bundles_localised_description_derpy_chd_ex_hashut_wrath	The altar went cold and the priests said why. Word travels faster than any order you can give.	false
effect_bundles_localised_title_derpy_chd_ex_cth_offering_animals	Levied by the Court: Exotic Animals	false
effect_bundles_localised_description_derpy_chd_ex_cth_offering_animals	The banquet is given to the province and harmony is restored.	false
effect_bundles_localised_title_derpy_chd_ex_cth_offering_derpy_amber	Levied by the Court: Amber	false
effect_bundles_localised_description_derpy_chd_ex_cth_offering_derpy_amber	A compliant house receives a favourable schedule. This is not a bribe; it is filing.	false
effect_bundles_localised_title_derpy_chd_ex_cth_offering_derpy_black_lotus	Levied by the Court: Black Lotus	false
effect_bundles_localised_description_derpy_chd_ex_cth_offering_derpy_black_lotus	Melted idols fund appointments, and appointments are how the Court moves.	false
effect_bundles_localised_title_derpy_chd_ex_cth_offering_derpy_blackpowder	Levied by the Court: Blackpowder	false
effect_bundles_localised_description_derpy_chd_ex_cth_offering_derpy_blackpowder	Levies raised under seal cost the treasury less.	false
effect_bundles_localised_title_derpy_chd_ex_cth_offering_derpy_books	Levied by the Court: Books	false
effect_bundles_localised_description_derpy_chd_ex_cth_offering_derpy_books	Curiosities reach the Celestial archives and are catalogued, which is how Cathay learns.	false
effect_bundles_localised_title_derpy_chd_ex_cth_offering_derpy_brass	Levied by the Court: Brass	false
effect_bundles_localised_description_derpy_chd_ex_cth_offering_derpy_brass	The Ministry of Works receives its iron and every lamellar plate is inspected and passed.	false
effect_bundles_localised_title_derpy_chd_ex_cth_offering_derpy_brimstone	Levied by the Court: Brimstone	false
effect_bundles_localised_description_derpy_chd_ex_cth_offering_derpy_brimstone	Correct offerings at the correct hour; the winds answer on schedule.	false
effect_bundles_localised_title_derpy_chd_ex_cth_offering_derpy_carpets	Levied by the Court: Arabyan Carpets	false
effect_bundles_localised_description_derpy_chd_ex_cth_offering_derpy_carpets	A compliant house receives a favourable schedule. This is not a bribe; it is filing.	false
effect_bundles_localised_title_derpy_chd_ex_cth_offering_derpy_coal	Levied by the Court: Coal	false
effect_bundles_localised_description_derpy_chd_ex_cth_offering_derpy_coal	Materials correctly surrendered are materials correctly reissued, at a discount.	false
effect_bundles_localised_title_derpy_chd_ex_cth_offering_derpy_dragon_bone	Levied by the Court: Dragon Bone	false
effect_bundles_localised_description_derpy_chd_ex_cth_offering_derpy_dragon_bone	Melted idols fund appointments, and appointments are how the Court moves.	false
effect_bundles_localised_title_derpy_chd_ex_cth_offering_derpy_feathers	Levied by the Court: Griffon and Pegasus Feathers	false
effect_bundles_localised_description_derpy_chd_ex_cth_offering_derpy_feathers	Furs for the northern roads, and the caravans keep pace.	false
effect_bundles_localised_title_derpy_chd_ex_cth_offering_derpy_glassware	Levied by the Court: Glassware	false
effect_bundles_localised_description_derpy_chd_ex_cth_offering_derpy_glassware	A compliant house receives a favourable schedule. This is not a bribe; it is filing.	false
effect_bundles_localised_title_derpy_chd_ex_cth_offering_derpy_grain	Levied by the Court: Grain	false
effect_bundles_localised_description_derpy_chd_ex_cth_offering_derpy_grain	The requisition clears and the garrisons are made whole.	false
effect_bundles_localised_title_derpy_chd_ex_cth_offering_derpy_gromril	Levied by the Court: Gromril	false
effect_bundles_localised_description_derpy_chd_ex_cth_offering_derpy_gromril	The Ministry of Works receives its iron and every lamellar plate is inspected and passed.	false
effect_bundles_localised_title_derpy_chd_ex_cth_offering_derpy_incense	Levied by the Court: Incense	false
effect_bundles_localised_description_derpy_chd_ex_cth_offering_derpy_incense	Correct offerings at the correct hour; the winds answer on schedule.	false
effect_bundles_localised_title_derpy_chd_ex_cth_offering_derpy_ithilmar	Levied by the Court: Ithilmar	false
effect_bundles_localised_description_derpy_chd_ex_cth_offering_derpy_ithilmar	The Ministry of Works receives its iron and every lamellar plate is inspected and passed.	false
effect_bundles_localised_title_derpy_chd_ex_cth_offering_derpy_jade	Levied by the Court: Jade	false
effect_bundles_localised_description_derpy_chd_ex_cth_offering_derpy_jade	A compliant house receives a favourable schedule. This is not a bribe; it is filing.	false
effect_bundles_localised_title_derpy_chd_ex_cth_offering_derpy_kvas	Levied by the Court: Kvas	false
effect_bundles_localised_description_derpy_chd_ex_cth_offering_derpy_kvas	The banquet is given to the province and harmony is restored.	false
effect_bundles_localised_title_derpy_chd_ex_cth_offering_derpy_lustrian_plumes	Levied by the Court: Lustrian Plumes	false
effect_bundles_localised_description_derpy_chd_ex_cth_offering_derpy_lustrian_plumes	A compliant house receives a favourable schedule. This is not a bribe; it is filing.	false
effect_bundles_localised_title_derpy_chd_ex_cth_offering_derpy_mead	Levied by the Court: Mead	false
effect_bundles_localised_description_derpy_chd_ex_cth_offering_derpy_mead	The banquet is given to the province and harmony is restored.	false
effect_bundles_localised_title_derpy_chd_ex_cth_offering_derpy_olive_oil	Levied by the Court: Olive Oil	false
effect_bundles_localised_description_derpy_chd_ex_cth_offering_derpy_olive_oil	The banquet is given to the province and harmony is restored.	false
effect_bundles_localised_title_derpy_chd_ex_cth_offering_derpy_pearls	Levied by the Court: Pearls	false
effect_bundles_localised_description_derpy_chd_ex_cth_offering_derpy_pearls	A compliant house receives a favourable schedule. This is not a bribe; it is filing.	false
effect_bundles_localised_title_derpy_chd_ex_cth_offering_derpy_pipeweed	Levied by the Court: Pipeweed	false
effect_bundles_localised_description_derpy_chd_ex_cth_offering_derpy_pipeweed	The banquet is given to the province and harmony is restored.	false
effect_bundles_localised_title_derpy_chd_ex_cth_offering_derpy_porcelain	Levied by the Court: Porcelain	false
effect_bundles_localised_description_derpy_chd_ex_cth_offering_derpy_porcelain	A compliant house receives a favourable schedule. This is not a bribe; it is filing.	false
effect_bundles_localised_title_derpy_chd_ex_cth_offering_derpy_quicksilver	Levied by the Court: Quicksilver	false
effect_bundles_localised_description_derpy_chd_ex_cth_offering_derpy_quicksilver	Curiosities reach the Celestial archives and are catalogued, which is how Cathay learns.	false
effect_bundles_localised_title_derpy_chd_ex_cth_offering_derpy_rhinox_hides	Levied by the Court: Rhinox Hides	false
effect_bundles_localised_description_derpy_chd_ex_cth_offering_derpy_rhinox_hides	The Ministry of Works receives its iron and every lamellar plate is inspected and passed.	false
effect_bundles_localised_title_derpy_chd_ex_cth_offering_derpy_rum	Levied by the Court: Rum	false
effect_bundles_localised_description_derpy_chd_ex_cth_offering_derpy_rum	The banquet is given to the province and harmony is restored.	false
effect_bundles_localised_title_derpy_chd_ex_cth_offering_derpy_salted_fish	Levied by the Court: Salted Fish	false
effect_bundles_localised_description_derpy_chd_ex_cth_offering_derpy_salted_fish	The requisition clears and the garrisons are made whole.	false
effect_bundles_localised_title_derpy_chd_ex_cth_offering_derpy_salted_meat	Levied by the Court: Salted Meat	false
effect_bundles_localised_description_derpy_chd_ex_cth_offering_derpy_salted_meat	The requisition clears and the garrisons are made whole.	false
effect_bundles_localised_title_derpy_chd_ex_cth_offering_derpy_sea_dragon_hide	Levied by the Court: Sea Dragon Hide	false
effect_bundles_localised_description_derpy_chd_ex_cth_offering_derpy_sea_dragon_hide	The Ministry of Works receives its iron and every lamellar plate is inspected and passed.	false
effect_bundles_localised_title_derpy_chd_ex_cth_offering_derpy_silk	Levied by the Court: Silk	false
effect_bundles_localised_description_derpy_chd_ex_cth_offering_derpy_silk	A compliant house receives a favourable schedule. This is not a bribe; it is filing.	false
effect_bundles_localised_title_derpy_chd_ex_cth_offering_derpy_silver	Levied by the Court: Silver	false
effect_bundles_localised_description_derpy_chd_ex_cth_offering_derpy_silver	A compliant house receives a favourable schedule. This is not a bribe; it is filing.	false
effect_bundles_localised_title_derpy_chd_ex_cth_offering_derpy_starwood	Levied by the Court: Starwood	false
effect_bundles_localised_description_derpy_chd_ex_cth_offering_derpy_starwood	Correct offerings at the correct hour; the winds answer on schedule.	false
effect_bundles_localised_title_derpy_chd_ex_cth_offering_derpy_tea	Levied by the Court: Tea	false
effect_bundles_localised_description_derpy_chd_ex_cth_offering_derpy_tea	The banquet is given to the province and harmony is restored.	false
effect_bundles_localised_title_derpy_chd_ex_cth_offering_derpy_warhorses	Levied by the Court: Warhorses	false
effect_bundles_localised_description_derpy_chd_ex_cth_offering_derpy_warhorses	Furs for the northern roads, and the caravans keep pace.	false
effect_bundles_localised_title_derpy_chd_ex_cth_offering_derpy_whale_oil	Levied by the Court: Whale Oil	false
effect_bundles_localised_description_derpy_chd_ex_cth_offering_derpy_whale_oil	The banquet is given to the province and harmony is restored.	false
effect_bundles_localised_title_derpy_chd_ex_cth_offering_derpy_wool	Levied by the Court: Wool	false
effect_bundles_localised_description_derpy_chd_ex_cth_offering_derpy_wool	Furs for the northern roads, and the caravans keep pace.	false
effect_bundles_localised_title_derpy_chd_ex_cth_offering_derpy_wyvern_scales	Levied by the Court: Wyvern Scales	false
effect_bundles_localised_description_derpy_chd_ex_cth_offering_derpy_wyvern_scales	The Ministry of Works receives its iron and every lamellar plate is inspected and passed.	false
effect_bundles_localised_title_derpy_chd_ex_cth_offering_dyes	Levied by the Court: Dyes	false
effect_bundles_localised_description_derpy_chd_ex_cth_offering_dyes	A compliant house receives a favourable schedule. This is not a bribe; it is filing.	false
effect_bundles_localised_title_derpy_chd_ex_cth_offering_gems	Levied by the Court: Gemstones	false
effect_bundles_localised_description_derpy_chd_ex_cth_offering_gems	A compliant house receives a favourable schedule. This is not a bribe; it is filing.	false
effect_bundles_localised_title_derpy_chd_ex_cth_offering_gold_idols	Levied by the Court: Golden Idols	false
effect_bundles_localised_description_derpy_chd_ex_cth_offering_gold_idols	Melted idols fund appointments, and appointments are how the Court moves.	false
effect_bundles_localised_title_derpy_chd_ex_cth_offering_ivory	Levied by the Court: Tusks	false
effect_bundles_localised_description_derpy_chd_ex_cth_offering_ivory	Curiosities reach the Celestial archives and are catalogued, which is how Cathay learns.	false
effect_bundles_localised_title_derpy_chd_ex_cth_offering_medicine	Levied by the Court: Medicinal Plants	false
effect_bundles_localised_description_derpy_chd_ex_cth_offering_medicine	The requisition clears and the garrisons are made whole.	false
effect_bundles_localised_title_derpy_chd_ex_cth_offering_obsidian	Levied by the Court: Carved Obsidian	false
effect_bundles_localised_description_derpy_chd_ex_cth_offering_obsidian	Correct offerings at the correct hour; the winds answer on schedule.	false
effect_bundles_localised_title_derpy_chd_ex_cth_offering_rom_furs	Levied by the Court: Furs	false
effect_bundles_localised_description_derpy_chd_ex_cth_offering_rom_furs	Furs for the northern roads, and the caravans keep pace.	false
effect_bundles_localised_title_derpy_chd_ex_cth_offering_rom_glass	Levied by the Court: Dwarf Beer	false
effect_bundles_localised_description_derpy_chd_ex_cth_offering_rom_glass	The banquet is given to the province and harmony is restored.	false
effect_bundles_localised_title_derpy_chd_ex_cth_offering_rom_iron	Levied by the Court: Iron	false
effect_bundles_localised_description_derpy_chd_ex_cth_offering_rom_iron	The Ministry of Works receives its iron and every lamellar plate is inspected and passed.	false
effect_bundles_localised_title_derpy_chd_ex_cth_offering_rom_lead	Levied by the Court: Salt	false
effect_bundles_localised_description_derpy_chd_ex_cth_offering_rom_lead	The requisition clears and the garrisons are made whole.	false
effect_bundles_localised_title_derpy_chd_ex_cth_offering_rom_marble	Levied by the Court: Marble	false
effect_bundles_localised_description_derpy_chd_ex_cth_offering_rom_marble	Materials correctly surrendered are materials correctly reissued, at a discount.	false
effect_bundles_localised_title_derpy_chd_ex_cth_offering_rom_textiles	Levied by the Court: Pottery	false
effect_bundles_localised_description_derpy_chd_ex_cth_offering_rom_textiles	Levies raised under seal cost the treasury less.	false
effect_bundles_localised_title_derpy_chd_ex_cth_offering_rom_timber	Levied by the Court: Timber	false
effect_bundles_localised_description_derpy_chd_ex_cth_offering_rom_timber	Materials correctly surrendered are materials correctly reissued, at a discount.	false
effect_bundles_localised_title_derpy_chd_ex_cth_offering_rom_wine	Levied by the Court: Wine	false
effect_bundles_localised_description_derpy_chd_ex_cth_offering_rom_wine	The banquet is given to the province and harmony is restored.	false
effect_bundles_localised_title_derpy_chd_ex_cth_offering_spices	Levied by the Court: Spices	false
effect_bundles_localised_description_derpy_chd_ex_cth_offering_spices	The banquet is given to the province and harmony is restored.	false
effect_bundles_localised_title_derpy_chd_ex_cth_offering_trinkets	Levied by the Court: Elven Trinkets	false
effect_bundles_localised_description_derpy_chd_ex_cth_offering_trinkets	A compliant house receives a favourable schedule. This is not a bribe; it is filing.	false
effect_bundles_localised_title_derpy_chd_ex_cth_court_pleased	Correctly Filed	false
effect_bundles_localised_description_derpy_chd_ex_cth_court_pleased	The levy was surrendered in full and on the day named. The record says so, and the record is what matters.	false
effect_bundles_localised_title_derpy_chd_ex_cth_court_wrath	Found Out of Harmony	false
effect_bundles_localised_description_derpy_chd_ex_cth_court_wrath	The assessment lapsed and the lapse was filed. A file of that kind is copied to more offices than you have dealings with.	false
effect_bundles_localised_title_derpy_chd_ex_dwf_offering_animals	Offered to Grungni: Exotic Animals	false
effect_bundles_localised_description_derpy_chd_ex_dwf_offering_animals	The barrels go round the galleries and the grumbling drops to its usual level.	false
effect_bundles_localised_title_derpy_chd_ex_dwf_offering_derpy_amber	Offered to Grungni: Amber	false
effect_bundles_localised_description_derpy_chd_ex_dwf_offering_derpy_amber	A hold in good standing with the Guild is a hold whose caravans are not weighed twice.	false
effect_bundles_localised_title_derpy_chd_ex_dwf_offering_derpy_black_lotus	Offered to Grungni: Black Lotus	false
effect_bundles_localised_description_derpy_chd_ex_dwf_offering_derpy_black_lotus	Melted idols pay the sort of Dwarf who travels alone and reports back in person.	false
effect_bundles_localised_title_derpy_chd_ex_dwf_offering_derpy_blackpowder	Offered to Grungni: Blackpowder	false
effect_bundles_localised_description_derpy_chd_ex_dwf_offering_derpy_blackpowder	Goods pledged up front buy a muster at last decade's rate, which the Guild considers generous.	false
effect_bundles_localised_title_derpy_chd_ex_dwf_offering_derpy_books	Offered to Grungni: Books	false
effect_bundles_localised_description_derpy_chd_ex_dwf_offering_derpy_books	The apprentices get the tusk and the engineers get three ideas out of what is left.	false
effect_bundles_localised_title_derpy_chd_ex_dwf_offering_derpy_brass	Offered to Grungni: Brass	false
effect_bundles_localised_description_derpy_chd_ex_dwf_offering_derpy_brass	The iron goes to the Guild's forges and comes back as plate, correctly, and a little late.	false
effect_bundles_localised_title_derpy_chd_ex_dwf_offering_derpy_brimstone	Offered to Grungni: Brimstone	false
effect_bundles_localised_description_derpy_chd_ex_dwf_offering_derpy_brimstone	The runesmiths take the black glass, and something in the deep workings runs stronger.	false
effect_bundles_localised_title_derpy_chd_ex_dwf_offering_derpy_carpets	Offered to Grungni: Arabyan Carpets	false
effect_bundles_localised_description_derpy_chd_ex_dwf_offering_derpy_carpets	A hold in good standing with the Guild is a hold whose caravans are not weighed twice.	false
effect_bundles_localised_title_derpy_chd_ex_dwf_offering_derpy_coal	Offered to Grungni: Coal	false
effect_bundles_localised_description_derpy_chd_ex_dwf_offering_derpy_coal	Stone pledged to the hold is stone the hold does not buy, and the masons revise their figures downward, once.	false
effect_bundles_localised_title_derpy_chd_ex_dwf_offering_derpy_dragon_bone	Offered to Grungni: Dragon Bone	false
effect_bundles_localised_description_derpy_chd_ex_dwf_offering_derpy_dragon_bone	Melted idols pay the sort of Dwarf who travels alone and reports back in person.	false
effect_bundles_localised_title_derpy_chd_ex_dwf_offering_derpy_feathers	Offered to Grungni: Griffon and Pegasus Feathers	false
effect_bundles_localised_description_derpy_chd_ex_dwf_offering_derpy_feathers	Furs for the high passes, and the throng marches further before it stops to complain.	false
effect_bundles_localised_title_derpy_chd_ex_dwf_offering_derpy_glassware	Offered to Grungni: Glassware	false
effect_bundles_localised_description_derpy_chd_ex_dwf_offering_derpy_glassware	A hold in good standing with the Guild is a hold whose caravans are not weighed twice.	false
effect_bundles_localised_title_derpy_chd_ex_dwf_offering_derpy_grain	Offered to Grungni: Grain	false
effect_bundles_localised_description_derpy_chd_ex_dwf_offering_derpy_grain	Salt and medicine reach the throng, and the throng comes back up to strength.	false
effect_bundles_localised_title_derpy_chd_ex_dwf_offering_derpy_gromril	Offered to Grungni: Gromril	false
effect_bundles_localised_description_derpy_chd_ex_dwf_offering_derpy_gromril	The iron goes to the Guild's forges and comes back as plate, correctly, and a little late.	false
effect_bundles_localised_title_derpy_chd_ex_dwf_offering_derpy_incense	Offered to Grungni: Incense	false
effect_bundles_localised_description_derpy_chd_ex_dwf_offering_derpy_incense	The runesmiths take the black glass, and something in the deep workings runs stronger.	false
effect_bundles_localised_title_derpy_chd_ex_dwf_offering_derpy_ithilmar	Offered to Grungni: Ithilmar	false
effect_bundles_localised_description_derpy_chd_ex_dwf_offering_derpy_ithilmar	The iron goes to the Guild's forges and comes back as plate, correctly, and a little late.	false
effect_bundles_localised_title_derpy_chd_ex_dwf_offering_derpy_jade	Offered to Grungni: Jade	false
effect_bundles_localised_description_derpy_chd_ex_dwf_offering_derpy_jade	A hold in good standing with the Guild is a hold whose caravans are not weighed twice.	false
effect_bundles_localised_title_derpy_chd_ex_dwf_offering_derpy_kvas	Offered to Grungni: Kvas	false
effect_bundles_localised_description_derpy_chd_ex_dwf_offering_derpy_kvas	The barrels go round the galleries and the grumbling drops to its usual level.	false
effect_bundles_localised_title_derpy_chd_ex_dwf_offering_derpy_lustrian_plumes	Offered to Grungni: Lustrian Plumes	false
effect_bundles_localised_description_derpy_chd_ex_dwf_offering_derpy_lustrian_plumes	A hold in good standing with the Guild is a hold whose caravans are not weighed twice.	false
effect_bundles_localised_title_derpy_chd_ex_dwf_offering_derpy_mead	Offered to Grungni: Mead	false
effect_bundles_localised_description_derpy_chd_ex_dwf_offering_derpy_mead	The barrels go round the galleries and the grumbling drops to its usual level.	false
effect_bundles_localised_title_derpy_chd_ex_dwf_offering_derpy_olive_oil	Offered to Grungni: Olive Oil	false
effect_bundles_localised_description_derpy_chd_ex_dwf_offering_derpy_olive_oil	The barrels go round the galleries and the grumbling drops to its usual level.	false
effect_bundles_localised_title_derpy_chd_ex_dwf_offering_derpy_pearls	Offered to Grungni: Pearls	false
effect_bundles_localised_description_derpy_chd_ex_dwf_offering_derpy_pearls	A hold in good standing with the Guild is a hold whose caravans are not weighed twice.	false
effect_bundles_localised_title_derpy_chd_ex_dwf_offering_derpy_pipeweed	Offered to Grungni: Pipeweed	false
effect_bundles_localised_description_derpy_chd_ex_dwf_offering_derpy_pipeweed	The barrels go round the galleries and the grumbling drops to its usual level.	false
effect_bundles_localised_title_derpy_chd_ex_dwf_offering_derpy_porcelain	Offered to Grungni: Porcelain	false
effect_bundles_localised_description_derpy_chd_ex_dwf_offering_derpy_porcelain	A hold in good standing with the Guild is a hold whose caravans are not weighed twice.	false
effect_bundles_localised_title_derpy_chd_ex_dwf_offering_derpy_quicksilver	Offered to Grungni: Quicksilver	false
effect_bundles_localised_description_derpy_chd_ex_dwf_offering_derpy_quicksilver	The apprentices get the tusk and the engineers get three ideas out of what is left.	false
effect_bundles_localised_title_derpy_chd_ex_dwf_offering_derpy_rhinox_hides	Offered to Grungni: Rhinox Hides	false
effect_bundles_localised_description_derpy_chd_ex_dwf_offering_derpy_rhinox_hides	The iron goes to the Guild's forges and comes back as plate, correctly, and a little late.	false
effect_bundles_localised_title_derpy_chd_ex_dwf_offering_derpy_rum	Offered to Grungni: Rum	false
effect_bundles_localised_description_derpy_chd_ex_dwf_offering_derpy_rum	The barrels go round the galleries and the grumbling drops to its usual level.	false
effect_bundles_localised_title_derpy_chd_ex_dwf_offering_derpy_salted_fish	Offered to Grungni: Salted Fish	false
effect_bundles_localised_description_derpy_chd_ex_dwf_offering_derpy_salted_fish	Salt and medicine reach the throng, and the throng comes back up to strength.	false
effect_bundles_localised_title_derpy_chd_ex_dwf_offering_derpy_salted_meat	Offered to Grungni: Salted Meat	false
effect_bundles_localised_description_derpy_chd_ex_dwf_offering_derpy_salted_meat	Salt and medicine reach the throng, and the throng comes back up to strength.	false
effect_bundles_localised_title_derpy_chd_ex_dwf_offering_derpy_sea_dragon_hide	Offered to Grungni: Sea Dragon Hide	false
effect_bundles_localised_description_derpy_chd_ex_dwf_offering_derpy_sea_dragon_hide	The iron goes to the Guild's forges and comes back as plate, correctly, and a little late.	false
effect_bundles_localised_title_derpy_chd_ex_dwf_offering_derpy_silk	Offered to Grungni: Silk	false
effect_bundles_localised_description_derpy_chd_ex_dwf_offering_derpy_silk	A hold in good standing with the Guild is a hold whose caravans are not weighed twice.	false
effect_bundles_localised_title_derpy_chd_ex_dwf_offering_derpy_silver	Offered to Grungni: Silver	false
effect_bundles_localised_description_derpy_chd_ex_dwf_offering_derpy_silver	A hold in good standing with the Guild is a hold whose caravans are not weighed twice.	false
effect_bundles_localised_title_derpy_chd_ex_dwf_offering_derpy_starwood	Offered to Grungni: Starwood	false
effect_bundles_localised_description_derpy_chd_ex_dwf_offering_derpy_starwood	The runesmiths take the black glass, and something in the deep workings runs stronger.	false
effect_bundles_localised_title_derpy_chd_ex_dwf_offering_derpy_tea	Offered to Grungni: Tea	false
effect_bundles_localised_description_derpy_chd_ex_dwf_offering_derpy_tea	The barrels go round the galleries and the grumbling drops to its usual level.	false
effect_bundles_localised_title_derpy_chd_ex_dwf_offering_derpy_warhorses	Offered to Grungni: Warhorses	false
effect_bundles_localised_description_derpy_chd_ex_dwf_offering_derpy_warhorses	Furs for the high passes, and the throng marches further before it stops to complain.	false
effect_bundles_localised_title_derpy_chd_ex_dwf_offering_derpy_whale_oil	Offered to Grungni: Whale Oil	false
effect_bundles_localised_description_derpy_chd_ex_dwf_offering_derpy_whale_oil	The barrels go round the galleries and the grumbling drops to its usual level.	false
effect_bundles_localised_title_derpy_chd_ex_dwf_offering_derpy_wool	Offered to Grungni: Wool	false
effect_bundles_localised_description_derpy_chd_ex_dwf_offering_derpy_wool	Furs for the high passes, and the throng marches further before it stops to complain.	false
effect_bundles_localised_title_derpy_chd_ex_dwf_offering_derpy_wyvern_scales	Offered to Grungni: Wyvern Scales	false
effect_bundles_localised_description_derpy_chd_ex_dwf_offering_derpy_wyvern_scales	The iron goes to the Guild's forges and comes back as plate, correctly, and a little late.	false
effect_bundles_localised_title_derpy_chd_ex_dwf_offering_dyes	Offered to Grungni: Dyes	false
effect_bundles_localised_description_derpy_chd_ex_dwf_offering_dyes	A hold in good standing with the Guild is a hold whose caravans are not weighed twice.	false
effect_bundles_localised_title_derpy_chd_ex_dwf_offering_gems	Offered to Grungni: Gemstones	false
effect_bundles_localised_description_derpy_chd_ex_dwf_offering_gems	A hold in good standing with the Guild is a hold whose caravans are not weighed twice.	false
effect_bundles_localised_title_derpy_chd_ex_dwf_offering_gold_idols	Offered to Grungni: Golden Idols	false
effect_bundles_localised_description_derpy_chd_ex_dwf_offering_gold_idols	Melted idols pay the sort of Dwarf who travels alone and reports back in person.	false
effect_bundles_localised_title_derpy_chd_ex_dwf_offering_ivory	Offered to Grungni: Tusks	false
effect_bundles_localised_description_derpy_chd_ex_dwf_offering_ivory	The apprentices get the tusk and the engineers get three ideas out of what is left.	false
effect_bundles_localised_title_derpy_chd_ex_dwf_offering_medicine	Offered to Grungni: Medicinal Plants	false
effect_bundles_localised_description_derpy_chd_ex_dwf_offering_medicine	Salt and medicine reach the throng, and the throng comes back up to strength.	false
effect_bundles_localised_title_derpy_chd_ex_dwf_offering_obsidian	Offered to Grungni: Carved Obsidian	false
effect_bundles_localised_description_derpy_chd_ex_dwf_offering_obsidian	The runesmiths take the black glass, and something in the deep workings runs stronger.	false
effect_bundles_localised_title_derpy_chd_ex_dwf_offering_rom_furs	Offered to Grungni: Furs	false
effect_bundles_localised_description_derpy_chd_ex_dwf_offering_rom_furs	Furs for the high passes, and the throng marches further before it stops to complain.	false
effect_bundles_localised_title_derpy_chd_ex_dwf_offering_rom_glass	Offered to Grungni: Dwarf Beer	false
effect_bundles_localised_description_derpy_chd_ex_dwf_offering_rom_glass	The barrels go round the galleries and the grumbling drops to its usual level.	false
effect_bundles_localised_title_derpy_chd_ex_dwf_offering_rom_iron	Offered to Grungni: Iron	false
effect_bundles_localised_description_derpy_chd_ex_dwf_offering_rom_iron	The iron goes to the Guild's forges and comes back as plate, correctly, and a little late.	false
effect_bundles_localised_title_derpy_chd_ex_dwf_offering_rom_lead	Offered to Grungni: Salt	false
effect_bundles_localised_description_derpy_chd_ex_dwf_offering_rom_lead	Salt and medicine reach the throng, and the throng comes back up to strength.	false
effect_bundles_localised_title_derpy_chd_ex_dwf_offering_rom_marble	Offered to Grungni: Marble	false
effect_bundles_localised_description_derpy_chd_ex_dwf_offering_rom_marble	Stone pledged to the hold is stone the hold does not buy, and the masons revise their figures downward, once.	false
effect_bundles_localised_title_derpy_chd_ex_dwf_offering_rom_textiles	Offered to Grungni: Pottery	false
effect_bundles_localised_description_derpy_chd_ex_dwf_offering_rom_textiles	Goods pledged up front buy a muster at last decade's rate, which the Guild considers generous.	false
effect_bundles_localised_title_derpy_chd_ex_dwf_offering_rom_timber	Offered to Grungni: Timber	false
effect_bundles_localised_description_derpy_chd_ex_dwf_offering_rom_timber	Stone pledged to the hold is stone the hold does not buy, and the masons revise their figures downward, once.	false
effect_bundles_localised_title_derpy_chd_ex_dwf_offering_rom_wine	Offered to Grungni: Wine	false
effect_bundles_localised_description_derpy_chd_ex_dwf_offering_rom_wine	The barrels go round the galleries and the grumbling drops to its usual level.	false
effect_bundles_localised_title_derpy_chd_ex_dwf_offering_spices	Offered to Grungni: Spices	false
effect_bundles_localised_description_derpy_chd_ex_dwf_offering_spices	The barrels go round the galleries and the grumbling drops to its usual level.	false
effect_bundles_localised_title_derpy_chd_ex_dwf_offering_trinkets	Offered to Grungni: Elven Trinkets	false
effect_bundles_localised_description_derpy_chd_ex_dwf_offering_trinkets	A hold in good standing with the Guild is a hold whose caravans are not weighed twice.	false
effect_bundles_localised_title_derpy_chd_ex_dwf_ancestors_pleased	The Book is Balanced	false
effect_bundles_localised_description_derpy_chd_ex_dwf_ancestors_pleased	The due was paid in full and on the day named. The entry has been struck through, which is as close to praise as the Book allows.	false
effect_bundles_localised_title_derpy_chd_ex_dwf_ancestors_wrath	A Grudge Recorded	false
effect_bundles_localised_description_derpy_chd_ex_dwf_ancestors_wrath	The due was not paid and the failure was written down. Nothing was said about it, which is worse, and the Book is read aloud once a generation.	false
effect_bundles_localised_title_derpy_chd_ex_emp_offering_animals	Tithe to Sigmar: Exotic Animals	false
effect_bundles_localised_description_derpy_chd_ex_emp_offering_animals	The feast is given to the poor and the province is quiet.	false
effect_bundles_localised_title_derpy_chd_ex_emp_offering_derpy_amber	Tithe to Sigmar: Amber	false
effect_bundles_localised_description_derpy_chd_ex_emp_offering_derpy_amber	A generous house is a trusted house, and trusted houses are charged less.	false
effect_bundles_localised_title_derpy_chd_ex_emp_offering_derpy_black_lotus	Tithe to Sigmar: Black Lotus	false
effect_bundles_localised_description_derpy_chd_ex_emp_offering_derpy_black_lotus	Melted idols pay for men willing to travel and ask questions.	false
effect_bundles_localised_title_derpy_chd_ex_emp_offering_derpy_blackpowder	Tithe to Sigmar: Blackpowder	false
effect_bundles_localised_description_derpy_chd_ex_emp_offering_derpy_blackpowder	A pious lord recruits cheaper than a rich one.	false
effect_bundles_localised_title_derpy_chd_ex_emp_offering_derpy_books	Tithe to Sigmar: Books	false
effect_bundles_localised_description_derpy_chd_ex_emp_offering_derpy_books	Rare goods reach the colleges, and the colleges write something down.	false
effect_bundles_localised_title_derpy_chd_ex_emp_offering_derpy_brass	Tithe to Sigmar: Brass	false
effect_bundles_localised_description_derpy_chd_ex_emp_offering_derpy_brass	Sigmar takes the iron and every plate in the host is blessed at the anvil.	false
effect_bundles_localised_title_derpy_chd_ex_emp_offering_derpy_brimstone	Tithe to Sigmar: Brimstone	false
effect_bundles_localised_description_derpy_chd_ex_emp_offering_derpy_brimstone	Burnt offerings open the Celestial College's sight.	false
effect_bundles_localised_title_derpy_chd_ex_emp_offering_derpy_carpets	Tithe to Sigmar: Arabyan Carpets	false
effect_bundles_localised_description_derpy_chd_ex_emp_offering_derpy_carpets	A generous house is a trusted house, and trusted houses are charged less.	false
effect_bundles_localised_title_derpy_chd_ex_emp_offering_derpy_coal	Tithe to Sigmar: Coal	false
effect_bundles_localised_description_derpy_chd_ex_emp_offering_derpy_coal	Timber and stone given to the Temple; the masons work for alms.	false
effect_bundles_localised_title_derpy_chd_ex_emp_offering_derpy_dragon_bone	Tithe to Sigmar: Dragon Bone	false
effect_bundles_localised_description_derpy_chd_ex_emp_offering_derpy_dragon_bone	Melted idols pay for men willing to travel and ask questions.	false
effect_bundles_localised_title_derpy_chd_ex_emp_offering_derpy_feathers	Tithe to Sigmar: Griffon and Pegasus Feathers	false
effect_bundles_localised_description_derpy_chd_ex_emp_offering_derpy_feathers	Cloaks for the column, and the roads pass quicker.	false
effect_bundles_localised_title_derpy_chd_ex_emp_offering_derpy_glassware	Tithe to Sigmar: Glassware	false
effect_bundles_localised_description_derpy_chd_ex_emp_offering_derpy_glassware	A generous house is a trusted house, and trusted houses are charged less.	false
effect_bundles_localised_title_derpy_chd_ex_emp_offering_derpy_grain	Tithe to Sigmar: Grain	false
effect_bundles_localised_description_derpy_chd_ex_emp_offering_derpy_grain	The Temple blesses the muster and the regiments fill again.	false
effect_bundles_localised_title_derpy_chd_ex_emp_offering_derpy_gromril	Tithe to Sigmar: Gromril	false
effect_bundles_localised_description_derpy_chd_ex_emp_offering_derpy_gromril	Sigmar takes the iron and every plate in the host is blessed at the anvil.	false
effect_bundles_localised_title_derpy_chd_ex_emp_offering_derpy_incense	Tithe to Sigmar: Incense	false
effect_bundles_localised_description_derpy_chd_ex_emp_offering_derpy_incense	Burnt offerings open the Celestial College's sight.	false
effect_bundles_localised_title_derpy_chd_ex_emp_offering_derpy_ithilmar	Tithe to Sigmar: Ithilmar	false
effect_bundles_localised_description_derpy_chd_ex_emp_offering_derpy_ithilmar	Sigmar takes the iron and every plate in the host is blessed at the anvil.	false
effect_bundles_localised_title_derpy_chd_ex_emp_offering_derpy_jade	Tithe to Sigmar: Jade	false
effect_bundles_localised_description_derpy_chd_ex_emp_offering_derpy_jade	A generous house is a trusted house, and trusted houses are charged less.	false
effect_bundles_localised_title_derpy_chd_ex_emp_offering_derpy_kvas	Tithe to Sigmar: Kvas	false
effect_bundles_localised_description_derpy_chd_ex_emp_offering_derpy_kvas	The feast is given to the poor and the province is quiet.	false
effect_bundles_localised_title_derpy_chd_ex_emp_offering_derpy_lustrian_plumes	Tithe to Sigmar: Lustrian Plumes	false
effect_bundles_localised_description_derpy_chd_ex_emp_offering_derpy_lustrian_plumes	A generous house is a trusted house, and trusted houses are charged less.	false
effect_bundles_localised_title_derpy_chd_ex_emp_offering_derpy_mead	Tithe to Sigmar: Mead	false
effect_bundles_localised_description_derpy_chd_ex_emp_offering_derpy_mead	The feast is given to the poor and the province is quiet.	false
effect_bundles_localised_title_derpy_chd_ex_emp_offering_derpy_olive_oil	Tithe to Sigmar: Olive Oil	false
effect_bundles_localised_description_derpy_chd_ex_emp_offering_derpy_olive_oil	The feast is given to the poor and the province is quiet.	false
effect_bundles_localised_title_derpy_chd_ex_emp_offering_derpy_pearls	Tithe to Sigmar: Pearls	false
effect_bundles_localised_description_derpy_chd_ex_emp_offering_derpy_pearls	A generous house is a trusted house, and trusted houses are charged less.	false
effect_bundles_localised_title_derpy_chd_ex_emp_offering_derpy_pipeweed	Tithe to Sigmar: Pipeweed	false
effect_bundles_localised_description_derpy_chd_ex_emp_offering_derpy_pipeweed	The feast is given to the poor and the province is quiet.	false
effect_bundles_localised_title_derpy_chd_ex_emp_offering_derpy_porcelain	Tithe to Sigmar: Porcelain	false
effect_bundles_localised_description_derpy_chd_ex_emp_offering_derpy_porcelain	A generous house is a trusted house, and trusted houses are charged less.	false
effect_bundles_localised_title_derpy_chd_ex_emp_offering_derpy_quicksilver	Tithe to Sigmar: Quicksilver	false
effect_bundles_localised_description_derpy_chd_ex_emp_offering_derpy_quicksilver	Rare goods reach the colleges, and the colleges write something down.	false
effect_bundles_localised_title_derpy_chd_ex_emp_offering_derpy_rhinox_hides	Tithe to Sigmar: Rhinox Hides	false
effect_bundles_localised_description_derpy_chd_ex_emp_offering_derpy_rhinox_hides	Sigmar takes the iron and every plate in the host is blessed at the anvil.	false
effect_bundles_localised_title_derpy_chd_ex_emp_offering_derpy_rum	Tithe to Sigmar: Rum	false
effect_bundles_localised_description_derpy_chd_ex_emp_offering_derpy_rum	The feast is given to the poor and the province is quiet.	false
effect_bundles_localised_title_derpy_chd_ex_emp_offering_derpy_salted_fish	Tithe to Sigmar: Salted Fish	false
effect_bundles_localised_description_derpy_chd_ex_emp_offering_derpy_salted_fish	The Temple blesses the muster and the regiments fill again.	false
effect_bundles_localised_title_derpy_chd_ex_emp_offering_derpy_salted_meat	Tithe to Sigmar: Salted Meat	false
effect_bundles_localised_description_derpy_chd_ex_emp_offering_derpy_salted_meat	The Temple blesses the muster and the regiments fill again.	false
effect_bundles_localised_title_derpy_chd_ex_emp_offering_derpy_sea_dragon_hide	Tithe to Sigmar: Sea Dragon Hide	false
effect_bundles_localised_description_derpy_chd_ex_emp_offering_derpy_sea_dragon_hide	Sigmar takes the iron and every plate in the host is blessed at the anvil.	false
effect_bundles_localised_title_derpy_chd_ex_emp_offering_derpy_silk	Tithe to Sigmar: Silk	false
effect_bundles_localised_description_derpy_chd_ex_emp_offering_derpy_silk	A generous house is a trusted house, and trusted houses are charged less.	false
effect_bundles_localised_title_derpy_chd_ex_emp_offering_derpy_silver	Tithe to Sigmar: Silver	false
effect_bundles_localised_description_derpy_chd_ex_emp_offering_derpy_silver	A generous house is a trusted house, and trusted houses are charged less.	false
effect_bundles_localised_title_derpy_chd_ex_emp_offering_derpy_starwood	Tithe to Sigmar: Starwood	false
effect_bundles_localised_description_derpy_chd_ex_emp_offering_derpy_starwood	Burnt offerings open the Celestial College's sight.	false
effect_bundles_localised_title_derpy_chd_ex_emp_offering_derpy_tea	Tithe to Sigmar: Tea	false
effect_bundles_localised_description_derpy_chd_ex_emp_offering_derpy_tea	The feast is given to the poor and the province is quiet.	false
effect_bundles_localised_title_derpy_chd_ex_emp_offering_derpy_warhorses	Tithe to Sigmar: Warhorses	false
effect_bundles_localised_description_derpy_chd_ex_emp_offering_derpy_warhorses	Cloaks for the column, and the roads pass quicker.	false
effect_bundles_localised_title_derpy_chd_ex_emp_offering_derpy_whale_oil	Tithe to Sigmar: Whale Oil	false
effect_bundles_localised_description_derpy_chd_ex_emp_offering_derpy_whale_oil	The feast is given to the poor and the province is quiet.	false
effect_bundles_localised_title_derpy_chd_ex_emp_offering_derpy_wool	Tithe to Sigmar: Wool	false
effect_bundles_localised_description_derpy_chd_ex_emp_offering_derpy_wool	Cloaks for the column, and the roads pass quicker.	false
effect_bundles_localised_title_derpy_chd_ex_emp_offering_derpy_wyvern_scales	Tithe to Sigmar: Wyvern Scales	false
effect_bundles_localised_description_derpy_chd_ex_emp_offering_derpy_wyvern_scales	Sigmar takes the iron and every plate in the host is blessed at the anvil.	false
effect_bundles_localised_title_derpy_chd_ex_emp_offering_dyes	Tithe to Sigmar: Dyes	false
effect_bundles_localised_description_derpy_chd_ex_emp_offering_dyes	A generous house is a trusted house, and trusted houses are charged less.	false
effect_bundles_localised_title_derpy_chd_ex_emp_offering_gems	Tithe to Sigmar: Gemstones	false
effect_bundles_localised_description_derpy_chd_ex_emp_offering_gems	A generous house is a trusted house, and trusted houses are charged less.	false
effect_bundles_localised_title_derpy_chd_ex_emp_offering_gold_idols	Tithe to Sigmar: Golden Idols	false
effect_bundles_localised_description_derpy_chd_ex_emp_offering_gold_idols	Melted idols pay for men willing to travel and ask questions.	false
effect_bundles_localised_title_derpy_chd_ex_emp_offering_ivory	Tithe to Sigmar: Tusks	false
effect_bundles_localised_description_derpy_chd_ex_emp_offering_ivory	Rare goods reach the colleges, and the colleges write something down.	false
effect_bundles_localised_title_derpy_chd_ex_emp_offering_medicine	Tithe to Sigmar: Medicinal Plants	false
effect_bundles_localised_description_derpy_chd_ex_emp_offering_medicine	The Temple blesses the muster and the regiments fill again.	false
effect_bundles_localised_title_derpy_chd_ex_emp_offering_obsidian	Tithe to Sigmar: Carved Obsidian	false
effect_bundles_localised_description_derpy_chd_ex_emp_offering_obsidian	Burnt offerings open the Celestial College's sight.	false
effect_bundles_localised_title_derpy_chd_ex_emp_offering_rom_furs	Tithe to Sigmar: Furs	false
effect_bundles_localised_description_derpy_chd_ex_emp_offering_rom_furs	Cloaks for the column, and the roads pass quicker.	false
effect_bundles_localised_title_derpy_chd_ex_emp_offering_rom_glass	Tithe to Sigmar: Dwarf Beer	false
effect_bundles_localised_description_derpy_chd_ex_emp_offering_rom_glass	The feast is given to the poor and the province is quiet.	false
effect_bundles_localised_title_derpy_chd_ex_emp_offering_rom_iron	Tithe to Sigmar: Iron	false
effect_bundles_localised_description_derpy_chd_ex_emp_offering_rom_iron	Sigmar takes the iron and every plate in the host is blessed at the anvil.	false
effect_bundles_localised_title_derpy_chd_ex_emp_offering_rom_lead	Tithe to Sigmar: Salt	false
effect_bundles_localised_description_derpy_chd_ex_emp_offering_rom_lead	The Temple blesses the muster and the regiments fill again.	false
effect_bundles_localised_title_derpy_chd_ex_emp_offering_rom_marble	Tithe to Sigmar: Marble	false
effect_bundles_localised_description_derpy_chd_ex_emp_offering_rom_marble	Timber and stone given to the Temple; the masons work for alms.	false
effect_bundles_localised_title_derpy_chd_ex_emp_offering_rom_textiles	Tithe to Sigmar: Pottery	false
effect_bundles_localised_description_derpy_chd_ex_emp_offering_rom_textiles	A pious lord recruits cheaper than a rich one.	false
effect_bundles_localised_title_derpy_chd_ex_emp_offering_rom_timber	Tithe to Sigmar: Timber	false
effect_bundles_localised_description_derpy_chd_ex_emp_offering_rom_timber	Timber and stone given to the Temple; the masons work for alms.	false
effect_bundles_localised_title_derpy_chd_ex_emp_offering_rom_wine	Tithe to Sigmar: Wine	false
effect_bundles_localised_description_derpy_chd_ex_emp_offering_rom_wine	The feast is given to the poor and the province is quiet.	false
effect_bundles_localised_title_derpy_chd_ex_emp_offering_spices	Tithe to Sigmar: Spices	false
effect_bundles_localised_description_derpy_chd_ex_emp_offering_spices	The feast is given to the poor and the province is quiet.	false
effect_bundles_localised_title_derpy_chd_ex_emp_offering_trinkets	Tithe to Sigmar: Elven Trinkets	false
effect_bundles_localised_description_derpy_chd_ex_emp_offering_trinkets	A generous house is a trusted house, and trusted houses are charged less.	false
effect_bundles_localised_title_derpy_chd_ex_emp_sigmar_pleased	The Temple is Satisfied	false
effect_bundles_localised_description_derpy_chd_ex_emp_sigmar_pleased	The tithe was paid in full and on the day it was asked. The Temple says so from the pulpit too.	false
effect_bundles_localised_title_derpy_chd_ex_emp_sigmar_wrath	The Temple's Displeasure	false
effect_bundles_localised_description_derpy_chd_ex_emp_sigmar_wrath	The plate went round and came back empty, and the priests said so from the pulpit. Word travels faster than any order you can give.	false
